Code Domaine,Domaine,Code zone (M49),Zone,Code Élément,Élément,Code Produit (FBS),Produit,Code année,Année,Unité,Valeur,Symbole,Description du Symbole,Note
"FBS","Bilans Alimentaires (2010-)","004","Afghanistan","5511","Production","S2734","Viande de Volailles","2023","2023","1000 t","29","I","Valeur imputée par une agence réceptrice",""
"FBS","Bilans Alimentaires (2010-)","004","Afghanistan","5611","Importations - quantité","S2734","Viande de Volailles","2023","2023","1000 t","5","I","Valeur imputée par une agence réceptrice",""
"FBS","Bilans Alimentaires (2010-)","004","Afghanistan","5301","Disponibilité intérieure","S2734","Viande de Volailles","2023","2023","1000 t","34","I","Valeur imputée par une agence réceptrice",""
"FBS","Bilans Alimentaires (2010-)","004","Afghanistan","5142","Nourriture","S2734","Viande de Volailles","2023","2023","1000 t","34","I","Valeur imputée par une agence réceptrice",""
"FBS","Bilans Alimentaires (2010-)","004","Afghanistan","661","Disponibilité alimentaire (Kcal)","S2734","Viande de Volailles","2023","2023","millions de kcal","46541.5","I","Valeur imputée par une agence réceptrice",""
"FBS","Bilans Alimentaires (2010-)","710","Afrique du Sud","5511","Production","S2734","Viande de Volailles","2023","2023","1000 t","1867","I","Valeur imputée par une agence réceptrice",""
"FBS","Bilans Alimentaires (2010-)","710","Afrique du Sud","5611","Importations - quantité","S2734","Viande de Volailles","2023","2023","1000 t","329","I","Valeur imputée par une agence réceptrice",""
"FBS","Bilans Alimentaires (2010-)","710","Afrique du Sud","5301","Disponibilité intérieure","S2734","Viande de Volailles","2023","2023","1000 t","2146","I","Valeur imputée par une agence réceptrice",""
"FBS","Bilans Alimentaires (2010-)","710","Afrique du Sud","5142","Nourriture","S2734","Viande de Volailles","2023","2023","1000 t","2146","I","Valeur imputée par une agence réceptrice",""
"FBS","Bilans Alimentaires (2010-)","710","Afrique du Sud","661","Disponibilité alimentaire (Kcal)","S2734","Viande de Volailles","2023","2023","millions de kcal","2953439.65","I","Valeur imputée par une agence réceptrice",""
"FBS","Bilans Alimentaires (2010-)","008","Albanie","5511","Production","S2734","Viande de Volailles","2023","2023","1000 t","18","I","Valeur imputée par une agence réceptrice",""
"FBS","Bilans Alimentaires (2010-)","008","Albanie","5611","Importations - quantité","S2734","Viande de Volailles","2023","2023","1000 t","52","I","Valeur imputée par une agence réceptrice",""
"FBS","Bilans Alimentaires (2010-)","008","Albanie","5301","Disponibilité intérieure","S2734","Viande de Volailles","2023","2023","1000 t","70","I","Valeur imputée par une agence réceptrice",""
"FBS","Bilans Alimentaires (2010-)","008","Albanie","5142","Nourriture","S2734","Viande de Volailles","2023","2023","1000 t","70","I","Valeur imputée par une agence réceptrice",""
"FBS","Bilans Alimentaires (2010-)","008","Albanie","661","Disponibilité alimentaire (Kcal)","S2734","Viande de Volailles","2023","2023","millions de kcal","96598.35","I","Valeur imputée par une agence réceptrice",""
"FBS","Bilans Alimentaires (2010-)","012","Algérie","5511","Production","S2734","Viande de Volailles","2023","2023","1000 t","458","I","Valeur imputée par une agence réceptrice",""
"FBS","Bilans Alimentaires (2010-)","012","Algérie","5611","Importations - quantité","S2734","Viande de Volailles","2023","2023","1000 t","0","I","Valeur imputée par une agence réceptrice",""
"FBS","Bilans Alimentaires (2010-)","012","Algérie","5301","Disponibilité intérieure","S2734","Viande de Volailles","2023","2023","1000 t","456","I","Valeur imputée par une agence réceptrice",""
"FBS","Bilans Alimentaires (2010-)","012","Algérie","5142","Nourriture","S2734","Viande de Volailles","2023","2023","1000 t","456","I","Valeur imputée par une agence réceptrice",""
"FBS","Bilans Alimentaires (2010-)","012","Algérie","661","Disponibilité alimentaire (Kcal)","S2734","Viande de Volailles","2023","2023","millions de kcal","620961.39","I","Valeur imputée par une agence réceptrice",""
"FBS","Bilans Alimentaires (2010-)","276","Allemagne","5511","Production","S2734","Viande de Volailles","2023","2023","1000 t","1531","I","Valeur imputée par une agence réceptrice",""
"FBS","Bilans Alimentaires (2010-)","276","Allemagne","5611","Importations - quantité","S2734","Viande de Volailles","2023","2023","1000 t","777","I","Valeur imputée par une agence réceptrice",""
"FBS","Bilans Alimentaires (2010-)","276","Allemagne","5301","Disponibilité intérieure","S2734","Viande de Volailles","2023","2023","1000 t","1508","I","Valeur imputée par une agence réceptrice",""
"FBS","Bilans Alimentaires (2010-)","276","Allemagne","5142","Nourriture","S2734","Viande de Volailles","2023","2023","1000 t","1418","I","Valeur imputée par une agence réceptrice",""
"FBS","Bilans Alimentaires (2010-)","276","Allemagne","661","Disponibilité alimentaire (Kcal)","S2734","Viande de Volailles","2023","2023","millions de kcal","1904643.25","I","Valeur imputée par une agence réceptrice",""
"FBS","Bilans Alimentaires (2010-)","024","Angola","5511","Production","S2734","Viande de Volailles","2023","2023","1000 t","60","I","Valeur imputée par une agence réceptrice",""
"FBS","Bilans Alimentaires (2010-)","024","Angola","5611","Importations - quantité","S2734","Viande de Volailles","2023","2023","1000 t","212","I","Valeur imputée par une agence réceptrice",""
"FBS","Bilans Alimentaires (2010-)","024","Angola","5301","Disponibilité intérieure","S2734","Viande de Volailles","2023","2023","1000 t","272","I","Valeur imputée par une agence réceptrice",""
"FBS","Bilans Alimentaires (2010-)","024","Angola","5142","Nourriture","S2734","Viande de Volailles","2023","2023","1000 t","272","I","Valeur imputée par une agence réceptrice",""
"FBS","Bilans Alimentaires (2010-)","024","Angola","661","Disponibilité alimentaire (Kcal)","S2734","Viande de Volailles","2023","2023","millions de kcal","374836.05","I","Valeur imputée par une agence réceptrice",""
"FBS","Bilans Alimentaires (2010-)","028","Antigua-et-Barbuda","5511","Production","S2734","Viande de Volailles","2023","2023","1000 t","0","I","Valeur imputée par une agence réceptrice",""
"FBS","Bilans Alimentaires (2010-)","028","Antigua-et-Barbuda","5611","Importations - quantité","S2734","Viande de Volailles","2023","2023","1000 t","7","I","Valeur imputée par une agence réceptrice",""
"FBS","Bilans Alimentaires (2010-)","028","Antigua-et-Barbuda","5301","Disponibilité intérieure","S2734","Viande de Volailles","2023","2023","1000 t","7","I","Valeur imputée par une agence réceptrice",""
"FBS","Bilans Alimentaires (2010-)","028","Antigua-et-Barbuda","5142","Nourriture","S2734","Viande de Volailles","2023","2023","1000 t","6","I","Valeur imputée par une agence réceptrice",""
"FBS","Bilans Alimentaires (2010-)","028","Antigua-et-Barbuda","661","Disponibilité alimentaire (Kcal)","S2734","Viande de Volailles","2023","2023","millions de kcal","8736.2","I","Valeur imputée par une agence réceptrice",""
"FBS","Bilans Alimentaires (2010-)","682","Arabie saoudite","5511","Production","S2734","Viande de Volailles","2023","2023","1000 t","1050","I","Valeur imputée par une agence réceptrice",""
"FBS","Bilans Alimentaires (2010-)","682","Arabie saoudite","5611","Importations - quantité","S2734","Viande de Volailles","2023","2023","1000 t","450","I","Valeur imputée par une agence réceptrice",""
"FBS","Bilans Alimentaires (2010-)","682","Arabie saoudite","5301","Disponibilité intérieure","S2734","Viande de Volailles","2023","2023","1000 t","1428","I","Valeur imputée par une agence réceptrice",""
"FBS","Bilans Alimentaires (2010-)","682","Arabie saoudite","5142","Nourriture","S2734","Viande de Volailles","2023","2023","1000 t","1428","I","Valeur imputée par une agence réceptrice",""
"FBS","Bilans Alimentaires (2010-)","682","Arabie saoudite","661","Disponibilité alimentaire (Kcal)","S2734","Viande de Volailles","2023","2023","millions de kcal","1972089.25","I","Valeur imputée par une agence réceptrice",""
"FBS","Bilans Alimentaires (2010-)","032","Argentine","5511","Production","S2734","Viande de Volailles","2023","2023","1000 t","2329","I","Valeur imputée par une agence réceptrice",""
"FBS","Bilans Alimentaires (2010-)","032","Argentine","5611","Importations - quantité","S2734","Viande de Volailles","2023","2023","1000 t","6","I","Valeur imputée par une agence réceptrice",""
"FBS","Bilans Alimentaires (2010-)","032","Argentine","5301","Disponibilité intérieure","S2734","Viande de Volailles","2023","2023","1000 t","2128","I","Valeur imputée par une agence réceptrice",""
"FBS","Bilans Alimentaires (2010-)","032","Argentine","5142","Nourriture","S2734","Viande de Volailles","2023","2023","1000 t","2128","I","Valeur imputée par une agence réceptrice",""
"FBS","Bilans Alimentaires (2010-)","032","Argentine","661","Disponibilité alimentaire (Kcal)","S2734","Viande de Volailles","2023","2023","millions de kcal","2931312.04","I","Valeur imputée par une agence réceptrice",""
"FBS","Bilans Alimentaires (2010-)","051","Arménie","5511","Production","S2734","Viande de Volailles","2023","2023","1000 t","14","I","Valeur imputée par une agence réceptrice",""
"FBS","Bilans Alimentaires (2010-)","051","Arménie","5611","Importations - quantité","S2734","Viande de Volailles","2023","2023","1000 t","40","I","Valeur imputée par une agence réceptrice",""
"FBS","Bilans Alimentaires (2010-)","051","Arménie","5301","Disponibilité intérieure","S2734","Viande de Volailles","2023","2023","1000 t","53","I","Valeur imputée par une agence réceptrice",""
"FBS","Bilans Alimentaires (2010-)","051","Arménie","5142","Nourriture","S2734","Viande de Volailles","2023","2023","1000 t","53","I","Valeur imputée par une agence réceptrice",""
"FBS","Bilans Alimentaires (2010-)","051","Arménie","661","Disponibilité alimentaire (Kcal)","S2734","Viande de Volailles","2023","2023","millions de kcal","73481.85","I","Valeur imputée par une agence réceptrice",""
"FBS","Bilans Alimentaires (2010-)","036","Australie","5511","Production","S2734","Viande de Volailles","2023","2023","1000 t","1463","I","Valeur imputée par une agence réceptrice",""
"FBS","Bilans Alimentaires (2010-)","036","Australie","5611","Importations - quantité","S2734","Viande de Volailles","2023","2023","1000 t","5","I","Valeur imputée par une agence réceptrice",""
"FBS","Bilans Alimentaires (2010-)","036","Australie","5301","Disponibilité intérieure","S2734","Viande de Volailles","2023","2023","1000 t","1405","I","Valeur imputée par une agence réceptrice",""
"FBS","Bilans Alimentaires (2010-)","036","Australie","5142","Nourriture","S2734","Viande de Volailles","2023","2023","1000 t","1405","I","Valeur imputée par une agence réceptrice",""
"FBS","Bilans Alimentaires (2010-)","036","Australie","661","Disponibilité alimentaire (Kcal)","S2734","Viande de Volailles","2023","2023","millions de kcal","1940286.76","I","Valeur imputée par une agence réceptrice",""
"FBS","Bilans Alimentaires (2010-)","040","Autriche","5511","Production","S2734","Viande de Volailles","2023","2023","1000 t","149","I","Valeur imputée par une agence réceptrice",""
"FBS","Bilans Alimentaires (2010-)","040","Autriche","5611","Importations - quantité","S2734","Viande de Volailles","2023","2023","1000 t","122","I","Valeur imputée par une agence réceptrice",""
"FBS","Bilans Alimentaires (2010-)","040","Autriche","5301","Disponibilité intérieure","S2734","Viande de Volailles","2023","2023","1000 t","178","I","Valeur imputée par une agence réceptrice",""
"FBS","Bilans Alimentaires (2010-)","040","Autriche","5142","Nourriture","S2734","Viande de Volailles","2023","2023","1000 t","160","I","Valeur imputée par une agence réceptrice",""
"FBS","Bilans Alimentaires (2010-)","040","Autriche","661","Disponibilité alimentaire (Kcal)","S2734","Viande de Volailles","2023","2023","millions de kcal","220442.36","I","Valeur imputée par une agence réceptrice",""
"FBS","Bilans Alimentaires (2010-)","031","Azerbaïdjan","5511","Production","S2734","Viande de Volailles","2023","2023","1000 t","138","I","Valeur imputée par une agence réceptrice",""
"FBS","Bilans Alimentaires (2010-)","031","Azerbaïdjan","5611","Importations - quantité","S2734","Viande de Volailles","2023","2023","1000 t","32","I","Valeur imputée par une agence réceptrice",""
"FBS","Bilans Alimentaires (2010-)","031","Azerbaïdjan","5301","Disponibilité intérieure","S2734","Viande de Volailles","2023","2023","1000 t","162","I","Valeur imputée par une agence réceptrice",""
"FBS","Bilans Alimentaires (2010-)","031","Azerbaïdjan","5142","Nourriture","S2734","Viande de Volailles","2023","2023","1000 t","162","I","Valeur imputée par une agence réceptrice",""
"FBS","Bilans Alimentaires (2010-)","031","Azerbaïdjan","661","Disponibilité alimentaire (Kcal)","S2734","Viande de Volailles","2023","2023","millions de kcal","222985.91","I","Valeur imputée par une agence réceptrice",""
"FBS","Bilans Alimentaires (2010-)","044","Bahamas","5511","Production","S2734","Viande de Volailles","2023","2023","1000 t","6","I","Valeur imputée par une agence réceptrice",""
"FBS","Bilans Alimentaires (2010-)","044","Bahamas","5611","Importations - quantité","S2734","Viande de Volailles","2023","2023","1000 t","22","I","Valeur imputée par une agence réceptrice",""
"FBS","Bilans Alimentaires (2010-)","044","Bahamas","5301","Disponibilité intérieure","S2734","Viande de Volailles","2023","2023","1000 t","28","I","Valeur imputée par une agence réceptrice",""
"FBS","Bilans Alimentaires (2010-)","044","Bahamas","5142","Nourriture","S2734","Viande de Volailles","2023","2023","1000 t","26","I","Valeur imputée par une agence réceptrice",""
"FBS","Bilans Alimentaires (2010-)","044","Bahamas","661","Disponibilité alimentaire (Kcal)","S2734","Viande de Volailles","2023","2023","millions de kcal","36625.23","I","Valeur imputée par une agence réceptrice",""
"FBS","Bilans Alimentaires (2010-)","048","Bahreïn","5511","Production","S2734","Viande de Volailles","2023","2023","1000 t","9","I","Valeur imputée par une agence réceptrice",""
"FBS","Bilans Alimentaires (2010-)","048","Bahreïn","5611","Importations - quantité","S2734","Viande de Volailles","2023","2023","1000 t","56","I","Valeur imputée par une agence réceptrice",""
"FBS","Bilans Alimentaires (2010-)","048","Bahreïn","5301","Disponibilité intérieure","S2734","Viande de Volailles","2023","2023","1000 t","63","I","Valeur imputée par une agence réceptrice",""
"FBS","Bilans Alimentaires (2010-)","048","Bahreïn","5142","Nourriture","S2734","Viande de Volailles","2023","2023","1000 t","62","I","Valeur imputée par une agence réceptrice",""
"FBS","Bilans Alimentaires (2010-)","048","Bahreïn","661","Disponibilité alimentaire (Kcal)","S2734","Viande de Volailles","2023","2023","millions de kcal","86517.33","I","Valeur imputée par une agence réceptrice",""
"FBS","Bilans Alimentaires (2010-)","050","Bangladesh","5511","Production","S2734","Viande de Volailles","2023","2023","1000 t","291","I","Valeur imputée par une agence réceptrice",""
"FBS","Bilans Alimentaires (2010-)","050","Bangladesh","5611","Importations - quantité","S2734","Viande de Volailles","2023","2023","1000 t","0","I","Valeur imputée par une agence réceptrice",""
"FBS","Bilans Alimentaires (2010-)","050","Bangladesh","5301","Disponibilité intérieure","S2734","Viande de Volailles","2023","2023","1000 t","291","I","Valeur imputée par une agence réceptrice",""
"FBS","Bilans Alimentaires (2010-)","050","Bangladesh","5142","Nourriture","S2734","Viande de Volailles","2023","2023","1000 t","291","I","Valeur imputée par une agence réceptrice",""
"FBS","Bilans Alimentaires (2010-)","050","Bangladesh","661","Disponibilité alimentaire (Kcal)","S2734","Viande de Volailles","2023","2023","millions de kcal","427727.26","I","Valeur imputée par une agence réceptrice",""
"FBS","Bilans Alimentaires (2010-)","052","Barbade","5511","Production","S2734","Viande de Volailles","2023","2023","1000 t","15","I","Valeur imputée par une agence réceptrice",""
"FBS","Bilans Alimentaires (2010-)","052","Barbade","5611","Importations - quantité","S2734","Viande de Volailles","2023","2023","1000 t","3","I","Valeur imputée par une agence réceptrice",""
"FBS","Bilans Alimentaires (2010-)","052","Barbade","5301","Disponibilité intérieure","S2734","Viande de Volailles","2023","2023","1000 t","18","I","Valeur imputée par une agence réceptrice",""
"FBS","Bilans Alimentaires (2010-)","052","Barbade","5142","Nourriture","S2734","Viande de Volailles","2023","2023","1000 t","14","I","Valeur imputée par une agence réceptrice",""
"FBS","Bilans Alimentaires (2010-)","052","Barbade","661","Disponibilité alimentaire (Kcal)","S2734","Viande de Volailles","2023","2023","millions de kcal","19176.16","I","Valeur imputée par une agence réceptrice",""
"FBS","Bilans Alimentaires (2010-)","112","Bélarus","5511","Production","S2734","Viande de Volailles","2023","2023","1000 t","484","I","Valeur imputée par une agence réceptrice",""
"FBS","Bilans Alimentaires (2010-)","112","Bélarus","5611","Importations - quantité","S2734","Viande de Volailles","2023","2023","1000 t","27","I","Valeur imputée par une agence réceptrice",""
"FBS","Bilans Alimentaires (2010-)","112","Bélarus","5301","Disponibilité intérieure","S2734","Viande de Volailles","2023","2023","1000 t","421","I","Valeur imputée par une agence réceptrice",""
"FBS","Bilans Alimentaires (2010-)","112","Bélarus","5142","Nourriture","S2734","Viande de Volailles","2023","2023","1000 t","419","I","Valeur imputée par une agence réceptrice",""
"FBS","Bilans Alimentaires (2010-)","112","Bélarus","661","Disponibilité alimentaire (Kcal)","S2734","Viande de Volailles","2023","2023","millions de kcal","580316.57","I","Valeur imputée par une agence réceptrice",""
"FBS","Bilans Alimentaires (2010-)","056","Belgique","5511","Production","S2734","Viande de Volailles","2023","2023","1000 t","428","I","Valeur imputée par une agence réceptrice",""
"FBS","Bilans Alimentaires (2010-)","056","Belgique","5611","Importations - quantité","S2734","Viande de Volailles","2023","2023","1000 t","285","I","Valeur imputée par une agence réceptrice",""
"FBS","Bilans Alimentaires (2010-)","056","Belgique","5301","Disponibilité intérieure","S2734","Viande de Volailles","2023","2023","1000 t","195","I","Valeur imputée par une agence réceptrice",""
"FBS","Bilans Alimentaires (2010-)","056","Belgique","5142","Nourriture","S2734","Viande de Volailles","2023","2023","1000 t","155","I","Valeur imputée par une agence réceptrice",""
"FBS","Bilans Alimentaires (2010-)","056","Belgique","661","Disponibilité alimentaire (Kcal)","S2734","Viande de Volailles","2023","2023","millions de kcal","209637.15","I","Valeur imputée par une agence réceptrice",""
"FBS","Bilans Alimentaires (2010-)","084","Belize","5511","Production","S2734","Viande de Volailles","2023","2023","1000 t","22","I","Valeur imputée par une agence réceptrice",""
"FBS","Bilans Alimentaires (2010-)","084","Belize","5611","Importations - quantité","S2734","Viande de Volailles","2023","2023","1000 t","0","I","Valeur imputée par une agence réceptrice",""
"FBS","Bilans Alimentaires (2010-)","084","Belize","5301","Disponibilité intérieure","S2734","Viande de Volailles","2023","2023","1000 t","23","I","Valeur imputée par une agence réceptrice",""
"FBS","Bilans Alimentaires (2010-)","084","Belize","5142","Nourriture","S2734","Viande de Volailles","2023","2023","1000 t","19","I","Valeur imputée par une agence réceptrice",""
"FBS","Bilans Alimentaires (2010-)","084","Belize","661","Disponibilité alimentaire (Kcal)","S2734","Viande de Volailles","2023","2023","millions de kcal","26727.59","I","Valeur imputée par une agence réceptrice",""
"FBS","Bilans Alimentaires (2010-)","064","Bhoutan","5511","Production","S2734","Viande de Volailles","2023","2023","1000 t","1","I","Valeur imputée par une agence réceptrice",""
"FBS","Bilans Alimentaires (2010-)","064","Bhoutan","5611","Importations - quantité","S2734","Viande de Volailles","2023","2023","1000 t","3","I","Valeur imputée par une agence réceptrice",""
"FBS","Bilans Alimentaires (2010-)","064","Bhoutan","5301","Disponibilité intérieure","S2734","Viande de Volailles","2023","2023","1000 t","4","I","Valeur imputée par une agence réceptrice",""
"FBS","Bilans Alimentaires (2010-)","064","Bhoutan","5142","Nourriture","S2734","Viande de Volailles","2023","2023","1000 t","4","I","Valeur imputée par une agence réceptrice",""
"FBS","Bilans Alimentaires (2010-)","064","Bhoutan","661","Disponibilité alimentaire (Kcal)","S2734","Viande de Volailles","2023","2023","millions de kcal","5736.61","I","Valeur imputée par une agence réceptrice",""
"FBS","Bilans Alimentaires (2010-)","068","Bolivie (État plurinational de)","5511","Production","S2734","Viande de Volailles","2023","2023","1000 t","550","I","Valeur imputée par une agence réceptrice",""
"FBS","Bilans Alimentaires (2010-)","068","Bolivie (État plurinational de)","5611","Importations - quantité","S2734","Viande de Volailles","2023","2023","1000 t","3","I","Valeur imputée par une agence réceptrice",""
"FBS","Bilans Alimentaires (2010-)","068","Bolivie (État plurinational de)","5301","Disponibilité intérieure","S2734","Viande de Volailles","2023","2023","1000 t","553","I","Valeur imputée par une agence réceptrice",""
"FBS","Bilans Alimentaires (2010-)","068","Bolivie (État plurinational de)","5142","Nourriture","S2734","Viande de Volailles","2023","2023","1000 t","553","I","Valeur imputée par une agence réceptrice",""
"FBS","Bilans Alimentaires (2010-)","068","Bolivie (État plurinational de)","661","Disponibilité alimentaire (Kcal)","S2734","Viande de Volailles","2023","2023","millions de kcal","761854.6","I","Valeur imputée par une agence réceptrice",""
"FBS","Bilans Alimentaires (2010-)","070","Bosnie-Herzégovine","5511","Production","S2734","Viande de Volailles","2023","2023","1000 t","71","I","Valeur imputée par une agence réceptrice",""
"FBS","Bilans Alimentaires (2010-)","070","Bosnie-Herzégovine","5611","Importations - quantité","S2734","Viande de Volailles","2023","2023","1000 t","16","I","Valeur imputée par une agence réceptrice",""
"FBS","Bilans Alimentaires (2010-)","070","Bosnie-Herzégovine","5301","Disponibilité intérieure","S2734","Viande de Volailles","2023","2023","1000 t","73","I","Valeur imputée par une agence réceptrice",""
"FBS","Bilans Alimentaires (2010-)","070","Bosnie-Herzégovine","5142","Nourriture","S2734","Viande de Volailles","2023","2023","1000 t","72","I","Valeur imputée par une agence réceptrice",""
"FBS","Bilans Alimentaires (2010-)","070","Bosnie-Herzégovine","661","Disponibilité alimentaire (Kcal)","S2734","Viande de Volailles","2023","2023","millions de kcal","98806","I","Valeur imputée par une agence réceptrice",""
"FBS","Bilans Alimentaires (2010-)","072","Botswana","5511","Production","S2734","Viande de Volailles","2023","2023","1000 t","1","I","Valeur imputée par une agence réceptrice",""
"FBS","Bilans Alimentaires (2010-)","072","Botswana","5611","Importations - quantité","S2734","Viande de Volailles","2023","2023","1000 t","5","I","Valeur imputée par une agence réceptrice",""
"FBS","Bilans Alimentaires (2010-)","072","Botswana","5301","Disponibilité intérieure","S2734","Viande de Volailles","2023","2023","1000 t","7","I","Valeur imputée par une agence réceptrice",""
"FBS","Bilans Alimentaires (2010-)","072","Botswana","5142","Nourriture","S2734","Viande de Volailles","2023","2023","1000 t","7","I","Valeur imputée par une agence réceptrice",""
"FBS","Bilans Alimentaires (2010-)","072","Botswana","661","Disponibilité alimentaire (Kcal)","S2734","Viande de Volailles","2023","2023","millions de kcal","9477.2","I","Valeur imputée par une agence réceptrice",""
"FBS","Bilans Alimentaires (2010-)","076","Brésil","5511","Production","S2734","Viande de Volailles","2023","2023","1000 t","14971","I","Valeur imputée par une agence réceptrice",""
"FBS","Bilans Alimentaires (2010-)","076","Brésil","5611","Importations - quantité","S2734","Viande de Volailles","2023","2023","1000 t","2","I","Valeur imputée par une agence réceptrice",""
"FBS","Bilans Alimentaires (2010-)","076","Brésil","5301","Disponibilité intérieure","S2734","Viande de Volailles","2023","2023","1000 t","10042","I","Valeur imputée par une agence réceptrice",""
"FBS","Bilans Alimentaires (2010-)","076","Brésil","5142","Nourriture","S2734","Viande de Volailles","2023","2023","1000 t","10039","I","Valeur imputée par une agence réceptrice",""
"FBS","Bilans Alimentaires (2010-)","076","Brésil","661","Disponibilité alimentaire (Kcal)","S2734","Viande de Volailles","2023","2023","millions de kcal","13847281.13","I","Valeur imputée par une agence réceptrice",""
"FBS","Bilans Alimentaires (2010-)","100","Bulgarie","5511","Production","S2734","Viande de Volailles","2023","2023","1000 t","116","I","Valeur imputée par une agence réceptrice",""
"FBS","Bilans Alimentaires (2010-)","100","Bulgarie","5611","Importations - quantité","S2734","Viande de Volailles","2023","2023","1000 t","103","I","Valeur imputée par une agence réceptrice",""
"FBS","Bilans Alimentaires (2010-)","100","Bulgarie","5301","Disponibilité intérieure","S2734","Viande de Volailles","2023","2023","1000 t","177","I","Valeur imputée par une agence réceptrice",""
"FBS","Bilans Alimentaires (2010-)","100","Bulgarie","5142","Nourriture","S2734","Viande de Volailles","2023","2023","1000 t","176","I","Valeur imputée par une agence réceptrice",""
"FBS","Bilans Alimentaires (2010-)","100","Bulgarie","661","Disponibilité alimentaire (Kcal)","S2734","Viande de Volailles","2023","2023","millions de kcal","247026.22","I","Valeur imputée par une agence réceptrice",""
"FBS","Bilans Alimentaires (2010-)","854","Burkina Faso","5511","Production","S2734","Viande de Volailles","2023","2023","1000 t","153","I","Valeur imputée par une agence réceptrice",""
"FBS","Bilans Alimentaires (2010-)","854","Burkina Faso","5611","Importations - quantité","S2734","Viande de Volailles","2023","2023","1000 t","0","I","Valeur imputée par une agence réceptrice",""
"FBS","Bilans Alimentaires (2010-)","854","Burkina Faso","5301","Disponibilité intérieure","S2734","Viande de Volailles","2023","2023","1000 t","153","I","Valeur imputée par une agence réceptrice",""
"FBS","Bilans Alimentaires (2010-)","854","Burkina Faso","5142","Nourriture","S2734","Viande de Volailles","2023","2023","1000 t","153","I","Valeur imputée par une agence réceptrice",""
"FBS","Bilans Alimentaires (2010-)","854","Burkina Faso","661","Disponibilité alimentaire (Kcal)","S2734","Viande de Volailles","2023","2023","millions de kcal","211317.78","I","Valeur imputée par une agence réceptrice",""
"FBS","Bilans Alimentaires (2010-)","132","Cabo Verde","5511","Production","S2734","Viande de Volailles","2023","2023","1000 t","1","I","Valeur imputée par une agence réceptrice",""
"FBS","Bilans Alimentaires (2010-)","132","Cabo Verde","5611","Importations - quantité","S2734","Viande de Volailles","2023","2023","1000 t","13","I","Valeur imputée par une agence réceptrice",""
"FBS","Bilans Alimentaires (2010-)","132","Cabo Verde","5301","Disponibilité intérieure","S2734","Viande de Volailles","2023","2023","1000 t","13","I","Valeur imputée par une agence réceptrice",""
"FBS","Bilans Alimentaires (2010-)","132","Cabo Verde","5142","Nourriture","S2734","Viande de Volailles","2023","2023","1000 t","13","I","Valeur imputée par une agence réceptrice",""
"FBS","Bilans Alimentaires (2010-)","132","Cabo Verde","661","Disponibilité alimentaire (Kcal)","S2734","Viande de Volailles","2023","2023","millions de kcal","18121.2","I","Valeur imputée par une agence réceptrice",""
"FBS","Bilans Alimentaires (2010-)","116","Cambodge","5511","Production","S2734","Viande de Volailles","2023","2023","1000 t","27","I","Valeur imputée par une agence réceptrice",""
"FBS","Bilans Alimentaires (2010-)","116","Cambodge","5611","Importations - quantité","S2734","Viande de Volailles","2023","2023","1000 t","44","I","Valeur imputée par une agence réceptrice",""
"FBS","Bilans Alimentaires (2010-)","116","Cambodge","5301","Disponibilité intérieure","S2734","Viande de Volailles","2023","2023","1000 t","68","I","Valeur imputée par une agence réceptrice",""
"FBS","Bilans Alimentaires (2010-)","116","Cambodge","5142","Nourriture","S2734","Viande de Volailles","2023","2023","1000 t","68","I","Valeur imputée par une agence réceptrice",""
"FBS","Bilans Alimentaires (2010-)","116","Cambodge","661","Disponibilité alimentaire (Kcal)","S2734","Viande de Volailles","2023","2023","millions de kcal","104417.85","I","Valeur imputée par une agence réceptrice",""
"FBS","Bilans Alimentaires (2010-)","120","Cameroun","5511","Production","S2734","Viande de Volailles","2023","2023","1000 t","118","I","Valeur imputée par une agence réceptrice",""
"FBS","Bilans Alimentaires (2010-)","120","Cameroun","5611","Importations - quantité","S2734","Viande de Volailles","2023","2023","1000 t","2","I","Valeur imputée par une agence réceptrice",""
"FBS","Bilans Alimentaires (2010-)","120","Cameroun","5301","Disponibilité intérieure","S2734","Viande de Volailles","2023","2023","1000 t","120","I","Valeur imputée par une agence réceptrice",""
"FBS","Bilans Alimentaires (2010-)","120","Cameroun","5142","Nourriture","S2734","Viande de Volailles","2023","2023","1000 t","120","I","Valeur imputée par une agence réceptrice",""
"FBS","Bilans Alimentaires (2010-)","120","Cameroun","661","Disponibilité alimentaire (Kcal)","S2734","Viande de Volailles","2023","2023","millions de kcal","165495.3","I","Valeur imputée par une agence réceptrice",""
"FBS","Bilans Alimentaires (2010-)","124","Canada","5511","Production","S2734","Viande de Volailles","2023","2023","1000 t","1586","I","Valeur imputée par une agence réceptrice",""
"FBS","Bilans Alimentaires (2010-)","124","Canada","5611","Importations - quantité","S2734","Viande de Volailles","2023","2023","1000 t","213","I","Valeur imputée par une agence réceptrice",""
"FBS","Bilans Alimentaires (2010-)","124","Canada","5301","Disponibilité intérieure","S2734","Viande de Volailles","2023","2023","1000 t","1633","I","Valeur imputée par une agence réceptrice",""
"FBS","Bilans Alimentaires (2010-)","124","Canada","5142","Nourriture","S2734","Viande de Volailles","2023","2023","1000 t","1633","I","Valeur imputée par une agence réceptrice",""
"FBS","Bilans Alimentaires (2010-)","124","Canada","661","Disponibilité alimentaire (Kcal)","S2734","Viande de Volailles","2023","2023","millions de kcal","2225338.5","I","Valeur imputée par une agence réceptrice",""
"FBS","Bilans Alimentaires (2010-)","152","Chili","5511","Production","S2734","Viande de Volailles","2023","2023","1000 t","760","I","Valeur imputée par une agence réceptrice",""
"FBS","Bilans Alimentaires (2010-)","152","Chili","5611","Importations - quantité","S2734","Viande de Volailles","2023","2023","1000 t","116","I","Valeur imputée par une agence réceptrice",""
"FBS","Bilans Alimentaires (2010-)","152","Chili","5301","Disponibilité intérieure","S2734","Viande de Volailles","2023","2023","1000 t","744","I","Valeur imputée par une agence réceptrice",""
"FBS","Bilans Alimentaires (2010-)","152","Chili","5142","Nourriture","S2734","Viande de Volailles","2023","2023","1000 t","744","I","Valeur imputée par une agence réceptrice",""
"FBS","Bilans Alimentaires (2010-)","152","Chili","661","Disponibilité alimentaire (Kcal)","S2734","Viande de Volailles","2023","2023","millions de kcal","1017197.4","I","Valeur imputée par une agence réceptrice",""
"FBS","Bilans Alimentaires (2010-)","159","Chine","5511","Production","S2734","Viande de Volailles","2023","2023","1000 t","26407","E","Valeur estimée",""
"FBS","Bilans Alimentaires (2010-)","159","Chine","5611","Importations - quantité","S2734","Viande de Volailles","2023","2023","1000 t","1913","E","Valeur estimée",""
"FBS","Bilans Alimentaires (2010-)","159","Chine","5301","Disponibilité intérieure","S2734","Viande de Volailles","2023","2023","1000 t","27529","E","Valeur estimée",""
"FBS","Bilans Alimentaires (2010-)","159","Chine","5142","Nourriture","S2734","Viande de Volailles","2023","2023","1000 t","27944","E","Valeur estimée",""
"FBS","Bilans Alimentaires (2010-)","159","Chine","661","Disponibilité alimentaire (Kcal)","S2734","Viande de Volailles","2023","2023","millions de kcal","47371876.68","E","Valeur estimée",""
"FBS","Bilans Alimentaires (2010-)","344","Chine - RAS de Hong-Kong","5511","Production","S2734","Viande de Volailles","2023","2023","1000 t","24","I","Valeur imputée par une agence réceptrice",""
"FBS","Bilans Alimentaires (2010-)","344","Chine - RAS de Hong-Kong","5611","Importations - quantité","S2734","Viande de Volailles","2023","2023","1000 t","327","I","Valeur imputée par une agence réceptrice",""
"FBS","Bilans Alimentaires (2010-)","344","Chine - RAS de Hong-Kong","5301","Disponibilité intérieure","S2734","Viande de Volailles","2023","2023","1000 t","318","I","Valeur imputée par une agence réceptrice",""
"FBS","Bilans Alimentaires (2010-)","344","Chine - RAS de Hong-Kong","5142","Nourriture","S2734","Viande de Volailles","2023","2023","1000 t","308","I","Valeur imputée par une agence réceptrice",""
"FBS","Bilans Alimentaires (2010-)","344","Chine - RAS de Hong-Kong","661","Disponibilité alimentaire (Kcal)","S2734","Viande de Volailles","2023","2023","millions de kcal","468274.39","I","Valeur imputée par une agence réceptrice",""
"FBS","Bilans Alimentaires (2010-)","446","Chine - RAS de Macao","5511","Production","S2734","Viande de Volailles","2023","2023","1000 t","3","I","Valeur imputée par une agence réceptrice",""
"FBS","Bilans Alimentaires (2010-)","446","Chine - RAS de Macao","5611","Importations - quantité","S2734","Viande de Volailles","2023","2023","1000 t","34","I","Valeur imputée par une agence réceptrice",""
"FBS","Bilans Alimentaires (2010-)","446","Chine - RAS de Macao","5301","Disponibilité intérieure","S2734","Viande de Volailles","2023","2023","1000 t","30","I","Valeur imputée par une agence réceptrice",""
"FBS","Bilans Alimentaires (2010-)","446","Chine - RAS de Macao","5142","Nourriture","S2734","Viande de Volailles","2023","2023","1000 t","30","I","Valeur imputée par une agence réceptrice",""
"FBS","Bilans Alimentaires (2010-)","446","Chine - RAS de Macao","661","Disponibilité alimentaire (Kcal)","S2734","Viande de Volailles","2023","2023","millions de kcal","44833.35","I","Valeur imputée par une agence réceptrice",""
"FBS","Bilans Alimentaires (2010-)","156","Chine, continentale","5511","Production","S2734","Viande de Volailles","2023","2023","1000 t","25630","I","Valeur imputée par une agence réceptrice",""
"FBS","Bilans Alimentaires (2010-)","156","Chine, continentale","5611","Importations - quantité","S2734","Viande de Volailles","2023","2023","1000 t","1311","I","Valeur imputée par une agence réceptrice",""
"FBS","Bilans Alimentaires (2010-)","156","Chine, continentale","5301","Disponibilité intérieure","S2734","Viande de Volailles","2023","2023","1000 t","26193","I","Valeur imputée par une agence réceptrice",""
"FBS","Bilans Alimentaires (2010-)","156","Chine, continentale","5142","Nourriture","S2734","Viande de Volailles","2023","2023","1000 t","26618","I","Valeur imputée par une agence réceptrice",""
"FBS","Bilans Alimentaires (2010-)","156","Chine, continentale","661","Disponibilité alimentaire (Kcal)","S2734","Viande de Volailles","2023","2023","millions de kcal","45445039.6","I","Valeur imputée par une agence réceptrice",""
"FBS","Bilans Alimentaires (2010-)","158","Chine, Taiwan Province de","5511","Production","S2734","Viande de Volailles","2023","2023","1000 t","749","I","Valeur imputée par une agence réceptrice",""
"FBS","Bilans Alimentaires (2010-)","158","Chine, Taiwan Province de","5611","Importations - quantité","S2734","Viande de Volailles","2023","2023","1000 t","241","I","Valeur imputée par une agence réceptrice",""
"FBS","Bilans Alimentaires (2010-)","158","Chine, Taiwan Province de","5301","Disponibilité intérieure","S2734","Viande de Volailles","2023","2023","1000 t","987","I","Valeur imputée par une agence réceptrice",""
"FBS","Bilans Alimentaires (2010-)","158","Chine, Taiwan Province de","5142","Nourriture","S2734","Viande de Volailles","2023","2023","1000 t","987","I","Valeur imputée par une agence réceptrice",""
"FBS","Bilans Alimentaires (2010-)","158","Chine, Taiwan Province de","661","Disponibilité alimentaire (Kcal)","S2734","Viande de Volailles","2023","2023","millions de kcal","1413729.34","I","Valeur imputée par une agence réceptrice",""
"FBS","Bilans Alimentaires (2010-)","196","Chypre","5511","Production","S2734","Viande de Volailles","2023","2023","1000 t","28","I","Valeur imputée par une agence réceptrice",""
"FBS","Bilans Alimentaires (2010-)","196","Chypre","5611","Importations - quantité","S2734","Viande de Volailles","2023","2023","1000 t","21","I","Valeur imputée par une agence réceptrice",""
"FBS","Bilans Alimentaires (2010-)","196","Chypre","5301","Disponibilité intérieure","S2734","Viande de Volailles","2023","2023","1000 t","48","I","Valeur imputée par une agence réceptrice",""
"FBS","Bilans Alimentaires (2010-)","196","Chypre","5142","Nourriture","S2734","Viande de Volailles","2023","2023","1000 t","43","I","Valeur imputée par une agence réceptrice",""
"FBS","Bilans Alimentaires (2010-)","196","Chypre","661","Disponibilité alimentaire (Kcal)","S2734","Viande de Volailles","2023","2023","millions de kcal","60085.71","I","Valeur imputée par une agence réceptrice",""
"FBS","Bilans Alimentaires (2010-)","170","Colombie","5511","Production","S2734","Viande de Volailles","2023","2023","1000 t","1817","I","Valeur imputée par une agence réceptrice",""
"FBS","Bilans Alimentaires (2010-)","170","Colombie","5611","Importations - quantité","S2734","Viande de Volailles","2023","2023","1000 t","51","I","Valeur imputée par une agence réceptrice",""
"FBS","Bilans Alimentaires (2010-)","170","Colombie","5301","Disponibilité intérieure","S2734","Viande de Volailles","2023","2023","1000 t","1868","I","Valeur imputée par une agence réceptrice",""
"FBS","Bilans Alimentaires (2010-)","170","Colombie","5142","Nourriture","S2734","Viande de Volailles","2023","2023","1000 t","1868","I","Valeur imputée par une agence réceptrice",""
"FBS","Bilans Alimentaires (2010-)","170","Colombie","661","Disponibilité alimentaire (Kcal)","S2734","Viande de Volailles","2023","2023","millions de kcal","2574178.37","I","Valeur imputée par une agence réceptrice",""
"FBS","Bilans Alimentaires (2010-)","174","Comores","5511","Production","S2734","Viande de Volailles","2023","2023","1000 t","1","I","Valeur imputée par une agence réceptrice",""
"FBS","Bilans Alimentaires (2010-)","174","Comores","5611","Importations - quantité","S2734","Viande de Volailles","2023","2023","1000 t","18","I","Valeur imputée par une agence réceptrice",""
"FBS","Bilans Alimentaires (2010-)","174","Comores","5301","Disponibilité intérieure","S2734","Viande de Volailles","2023","2023","1000 t","19","I","Valeur imputée par une agence réceptrice",""
"FBS","Bilans Alimentaires (2010-)","174","Comores","5142","Nourriture","S2734","Viande de Volailles","2023","2023","1000 t","19","I","Valeur imputée par une agence réceptrice",""
"FBS","Bilans Alimentaires (2010-)","174","Comores","661","Disponibilité alimentaire (Kcal)","S2734","Viande de Volailles","2023","2023","millions de kcal","25813.7","I","Valeur imputée par une agence réceptrice",""
"FBS","Bilans Alimentaires (2010-)","178","Congo","5511","Production","S2734","Viande de Volailles","2023","2023","1000 t","7","I","Valeur imputée par une agence réceptrice",""
"FBS","Bilans Alimentaires (2010-)","178","Congo","5611","Importations - quantité","S2734","Viande de Volailles","2023","2023","1000 t","219","I","Valeur imputée par une agence réceptrice",""
"FBS","Bilans Alimentaires (2010-)","178","Congo","5301","Disponibilité intérieure","S2734","Viande de Volailles","2023","2023","1000 t","226","I","Valeur imputée par une agence réceptrice",""
"FBS","Bilans Alimentaires (2010-)","178","Congo","5142","Nourriture","S2734","Viande de Volailles","2023","2023","1000 t","226","I","Valeur imputée par une agence réceptrice",""
"FBS","Bilans Alimentaires (2010-)","178","Congo","661","Disponibilité alimentaire (Kcal)","S2734","Viande de Volailles","2023","2023","millions de kcal","310352.42","I","Valeur imputée par une agence réceptrice",""
"FBS","Bilans Alimentaires (2010-)","188","Costa Rica","5511","Production","S2734","Viande de Volailles","2023","2023","1000 t","149","I","Valeur imputée par une agence réceptrice",""
"FBS","Bilans Alimentaires (2010-)","188","Costa Rica","5611","Importations - quantité","S2734","Viande de Volailles","2023","2023","1000 t","33","I","Valeur imputée par une agence réceptrice",""
"FBS","Bilans Alimentaires (2010-)","188","Costa Rica","5301","Disponibilité intérieure","S2734","Viande de Volailles","2023","2023","1000 t","180","I","Valeur imputée par une agence réceptrice",""
"FBS","Bilans Alimentaires (2010-)","188","Costa Rica","5142","Nourriture","S2734","Viande de Volailles","2023","2023","1000 t","179","I","Valeur imputée par une agence réceptrice",""
"FBS","Bilans Alimentaires (2010-)","188","Costa Rica","661","Disponibilité alimentaire (Kcal)","S2734","Viande de Volailles","2023","2023","millions de kcal","246219.17","I","Valeur imputée par une agence réceptrice",""
"FBS","Bilans Alimentaires (2010-)","384","Côte d'Ivoire","5511","Production","S2734","Viande de Volailles","2023","2023","1000 t","119","I","Valeur imputée par une agence réceptrice",""
"FBS","Bilans Alimentaires (2010-)","384","Côte d'Ivoire","5611","Importations - quantité","S2734","Viande de Volailles","2023","2023","1000 t","1","I","Valeur imputée par une agence réceptrice",""
"FBS","Bilans Alimentaires (2010-)","384","Côte d'Ivoire","5301","Disponibilité intérieure","S2734","Viande de Volailles","2023","2023","1000 t","119","I","Valeur imputée par une agence réceptrice",""
"FBS","Bilans Alimentaires (2010-)","384","Côte d'Ivoire","5142","Nourriture","S2734","Viande de Volailles","2023","2023","1000 t","119","I","Valeur imputée par une agence réceptrice",""
"FBS","Bilans Alimentaires (2010-)","384","Côte d'Ivoire","661","Disponibilité alimentaire (Kcal)","S2734","Viande de Volailles","2023","2023","millions de kcal","164539.21","I","Valeur imputée par une agence réceptrice",""
"FBS","Bilans Alimentaires (2010-)","191","Croatie","5511","Production","S2734","Viande de Volailles","2023","2023","1000 t","72","I","Valeur imputée par une agence réceptrice",""
"FBS","Bilans Alimentaires (2010-)","191","Croatie","5611","Importations - quantité","S2734","Viande de Volailles","2023","2023","1000 t","39","I","Valeur imputée par une agence réceptrice",""
"FBS","Bilans Alimentaires (2010-)","191","Croatie","5301","Disponibilité intérieure","S2734","Viande de Volailles","2023","2023","1000 t","79","I","Valeur imputée par une agence réceptrice",""
"FBS","Bilans Alimentaires (2010-)","191","Croatie","5142","Nourriture","S2734","Viande de Volailles","2023","2023","1000 t","78","I","Valeur imputée par une agence réceptrice",""
"FBS","Bilans Alimentaires (2010-)","191","Croatie","661","Disponibilité alimentaire (Kcal)","S2734","Viande de Volailles","2023","2023","millions de kcal","104914.97","I","Valeur imputée par une agence réceptrice",""
"FBS","Bilans Alimentaires (2010-)","208","Danemark","5511","Production","S2734","Viande de Volailles","2023","2023","1000 t","159","I","Valeur imputée par une agence réceptrice",""
"FBS","Bilans Alimentaires (2010-)","208","Danemark","5611","Importations - quantité","S2734","Viande de Volailles","2023","2023","1000 t","90","I","Valeur imputée par une agence réceptrice",""
"FBS","Bilans Alimentaires (2010-)","208","Danemark","5301","Disponibilité intérieure","S2734","Viande de Volailles","2023","2023","1000 t","122","I","Valeur imputée par une agence réceptrice",""
"FBS","Bilans Alimentaires (2010-)","208","Danemark","5142","Nourriture","S2734","Viande de Volailles","2023","2023","1000 t","121","I","Valeur imputée par une agence réceptrice",""
"FBS","Bilans Alimentaires (2010-)","208","Danemark","661","Disponibilité alimentaire (Kcal)","S2734","Viande de Volailles","2023","2023","millions de kcal","172885.78","I","Valeur imputée par une agence réceptrice",""
"FBS","Bilans Alimentaires (2010-)","262","Djibouti","5611","Importations - quantité","S2734","Viande de Volailles","2023","2023","1000 t","4","I","Valeur imputée par une agence réceptrice",""
"FBS","Bilans Alimentaires (2010-)","262","Djibouti","5301","Disponibilité intérieure","S2734","Viande de Volailles","2023","2023","1000 t","4","I","Valeur imputée par une agence réceptrice",""
"FBS","Bilans Alimentaires (2010-)","262","Djibouti","5142","Nourriture","S2734","Viande de Volailles","2023","2023","1000 t","4","I","Valeur imputée par une agence réceptrice",""
"FBS","Bilans Alimentaires (2010-)","262","Djibouti","661","Disponibilité alimentaire (Kcal)","S2734","Viande de Volailles","2023","2023","millions de kcal","5135.08","I","Valeur imputée par une agence réceptrice",""
"FBS","Bilans Alimentaires (2010-)","818","Égypte","5511","Production","S2734","Viande de Volailles","2023","2023","1000 t","2148","I","Valeur imputée par une agence réceptrice",""
"FBS","Bilans Alimentaires (2010-)","818","Égypte","5611","Importations - quantité","S2734","Viande de Volailles","2023","2023","1000 t","25","I","Valeur imputée par une agence réceptrice",""
"FBS","Bilans Alimentaires (2010-)","818","Égypte","5301","Disponibilité intérieure","S2734","Viande de Volailles","2023","2023","1000 t","2170","I","Valeur imputée par une agence réceptrice",""
"FBS","Bilans Alimentaires (2010-)","818","Égypte","5142","Nourriture","S2734","Viande de Volailles","2023","2023","1000 t","2170","I","Valeur imputée par une agence réceptrice",""
"FBS","Bilans Alimentaires (2010-)","818","Égypte","661","Disponibilité alimentaire (Kcal)","S2734","Viande de Volailles","2023","2023","millions de kcal","3014008.17","I","Valeur imputée par une agence réceptrice",""
"FBS","Bilans Alimentaires (2010-)","222","El Salvador","5511","Production","S2734","Viande de Volailles","2023","2023","1000 t","165","I","Valeur imputée par une agence réceptrice",""
"FBS","Bilans Alimentaires (2010-)","222","El Salvador","5611","Importations - quantité","S2734","Viande de Volailles","2023","2023","1000 t","25","I","Valeur imputée par une agence réceptrice",""
"FBS","Bilans Alimentaires (2010-)","222","El Salvador","5301","Disponibilité intérieure","S2734","Viande de Volailles","2023","2023","1000 t","189","I","Valeur imputée par une agence réceptrice",""
"FBS","Bilans Alimentaires (2010-)","222","El Salvador","5142","Nourriture","S2734","Viande de Volailles","2023","2023","1000 t","189","I","Valeur imputée par une agence réceptrice",""
"FBS","Bilans Alimentaires (2010-)","222","El Salvador","661","Disponibilité alimentaire (Kcal)","S2734","Viande de Volailles","2023","2023","millions de kcal","261006.85","I","Valeur imputée par une agence réceptrice",""
"FBS","Bilans Alimentaires (2010-)","784","Émirats arabes unis","5511","Production","S2734","Viande de Volailles","2023","2023","1000 t","60","I","Valeur imputée par une agence réceptrice",""
"FBS","Bilans Alimentaires (2010-)","784","Émirats arabes unis","5611","Importations - quantité","S2734","Viande de Volailles","2023","2023","1000 t","611","I","Valeur imputée par une agence réceptrice",""
"FBS","Bilans Alimentaires (2010-)","784","Émirats arabes unis","5301","Disponibilité intérieure","S2734","Viande de Volailles","2023","2023","1000 t","587","I","Valeur imputée par une agence réceptrice",""
"FBS","Bilans Alimentaires (2010-)","784","Émirats arabes unis","5142","Nourriture","S2734","Viande de Volailles","2023","2023","1000 t","494","I","Valeur imputée par une agence réceptrice",""
"FBS","Bilans Alimentaires (2010-)","784","Émirats arabes unis","661","Disponibilité alimentaire (Kcal)","S2734","Viande de Volailles","2023","2023","millions de kcal","679661.23","I","Valeur imputée par une agence réceptrice",""
"FBS","Bilans Alimentaires (2010-)","218","Équateur","5511","Production","S2734","Viande de Volailles","2023","2023","1000 t","566","I","Valeur imputée par une agence réceptrice",""
"FBS","Bilans Alimentaires (2010-)","218","Équateur","5611","Importations - quantité","S2734","Viande de Volailles","2023","2023","1000 t","1","I","Valeur imputée par une agence réceptrice",""
"FBS","Bilans Alimentaires (2010-)","218","Équateur","5301","Disponibilité intérieure","S2734","Viande de Volailles","2023","2023","1000 t","567","I","Valeur imputée par une agence réceptrice",""
"FBS","Bilans Alimentaires (2010-)","218","Équateur","5142","Nourriture","S2734","Viande de Volailles","2023","2023","1000 t","567","I","Valeur imputée par une agence réceptrice",""
"FBS","Bilans Alimentaires (2010-)","218","Équateur","661","Disponibilité alimentaire (Kcal)","S2734","Viande de Volailles","2023","2023","millions de kcal","780601.99","I","Valeur imputée par une agence réceptrice",""
"FBS","Bilans Alimentaires (2010-)","724","Espagne","5511","Production","S2734","Viande de Volailles","2023","2023","1000 t","1628","I","Valeur imputée par une agence réceptrice",""
"FBS","Bilans Alimentaires (2010-)","724","Espagne","5611","Importations - quantité","S2734","Viande de Volailles","2023","2023","1000 t","232","I","Valeur imputée par une agence réceptrice",""
"FBS","Bilans Alimentaires (2010-)","724","Espagne","5301","Disponibilité intérieure","S2734","Viande de Volailles","2023","2023","1000 t","1623","I","Valeur imputée par une agence réceptrice",""
"FBS","Bilans Alimentaires (2010-)","724","Espagne","5142","Nourriture","S2734","Viande de Volailles","2023","2023","1000 t","1579","I","Valeur imputée par une agence réceptrice",""
"FBS","Bilans Alimentaires (2010-)","724","Espagne","661","Disponibilité alimentaire (Kcal)","S2734","Viande de Volailles","2023","2023","millions de kcal","2140382.21","I","Valeur imputée par une agence réceptrice",""
"FBS","Bilans Alimentaires (2010-)","233","Estonie","5511","Production","S2734","Viande de Volailles","2023","2023","1000 t","23","I","Valeur imputée par une agence réceptrice",""
"FBS","Bilans Alimentaires (2010-)","233","Estonie","5611","Importations - quantité","S2734","Viande de Volailles","2023","2023","1000 t","25","I","Valeur imputée par une agence réceptrice",""
"FBS","Bilans Alimentaires (2010-)","233","Estonie","5301","Disponibilité intérieure","S2734","Viande de Volailles","2023","2023","1000 t","28","I","Valeur imputée par une agence réceptrice",""
"FBS","Bilans Alimentaires (2010-)","233","Estonie","5142","Nourriture","S2734","Viande de Volailles","2023","2023","1000 t","28","I","Valeur imputée par une agence réceptrice",""
"FBS","Bilans Alimentaires (2010-)","233","Estonie","661","Disponibilité alimentaire (Kcal)","S2734","Viande de Volailles","2023","2023","millions de kcal","45944.91","I","Valeur imputée par une agence réceptrice",""
"FBS","Bilans Alimentaires (2010-)","748","Eswatini","5511","Production","S2734","Viande de Volailles","2023","2023","1000 t","3","I","Valeur imputée par une agence réceptrice",""
"FBS","Bilans Alimentaires (2010-)","748","Eswatini","5611","Importations - quantité","S2734","Viande de Volailles","2023","2023","1000 t","4","I","Valeur imputée par une agence réceptrice",""
"FBS","Bilans Alimentaires (2010-)","748","Eswatini","5301","Disponibilité intérieure","S2734","Viande de Volailles","2023","2023","1000 t","6","I","Valeur imputée par une agence réceptrice",""
"FBS","Bilans Alimentaires (2010-)","748","Eswatini","5142","Nourriture","S2734","Viande de Volailles","2023","2023","1000 t","6","I","Valeur imputée par une agence réceptrice",""
"FBS","Bilans Alimentaires (2010-)","748","Eswatini","661","Disponibilité alimentaire (Kcal)","S2734","Viande de Volailles","2023","2023","millions de kcal","8133.78","I","Valeur imputée par une agence réceptrice",""
"FBS","Bilans Alimentaires (2010-)","840","États-Unis d'Amérique","5511","Production","S2734","Viande de Volailles","2023","2023","1000 t","22443","I","Valeur imputée par une agence réceptrice",""
"FBS","Bilans Alimentaires (2010-)","840","États-Unis d'Amérique","5611","Importations - quantité","S2734","Viande de Volailles","2023","2023","1000 t","158","I","Valeur imputée par une agence réceptrice",""
"FBS","Bilans Alimentaires (2010-)","840","États-Unis d'Amérique","5301","Disponibilité intérieure","S2734","Viande de Volailles","2023","2023","1000 t","18757","I","Valeur imputée par une agence réceptrice",""
"FBS","Bilans Alimentaires (2010-)","840","États-Unis d'Amérique","5142","Nourriture","S2734","Viande de Volailles","2023","2023","1000 t","18734","I","Valeur imputée par une agence réceptrice",""
"FBS","Bilans Alimentaires (2010-)","840","États-Unis d'Amérique","661","Disponibilité alimentaire (Kcal)","S2734","Viande de Volailles","2023","2023","millions de kcal","25354743.68","I","Valeur imputée par une agence réceptrice",""
"FBS","Bilans Alimentaires (2010-)","231","Éthiopie","5511","Production","S2734","Viande de Volailles","2023","2023","1000 t","64","I","Valeur imputée par une agence réceptrice",""
"FBS","Bilans Alimentaires (2010-)","231","Éthiopie","5611","Importations - quantité","S2734","Viande de Volailles","2023","2023","1000 t","0","I","Valeur imputée par une agence réceptrice",""
"FBS","Bilans Alimentaires (2010-)","231","Éthiopie","5301","Disponibilité intérieure","S2734","Viande de Volailles","2023","2023","1000 t","65","I","Valeur imputée par une agence réceptrice",""
"FBS","Bilans Alimentaires (2010-)","231","Éthiopie","5142","Nourriture","S2734","Viande de Volailles","2023","2023","1000 t","65","I","Valeur imputée par une agence réceptrice",""
"FBS","Bilans Alimentaires (2010-)","231","Éthiopie","661","Disponibilité alimentaire (Kcal)","S2734","Viande de Volailles","2023","2023","millions de kcal","89234.54","I","Valeur imputée par une agence réceptrice",""
"FBS","Bilans Alimentaires (2010-)","643","Fédération de Russie","5511","Production","S2734","Viande de Volailles","2023","2023","1000 t","5340","I","Valeur imputée par une agence réceptrice",""
"FBS","Bilans Alimentaires (2010-)","643","Fédération de Russie","5611","Importations - quantité","S2734","Viande de Volailles","2023","2023","1000 t","95","I","Valeur imputée par une agence réceptrice",""
"FBS","Bilans Alimentaires (2010-)","643","Fédération de Russie","5301","Disponibilité intérieure","S2734","Viande de Volailles","2023","2023","1000 t","5136","I","Valeur imputée par une agence réceptrice",""
"FBS","Bilans Alimentaires (2010-)","643","Fédération de Russie","5142","Nourriture","S2734","Viande de Volailles","2023","2023","1000 t","5044","I","Valeur imputée par une agence réceptrice",""
"FBS","Bilans Alimentaires (2010-)","643","Fédération de Russie","661","Disponibilité alimentaire (Kcal)","S2734","Viande de Volailles","2023","2023","millions de kcal","6955964.14","I","Valeur imputée par une agence réceptrice",""
"FBS","Bilans Alimentaires (2010-)","242","Fidji","5511","Production","S2734","Viande de Volailles","2023","2023","1000 t","43","I","Valeur imputée par une agence réceptrice",""
"FBS","Bilans Alimentaires (2010-)","242","Fidji","5611","Importations - quantité","S2734","Viande de Volailles","2023","2023","1000 t","4","I","Valeur imputée par une agence réceptrice",""
"FBS","Bilans Alimentaires (2010-)","242","Fidji","5301","Disponibilité intérieure","S2734","Viande de Volailles","2023","2023","1000 t","46","I","Valeur imputée par une agence réceptrice",""
"FBS","Bilans Alimentaires (2010-)","242","Fidji","5142","Nourriture","S2734","Viande de Volailles","2023","2023","1000 t","43","I","Valeur imputée par une agence réceptrice",""
"FBS","Bilans Alimentaires (2010-)","242","Fidji","661","Disponibilité alimentaire (Kcal)","S2734","Viande de Volailles","2023","2023","millions de kcal","59836.36","I","Valeur imputée par une agence réceptrice",""
"FBS","Bilans Alimentaires (2010-)","246","Finlande","5511","Production","S2734","Viande de Volailles","2023","2023","1000 t","144","I","Valeur imputée par une agence réceptrice",""
"FBS","Bilans Alimentaires (2010-)","246","Finlande","5611","Importations - quantité","S2734","Viande de Volailles","2023","2023","1000 t","28","I","Valeur imputée par une agence réceptrice",""
"FBS","Bilans Alimentaires (2010-)","246","Finlande","5301","Disponibilité intérieure","S2734","Viande de Volailles","2023","2023","1000 t","141","I","Valeur imputée par une agence réceptrice",""
"FBS","Bilans Alimentaires (2010-)","246","Finlande","5142","Nourriture","S2734","Viande de Volailles","2023","2023","1000 t","131","I","Valeur imputée par une agence réceptrice",""
"FBS","Bilans Alimentaires (2010-)","246","Finlande","661","Disponibilité alimentaire (Kcal)","S2734","Viande de Volailles","2023","2023","millions de kcal","182700.92","I","Valeur imputée par une agence réceptrice",""
"FBS","Bilans Alimentaires (2010-)","250","France","5511","Production","S2734","Viande de Volailles","2023","2023","1000 t","1506","I","Valeur imputée par une agence réceptrice",""
"FBS","Bilans Alimentaires (2010-)","250","France","5611","Importations - quantité","S2734","Viande de Volailles","2023","2023","1000 t","698","I","Valeur imputée par une agence réceptrice",""
"FBS","Bilans Alimentaires (2010-)","250","France","5301","Disponibilité intérieure","S2734","Viande de Volailles","2023","2023","1000 t","1738","I","Valeur imputée par une agence réceptrice",""
"FBS","Bilans Alimentaires (2010-)","250","France","5142","Nourriture","S2734","Viande de Volailles","2023","2023","1000 t","1644","I","Valeur imputée par une agence réceptrice",""
"FBS","Bilans Alimentaires (2010-)","250","France","661","Disponibilité alimentaire (Kcal)","S2734","Viande de Volailles","2023","2023","millions de kcal","2287590.19","I","Valeur imputée par une agence réceptrice",""
"FBS","Bilans Alimentaires (2010-)","266","Gabon","5511","Production","S2734","Viande de Volailles","2023","2023","1000 t","4","I","Valeur imputée par une agence réceptrice",""
"FBS","Bilans Alimentaires (2010-)","266","Gabon","5611","Importations - quantité","S2734","Viande de Volailles","2023","2023","1000 t","83","I","Valeur imputée par une agence réceptrice",""
"FBS","Bilans Alimentaires (2010-)","266","Gabon","5301","Disponibilité intérieure","S2734","Viande de Volailles","2023","2023","1000 t","87","I","Valeur imputée par une agence réceptrice",""
"FBS","Bilans Alimentaires (2010-)","266","Gabon","5142","Nourriture","S2734","Viande de Volailles","2023","2023","1000 t","87","I","Valeur imputée par une agence réceptrice",""
"FBS","Bilans Alimentaires (2010-)","266","Gabon","661","Disponibilité alimentaire (Kcal)","S2734","Viande de Volailles","2023","2023","millions de kcal","118545.09","I","Valeur imputée par une agence réceptrice",""
"FBS","Bilans Alimentaires (2010-)","270","Gambie","5511","Production","S2734","Viande de Volailles","2023","2023","1000 t","1","I","Valeur imputée par une agence réceptrice",""
"FBS","Bilans Alimentaires (2010-)","270","Gambie","5611","Importations - quantité","S2734","Viande de Volailles","2023","2023","1000 t","41","I","Valeur imputée par une agence réceptrice",""
"FBS","Bilans Alimentaires (2010-)","270","Gambie","5301","Disponibilité intérieure","S2734","Viande de Volailles","2023","2023","1000 t","42","I","Valeur imputée par une agence réceptrice",""
"FBS","Bilans Alimentaires (2010-)","270","Gambie","5142","Nourriture","S2734","Viande de Volailles","2023","2023","1000 t","42","I","Valeur imputée par une agence réceptrice",""
"FBS","Bilans Alimentaires (2010-)","270","Gambie","661","Disponibilité alimentaire (Kcal)","S2734","Viande de Volailles","2023","2023","millions de kcal","58137.67","I","Valeur imputée par une agence réceptrice",""
"FBS","Bilans Alimentaires (2010-)","268","Géorgie","5511","Production","S2734","Viande de Volailles","2023","2023","1000 t","25","I","Valeur imputée par une agence réceptrice",""
"FBS","Bilans Alimentaires (2010-)","268","Géorgie","5611","Importations - quantité","S2734","Viande de Volailles","2023","2023","1000 t","66","I","Valeur imputée par une agence réceptrice",""
"FBS","Bilans Alimentaires (2010-)","268","Géorgie","5301","Disponibilité intérieure","S2734","Viande de Volailles","2023","2023","1000 t","78","I","Valeur imputée par une agence réceptrice",""
"FBS","Bilans Alimentaires (2010-)","268","Géorgie","5142","Nourriture","S2734","Viande de Volailles","2023","2023","1000 t","77","I","Valeur imputée par une agence réceptrice",""
"FBS","Bilans Alimentaires (2010-)","268","Géorgie","661","Disponibilité alimentaire (Kcal)","S2734","Viande de Volailles","2023","2023","millions de kcal","106585.33","I","Valeur imputée par une agence réceptrice",""
"FBS","Bilans Alimentaires (2010-)","288","Ghana","5511","Production","S2734","Viande de Volailles","2023","2023","1000 t","74","I","Valeur imputée par une agence réceptrice",""
"FBS","Bilans Alimentaires (2010-)","288","Ghana","5611","Importations - quantité","S2734","Viande de Volailles","2023","2023","1000 t","232","I","Valeur imputée par une agence réceptrice",""
"FBS","Bilans Alimentaires (2010-)","288","Ghana","5301","Disponibilité intérieure","S2734","Viande de Volailles","2023","2023","1000 t","306","I","Valeur imputée par une agence réceptrice",""
"FBS","Bilans Alimentaires (2010-)","288","Ghana","5142","Nourriture","S2734","Viande de Volailles","2023","2023","1000 t","306","I","Valeur imputée par une agence réceptrice",""
"FBS","Bilans Alimentaires (2010-)","288","Ghana","661","Disponibilité alimentaire (Kcal)","S2734","Viande de Volailles","2023","2023","millions de kcal","422205.38","I","Valeur imputée par une agence réceptrice",""
"FBS","Bilans Alimentaires (2010-)","300","Grèce","5511","Production","S2734","Viande de Volailles","2023","2023","1000 t","274","I","Valeur imputée par une agence réceptrice",""
"FBS","Bilans Alimentaires (2010-)","300","Grèce","5611","Importations - quantité","S2734","Viande de Volailles","2023","2023","1000 t","84","I","Valeur imputée par une agence réceptrice",""
"FBS","Bilans Alimentaires (2010-)","300","Grèce","5301","Disponibilité intérieure","S2734","Viande de Volailles","2023","2023","1000 t","311","I","Valeur imputée par une agence réceptrice",""
"FBS","Bilans Alimentaires (2010-)","300","Grèce","5142","Nourriture","S2734","Viande de Volailles","2023","2023","1000 t","310","I","Valeur imputée par une agence réceptrice",""
"FBS","Bilans Alimentaires (2010-)","300","Grèce","661","Disponibilité alimentaire (Kcal)","S2734","Viande de Volailles","2023","2023","millions de kcal","425740.53","I","Valeur imputée par une agence réceptrice",""
"FBS","Bilans Alimentaires (2010-)","308","Grenade","5511","Production","S2734","Viande de Volailles","2023","2023","1000 t","1","I","Valeur imputée par une agence réceptrice",""
"FBS","Bilans Alimentaires (2010-)","308","Grenade","5611","Importations - quantité","S2734","Viande de Volailles","2023","2023","1000 t","7","I","Valeur imputée par une agence réceptrice",""
"FBS","Bilans Alimentaires (2010-)","308","Grenade","5301","Disponibilité intérieure","S2734","Viande de Volailles","2023","2023","1000 t","8","I","Valeur imputée par une agence réceptrice",""
"FBS","Bilans Alimentaires (2010-)","308","Grenade","5142","Nourriture","S2734","Viande de Volailles","2023","2023","1000 t","5","I","Valeur imputée par une agence réceptrice",""
"FBS","Bilans Alimentaires (2010-)","308","Grenade","661","Disponibilité alimentaire (Kcal)","S2734","Viande de Volailles","2023","2023","millions de kcal","7269.48","I","Valeur imputée par une agence réceptrice",""
"FBS","Bilans Alimentaires (2010-)","320","Guatemala","5511","Production","S2734","Viande de Volailles","2023","2023","1000 t","441","I","Valeur imputée par une agence réceptrice",""
"FBS","Bilans Alimentaires (2010-)","320","Guatemala","5611","Importations - quantité","S2734","Viande de Volailles","2023","2023","1000 t","154","I","Valeur imputée par une agence réceptrice",""
"FBS","Bilans Alimentaires (2010-)","320","Guatemala","5301","Disponibilité intérieure","S2734","Viande de Volailles","2023","2023","1000 t","585","I","Valeur imputée par une agence réceptrice",""
"FBS","Bilans Alimentaires (2010-)","320","Guatemala","5142","Nourriture","S2734","Viande de Volailles","2023","2023","1000 t","542","I","Valeur imputée par une agence réceptrice",""
"FBS","Bilans Alimentaires (2010-)","320","Guatemala","661","Disponibilité alimentaire (Kcal)","S2734","Viande de Volailles","2023","2023","millions de kcal","759852.86","I","Valeur imputée par une agence réceptrice",""
"FBS","Bilans Alimentaires (2010-)","324","Guinée","5511","Production","S2734","Viande de Volailles","2023","2023","1000 t","15","I","Valeur imputée par une agence réceptrice",""
"FBS","Bilans Alimentaires (2010-)","324","Guinée","5611","Importations - quantité","S2734","Viande de Volailles","2023","2023","1000 t","70","I","Valeur imputée par une agence réceptrice",""
"FBS","Bilans Alimentaires (2010-)","324","Guinée","5301","Disponibilité intérieure","S2734","Viande de Volailles","2023","2023","1000 t","85","I","Valeur imputée par une agence réceptrice",""
"FBS","Bilans Alimentaires (2010-)","324","Guinée","5142","Nourriture","S2734","Viande de Volailles","2023","2023","1000 t","85","I","Valeur imputée par une agence réceptrice",""
"FBS","Bilans Alimentaires (2010-)","324","Guinée","661","Disponibilité alimentaire (Kcal)","S2734","Viande de Volailles","2023","2023","millions de kcal","116450.95","I","Valeur imputée par une agence réceptrice",""
"FBS","Bilans Alimentaires (2010-)","624","Guinée-Bissau","5511","Production","S2734","Viande de Volailles","2023","2023","1000 t","3","I","Valeur imputée par une agence réceptrice",""
"FBS","Bilans Alimentaires (2010-)","624","Guinée-Bissau","5611","Importations - quantité","S2734","Viande de Volailles","2023","2023","1000 t","5","I","Valeur imputée par une agence réceptrice",""
"FBS","Bilans Alimentaires (2010-)","624","Guinée-Bissau","5301","Disponibilité intérieure","S2734","Viande de Volailles","2023","2023","1000 t","8","I","Valeur imputée par une agence réceptrice",""
"FBS","Bilans Alimentaires (2010-)","624","Guinée-Bissau","5142","Nourriture","S2734","Viande de Volailles","2023","2023","1000 t","8","I","Valeur imputée par une agence réceptrice",""
"FBS","Bilans Alimentaires (2010-)","624","Guinée-Bissau","661","Disponibilité alimentaire (Kcal)","S2734","Viande de Volailles","2023","2023","millions de kcal","11543.05","I","Valeur imputée par une agence réceptrice",""
"FBS","Bilans Alimentaires (2010-)","328","Guyana","5511","Production","S2734","Viande de Volailles","2023","2023","1000 t","63","I","Valeur imputée par une agence réceptrice",""
"FBS","Bilans Alimentaires (2010-)","328","Guyana","5611","Importations - quantité","S2734","Viande de Volailles","2023","2023","1000 t","1","I","Valeur imputée par une agence réceptrice",""
"FBS","Bilans Alimentaires (2010-)","328","Guyana","5301","Disponibilité intérieure","S2734","Viande de Volailles","2023","2023","1000 t","64","I","Valeur imputée par une agence réceptrice",""
"FBS","Bilans Alimentaires (2010-)","328","Guyana","5142","Nourriture","S2734","Viande de Volailles","2023","2023","1000 t","64","I","Valeur imputée par une agence réceptrice",""
"FBS","Bilans Alimentaires (2010-)","328","Guyana","661","Disponibilité alimentaire (Kcal)","S2734","Viande de Volailles","2023","2023","millions de kcal","87632.56","I","Valeur imputée par une agence réceptrice",""
"FBS","Bilans Alimentaires (2010-)","332","Haïti","5511","Production","S2734","Viande de Volailles","2023","2023","1000 t","9","I","Valeur imputée par une agence réceptrice",""
"FBS","Bilans Alimentaires (2010-)","332","Haïti","5611","Importations - quantité","S2734","Viande de Volailles","2023","2023","1000 t","108","I","Valeur imputée par une agence réceptrice",""
"FBS","Bilans Alimentaires (2010-)","332","Haïti","5301","Disponibilité intérieure","S2734","Viande de Volailles","2023","2023","1000 t","118","I","Valeur imputée par une agence réceptrice",""
"FBS","Bilans Alimentaires (2010-)","332","Haïti","5142","Nourriture","S2734","Viande de Volailles","2023","2023","1000 t","118","I","Valeur imputée par une agence réceptrice",""
"FBS","Bilans Alimentaires (2010-)","332","Haïti","661","Disponibilité alimentaire (Kcal)","S2734","Viande de Volailles","2023","2023","millions de kcal","161356.07","I","Valeur imputée par une agence réceptrice",""
"FBS","Bilans Alimentaires (2010-)","340","Honduras","5511","Production","S2734","Viande de Volailles","2023","2023","1000 t","241","I","Valeur imputée par une agence réceptrice",""
"FBS","Bilans Alimentaires (2010-)","340","Honduras","5611","Importations - quantité","S2734","Viande de Volailles","2023","2023","1000 t","21","I","Valeur imputée par une agence réceptrice",""
"FBS","Bilans Alimentaires (2010-)","340","Honduras","5301","Disponibilité intérieure","S2734","Viande de Volailles","2023","2023","1000 t","257","I","Valeur imputée par une agence réceptrice",""
"FBS","Bilans Alimentaires (2010-)","340","Honduras","5142","Nourriture","S2734","Viande de Volailles","2023","2023","1000 t","257","I","Valeur imputée par une agence réceptrice",""
"FBS","Bilans Alimentaires (2010-)","340","Honduras","661","Disponibilité alimentaire (Kcal)","S2734","Viande de Volailles","2023","2023","millions de kcal","355496.78","I","Valeur imputée par une agence réceptrice",""
"FBS","Bilans Alimentaires (2010-)","348","Hongrie","5511","Production","S2734","Viande de Volailles","2023","2023","1000 t","511","I","Valeur imputée par une agence réceptrice",""
"FBS","Bilans Alimentaires (2010-)","348","Hongrie","5611","Importations - quantité","S2734","Viande de Volailles","2023","2023","1000 t","109","I","Valeur imputée par une agence réceptrice",""
"FBS","Bilans Alimentaires (2010-)","348","Hongrie","5301","Disponibilité intérieure","S2734","Viande de Volailles","2023","2023","1000 t","286","I","Valeur imputée par une agence réceptrice",""
"FBS","Bilans Alimentaires (2010-)","348","Hongrie","5142","Nourriture","S2734","Viande de Volailles","2023","2023","1000 t","233","I","Valeur imputée par une agence réceptrice",""
"FBS","Bilans Alimentaires (2010-)","348","Hongrie","661","Disponibilité alimentaire (Kcal)","S2734","Viande de Volailles","2023","2023","millions de kcal","333770.93","I","Valeur imputée par une agence réceptrice",""
"FBS","Bilans Alimentaires (2010-)","584","Îles Marshall","5611","Importations - quantité","S2734","Viande de Volailles","2023","2023","1000 t","3","I","Valeur imputée par une agence réceptrice",""
"FBS","Bilans Alimentaires (2010-)","584","Îles Marshall","5301","Disponibilité intérieure","S2734","Viande de Volailles","2023","2023","1000 t","3","I","Valeur imputée par une agence réceptrice",""
"FBS","Bilans Alimentaires (2010-)","584","Îles Marshall","5142","Nourriture","S2734","Viande de Volailles","2023","2023","1000 t","3","I","Valeur imputée par une agence réceptrice",""
"FBS","Bilans Alimentaires (2010-)","584","Îles Marshall","661","Disponibilité alimentaire (Kcal)","S2734","Viande de Volailles","2023","2023","millions de kcal","3957.63","I","Valeur imputée par une agence réceptrice",""
"FBS","Bilans Alimentaires (2010-)","090","Îles Salomon","5511","Production","S2734","Viande de Volailles","2023","2023","1000 t","0","I","Valeur imputée par une agence réceptrice",""
"FBS","Bilans Alimentaires (2010-)","090","Îles Salomon","5611","Importations - quantité","S2734","Viande de Volailles","2023","2023","1000 t","7","I","Valeur imputée par une agence réceptrice",""
"FBS","Bilans Alimentaires (2010-)","090","Îles Salomon","5301","Disponibilité intérieure","S2734","Viande de Volailles","2023","2023","1000 t","7","I","Valeur imputée par une agence réceptrice",""
"FBS","Bilans Alimentaires (2010-)","090","Îles Salomon","5142","Nourriture","S2734","Viande de Volailles","2023","2023","1000 t","7","I","Valeur imputée par une agence réceptrice",""
"FBS","Bilans Alimentaires (2010-)","090","Îles Salomon","661","Disponibilité alimentaire (Kcal)","S2734","Viande de Volailles","2023","2023","millions de kcal","10633.36","I","Valeur imputée par une agence réceptrice",""
"FBS","Bilans Alimentaires (2010-)","356","Inde","5511","Production","S2734","Viande de Volailles","2023","2023","1000 t","5063","I","Valeur imputée par une agence réceptrice",""
"FBS","Bilans Alimentaires (2010-)","356","Inde","5611","Importations - quantité","S2734","Viande de Volailles","2023","2023","1000 t","0","I","Valeur imputée par une agence réceptrice",""
"FBS","Bilans Alimentaires (2010-)","356","Inde","5301","Disponibilité intérieure","S2734","Viande de Volailles","2023","2023","1000 t","5059","I","Valeur imputée par une agence réceptrice",""
"FBS","Bilans Alimentaires (2010-)","356","Inde","5142","Nourriture","S2734","Viande de Volailles","2023","2023","1000 t","5059","I","Valeur imputée par une agence réceptrice",""
"FBS","Bilans Alimentaires (2010-)","356","Inde","661","Disponibilité alimentaire (Kcal)","S2734","Viande de Volailles","2023","2023","millions de kcal","6987135.78","I","Valeur imputée par une agence réceptrice",""
"FBS","Bilans Alimentaires (2010-)","360","Indonésie","5511","Production","S2734","Viande de Volailles","2023","2023","1000 t","4494","I","Valeur imputée par une agence réceptrice",""
"FBS","Bilans Alimentaires (2010-)","360","Indonésie","5611","Importations - quantité","S2734","Viande de Volailles","2023","2023","1000 t","0","I","Valeur imputée par une agence réceptrice",""
"FBS","Bilans Alimentaires (2010-)","360","Indonésie","5301","Disponibilité intérieure","S2734","Viande de Volailles","2023","2023","1000 t","4486","I","Valeur imputée par une agence réceptrice",""
"FBS","Bilans Alimentaires (2010-)","360","Indonésie","5142","Nourriture","S2734","Viande de Volailles","2023","2023","1000 t","4486","I","Valeur imputée par une agence réceptrice",""
"FBS","Bilans Alimentaires (2010-)","360","Indonésie","661","Disponibilité alimentaire (Kcal)","S2734","Viande de Volailles","2023","2023","millions de kcal","6197321.43","I","Valeur imputée par une agence réceptrice",""
"FBS","Bilans Alimentaires (2010-)","364","Iran (République islamique d')","5511","Production","S2734","Viande de Volailles","2023","2023","1000 t","2078","I","Valeur imputée par une agence réceptrice",""
"FBS","Bilans Alimentaires (2010-)","364","Iran (République islamique d')","5611","Importations - quantité","S2734","Viande de Volailles","2023","2023","1000 t","68","I","Valeur imputée par une agence réceptrice",""
"FBS","Bilans Alimentaires (2010-)","364","Iran (République islamique d')","5301","Disponibilité intérieure","S2734","Viande de Volailles","2023","2023","1000 t","2143","I","Valeur imputée par une agence réceptrice",""
"FBS","Bilans Alimentaires (2010-)","364","Iran (République islamique d')","5142","Nourriture","S2734","Viande de Volailles","2023","2023","1000 t","2127","I","Valeur imputée par une agence réceptrice",""
"FBS","Bilans Alimentaires (2010-)","364","Iran (République islamique d')","661","Disponibilité alimentaire (Kcal)","S2734","Viande de Volailles","2023","2023","millions de kcal","2933102.21","I","Valeur imputée par une agence réceptrice",""
"FBS","Bilans Alimentaires (2010-)","368","Iraq","5511","Production","S2734","Viande de Volailles","2023","2023","1000 t","175","I","Valeur imputée par une agence réceptrice",""
"FBS","Bilans Alimentaires (2010-)","368","Iraq","5611","Importations - quantité","S2734","Viande de Volailles","2023","2023","1000 t","520","I","Valeur imputée par une agence réceptrice",""
"FBS","Bilans Alimentaires (2010-)","368","Iraq","5301","Disponibilité intérieure","S2734","Viande de Volailles","2023","2023","1000 t","695","I","Valeur imputée par une agence réceptrice",""
"FBS","Bilans Alimentaires (2010-)","368","Iraq","5142","Nourriture","S2734","Viande de Volailles","2023","2023","1000 t","695","I","Valeur imputée par une agence réceptrice",""
"FBS","Bilans Alimentaires (2010-)","368","Iraq","661","Disponibilité alimentaire (Kcal)","S2734","Viande de Volailles","2023","2023","millions de kcal","959785.07","I","Valeur imputée par une agence réceptrice",""
"FBS","Bilans Alimentaires (2010-)","372","Irlande","5511","Production","S2734","Viande de Volailles","2023","2023","1000 t","166","I","Valeur imputée par une agence réceptrice",""
"FBS","Bilans Alimentaires (2010-)","372","Irlande","5611","Importations - quantité","S2734","Viande de Volailles","2023","2023","1000 t","112","I","Valeur imputée par une agence réceptrice",""
"FBS","Bilans Alimentaires (2010-)","372","Irlande","5301","Disponibilité intérieure","S2734","Viande de Volailles","2023","2023","1000 t","216","I","Valeur imputée par une agence réceptrice",""
"FBS","Bilans Alimentaires (2010-)","372","Irlande","5142","Nourriture","S2734","Viande de Volailles","2023","2023","1000 t","188","I","Valeur imputée par une agence réceptrice",""
"FBS","Bilans Alimentaires (2010-)","372","Irlande","661","Disponibilité alimentaire (Kcal)","S2734","Viande de Volailles","2023","2023","millions de kcal","406839.23","I","Valeur imputée par une agence réceptrice",""
"FBS","Bilans Alimentaires (2010-)","352","Islande","5511","Production","S2734","Viande de Volailles","2023","2023","1000 t","10","I","Valeur imputée par une agence réceptrice",""
"FBS","Bilans Alimentaires (2010-)","352","Islande","5611","Importations - quantité","S2734","Viande de Volailles","2023","2023","1000 t","3","I","Valeur imputée par une agence réceptrice",""
"FBS","Bilans Alimentaires (2010-)","352","Islande","5301","Disponibilité intérieure","S2734","Viande de Volailles","2023","2023","1000 t","12","I","Valeur imputée par une agence réceptrice",""
"FBS","Bilans Alimentaires (2010-)","352","Islande","5142","Nourriture","S2734","Viande de Volailles","2023","2023","1000 t","12","I","Valeur imputée par une agence réceptrice",""
"FBS","Bilans Alimentaires (2010-)","352","Islande","661","Disponibilité alimentaire (Kcal)","S2734","Viande de Volailles","2023","2023","millions de kcal","16910.91","I","Valeur imputée par une agence réceptrice",""
"FBS","Bilans Alimentaires (2010-)","376","Israël","5511","Production","S2734","Viande de Volailles","2023","2023","1000 t","681","I","Valeur imputée par une agence réceptrice",""
"FBS","Bilans Alimentaires (2010-)","376","Israël","5611","Importations - quantité","S2734","Viande de Volailles","2023","2023","1000 t","0","I","Valeur imputée par une agence réceptrice",""
"FBS","Bilans Alimentaires (2010-)","376","Israël","5301","Disponibilité intérieure","S2734","Viande de Volailles","2023","2023","1000 t","675","I","Valeur imputée par une agence réceptrice",""
"FBS","Bilans Alimentaires (2010-)","376","Israël","5142","Nourriture","S2734","Viande de Volailles","2023","2023","1000 t","674","I","Valeur imputée par une agence réceptrice",""
"FBS","Bilans Alimentaires (2010-)","376","Israël","661","Disponibilité alimentaire (Kcal)","S2734","Viande de Volailles","2023","2023","millions de kcal","916190.38","I","Valeur imputée par une agence réceptrice",""
"FBS","Bilans Alimentaires (2010-)","380","Italie","5511","Production","S2734","Viande de Volailles","2023","2023","1000 t","1328","I","Valeur imputée par une agence réceptrice",""
"FBS","Bilans Alimentaires (2010-)","380","Italie","5611","Importations - quantité","S2734","Viande de Volailles","2023","2023","1000 t","122","I","Valeur imputée par une agence réceptrice",""
"FBS","Bilans Alimentaires (2010-)","380","Italie","5301","Disponibilité intérieure","S2734","Viande de Volailles","2023","2023","1000 t","1218","I","Valeur imputée par une agence réceptrice",""
"FBS","Bilans Alimentaires (2010-)","380","Italie","5142","Nourriture","S2734","Viande de Volailles","2023","2023","1000 t","1218","I","Valeur imputée par une agence réceptrice",""
"FBS","Bilans Alimentaires (2010-)","380","Italie","661","Disponibilité alimentaire (Kcal)","S2734","Viande de Volailles","2023","2023","millions de kcal","1639749.1","I","Valeur imputée par une agence réceptrice",""
"FBS","Bilans Alimentaires (2010-)","388","Jamaïque","5511","Production","S2734","Viande de Volailles","2023","2023","1000 t","138","I","Valeur imputée par une agence réceptrice",""
"FBS","Bilans Alimentaires (2010-)","388","Jamaïque","5611","Importations - quantité","S2734","Viande de Volailles","2023","2023","1000 t","26","I","Valeur imputée par une agence réceptrice",""
"FBS","Bilans Alimentaires (2010-)","388","Jamaïque","5301","Disponibilité intérieure","S2734","Viande de Volailles","2023","2023","1000 t","164","I","Valeur imputée par une agence réceptrice",""
"FBS","Bilans Alimentaires (2010-)","388","Jamaïque","5142","Nourriture","S2734","Viande de Volailles","2023","2023","1000 t","161","I","Valeur imputée par une agence réceptrice",""
"FBS","Bilans Alimentaires (2010-)","388","Jamaïque","661","Disponibilité alimentaire (Kcal)","S2734","Viande de Volailles","2023","2023","millions de kcal","222012.08","I","Valeur imputée par une agence réceptrice",""
"FBS","Bilans Alimentaires (2010-)","400","Jordanie","5511","Production","S2734","Viande de Volailles","2023","2023","1000 t","215","I","Valeur imputée par une agence réceptrice",""
"FBS","Bilans Alimentaires (2010-)","400","Jordanie","5611","Importations - quantité","S2734","Viande de Volailles","2023","2023","1000 t","61","I","Valeur imputée par une agence réceptrice",""
"FBS","Bilans Alimentaires (2010-)","400","Jordanie","5301","Disponibilité intérieure","S2734","Viande de Volailles","2023","2023","1000 t","265","I","Valeur imputée par une agence réceptrice",""
"FBS","Bilans Alimentaires (2010-)","400","Jordanie","5142","Nourriture","S2734","Viande de Volailles","2023","2023","1000 t","265","I","Valeur imputée par une agence réceptrice",""
"FBS","Bilans Alimentaires (2010-)","400","Jordanie","661","Disponibilité alimentaire (Kcal)","S2734","Viande de Volailles","2023","2023","millions de kcal","364259.83","I","Valeur imputée par une agence réceptrice",""
"FBS","Bilans Alimentaires (2010-)","398","Kazakhstan","5511","Production","S2734","Viande de Volailles","2023","2023","1000 t","342","I","Valeur imputée par une agence réceptrice",""
"FBS","Bilans Alimentaires (2010-)","398","Kazakhstan","5611","Importations - quantité","S2734","Viande de Volailles","2023","2023","1000 t","165","I","Valeur imputée par une agence réceptrice",""
"FBS","Bilans Alimentaires (2010-)","398","Kazakhstan","5301","Disponibilité intérieure","S2734","Viande de Volailles","2023","2023","1000 t","476","I","Valeur imputée par une agence réceptrice",""
"FBS","Bilans Alimentaires (2010-)","398","Kazakhstan","5142","Nourriture","S2734","Viande de Volailles","2023","2023","1000 t","476","I","Valeur imputée par une agence réceptrice",""
"FBS","Bilans Alimentaires (2010-)","398","Kazakhstan","661","Disponibilité alimentaire (Kcal)","S2734","Viande de Volailles","2023","2023","millions de kcal","658332.83","I","Valeur imputée par une agence réceptrice",""
"FBS","Bilans Alimentaires (2010-)","404","Kenya","5511","Production","S2734","Viande de Volailles","2023","2023","1000 t","94","I","Valeur imputée par une agence réceptrice",""
"FBS","Bilans Alimentaires (2010-)","404","Kenya","5611","Importations - quantité","S2734","Viande de Volailles","2023","2023","1000 t","1","I","Valeur imputée par une agence réceptrice",""
"FBS","Bilans Alimentaires (2010-)","404","Kenya","5301","Disponibilité intérieure","S2734","Viande de Volailles","2023","2023","1000 t","95","I","Valeur imputée par une agence réceptrice",""
"FBS","Bilans Alimentaires (2010-)","404","Kenya","5142","Nourriture","S2734","Viande de Volailles","2023","2023","1000 t","95","I","Valeur imputée par une agence réceptrice",""
"FBS","Bilans Alimentaires (2010-)","404","Kenya","661","Disponibilité alimentaire (Kcal)","S2734","Viande de Volailles","2023","2023","millions de kcal","130375.25","I","Valeur imputée par une agence réceptrice",""
"FBS","Bilans Alimentaires (2010-)","417","Kirghizistan","5511","Production","S2734","Viande de Volailles","2023","2023","1000 t","14","I","Valeur imputée par une agence réceptrice",""
"FBS","Bilans Alimentaires (2010-)","417","Kirghizistan","5611","Importations - quantité","S2734","Viande de Volailles","2023","2023","1000 t","54","I","Valeur imputée par une agence réceptrice",""
"FBS","Bilans Alimentaires (2010-)","417","Kirghizistan","5301","Disponibilité intérieure","S2734","Viande de Volailles","2023","2023","1000 t","62","I","Valeur imputée par une agence réceptrice",""
"FBS","Bilans Alimentaires (2010-)","417","Kirghizistan","5142","Nourriture","S2734","Viande de Volailles","2023","2023","1000 t","62","I","Valeur imputée par une agence réceptrice",""
"FBS","Bilans Alimentaires (2010-)","417","Kirghizistan","661","Disponibilité alimentaire (Kcal)","S2734","Viande de Volailles","2023","2023","millions de kcal","87338.17","I","Valeur imputée par une agence réceptrice",""
"FBS","Bilans Alimentaires (2010-)","296","Kiribati","5511","Production","S2734","Viande de Volailles","2023","2023","1000 t","1","I","Valeur imputée par une agence réceptrice",""
"FBS","Bilans Alimentaires (2010-)","296","Kiribati","5611","Importations - quantité","S2734","Viande de Volailles","2023","2023","1000 t","2","I","Valeur imputée par une agence réceptrice",""
"FBS","Bilans Alimentaires (2010-)","296","Kiribati","5301","Disponibilité intérieure","S2734","Viande de Volailles","2023","2023","1000 t","3","I","Valeur imputée par une agence réceptrice",""
"FBS","Bilans Alimentaires (2010-)","296","Kiribati","5142","Nourriture","S2734","Viande de Volailles","2023","2023","1000 t","3","I","Valeur imputée par une agence réceptrice",""
"FBS","Bilans Alimentaires (2010-)","296","Kiribati","661","Disponibilité alimentaire (Kcal)","S2734","Viande de Volailles","2023","2023","millions de kcal","4758.63","I","Valeur imputée par une agence réceptrice",""
"FBS","Bilans Alimentaires (2010-)","414","Koweït","5511","Production","S2734","Viande de Volailles","2023","2023","1000 t","61","I","Valeur imputée par une agence réceptrice",""
"FBS","Bilans Alimentaires (2010-)","414","Koweït","5611","Importations - quantité","S2734","Viande de Volailles","2023","2023","1000 t","127","I","Valeur imputée par une agence réceptrice",""
"FBS","Bilans Alimentaires (2010-)","414","Koweït","5301","Disponibilité intérieure","S2734","Viande de Volailles","2023","2023","1000 t","178","I","Valeur imputée par une agence réceptrice",""
"FBS","Bilans Alimentaires (2010-)","414","Koweït","5142","Nourriture","S2734","Viande de Volailles","2023","2023","1000 t","178","I","Valeur imputée par une agence réceptrice",""
"FBS","Bilans Alimentaires (2010-)","414","Koweït","661","Disponibilité alimentaire (Kcal)","S2734","Viande de Volailles","2023","2023","millions de kcal","249392.84","I","Valeur imputée par une agence réceptrice",""
"FBS","Bilans Alimentaires (2010-)","426","Lesotho","5511","Production","S2734","Viande de Volailles","2023","2023","1000 t","0","I","Valeur imputée par une agence réceptrice",""
"FBS","Bilans Alimentaires (2010-)","426","Lesotho","5611","Importations - quantité","S2734","Viande de Volailles","2023","2023","1000 t","17","I","Valeur imputée par une agence réceptrice",""
"FBS","Bilans Alimentaires (2010-)","426","Lesotho","5301","Disponibilité intérieure","S2734","Viande de Volailles","2023","2023","1000 t","17","I","Valeur imputée par une agence réceptrice",""
"FBS","Bilans Alimentaires (2010-)","426","Lesotho","5142","Nourriture","S2734","Viande de Volailles","2023","2023","1000 t","17","I","Valeur imputée par une agence réceptrice",""
"FBS","Bilans Alimentaires (2010-)","426","Lesotho","661","Disponibilité alimentaire (Kcal)","S2734","Viande de Volailles","2023","2023","millions de kcal","23915.98","I","Valeur imputée par une agence réceptrice",""
"FBS","Bilans Alimentaires (2010-)","428","Lettonie","5511","Production","S2734","Viande de Volailles","2023","2023","1000 t","37","I","Valeur imputée par une agence réceptrice",""
"FBS","Bilans Alimentaires (2010-)","428","Lettonie","5611","Importations - quantité","S2734","Viande de Volailles","2023","2023","1000 t","46","I","Valeur imputée par une agence réceptrice",""
"FBS","Bilans Alimentaires (2010-)","428","Lettonie","5301","Disponibilité intérieure","S2734","Viande de Volailles","2023","2023","1000 t","61","I","Valeur imputée par une agence réceptrice",""
"FBS","Bilans Alimentaires (2010-)","428","Lettonie","5142","Nourriture","S2734","Viande de Volailles","2023","2023","1000 t","61","I","Valeur imputée par une agence réceptrice",""
"FBS","Bilans Alimentaires (2010-)","428","Lettonie","661","Disponibilité alimentaire (Kcal)","S2734","Viande de Volailles","2023","2023","millions de kcal","85213.09","I","Valeur imputée par une agence réceptrice",""
"FBS","Bilans Alimentaires (2010-)","422","Liban","5511","Production","S2734","Viande de Volailles","2023","2023","1000 t","122","I","Valeur imputée par une agence réceptrice",""
"FBS","Bilans Alimentaires (2010-)","422","Liban","5611","Importations - quantité","S2734","Viande de Volailles","2023","2023","1000 t","11","I","Valeur imputée par une agence réceptrice",""
"FBS","Bilans Alimentaires (2010-)","422","Liban","5301","Disponibilité intérieure","S2734","Viande de Volailles","2023","2023","1000 t","130","I","Valeur imputée par une agence réceptrice",""
"FBS","Bilans Alimentaires (2010-)","422","Liban","5142","Nourriture","S2734","Viande de Volailles","2023","2023","1000 t","130","I","Valeur imputée par une agence réceptrice",""
"FBS","Bilans Alimentaires (2010-)","422","Liban","661","Disponibilité alimentaire (Kcal)","S2734","Viande de Volailles","2023","2023","millions de kcal","179258.57","I","Valeur imputée par une agence réceptrice",""
"FBS","Bilans Alimentaires (2010-)","430","Libéria","5511","Production","S2734","Viande de Volailles","2023","2023","1000 t","15","I","Valeur imputée par une agence réceptrice",""
"FBS","Bilans Alimentaires (2010-)","430","Libéria","5611","Importations - quantité","S2734","Viande de Volailles","2023","2023","1000 t","4","I","Valeur imputée par une agence réceptrice",""
"FBS","Bilans Alimentaires (2010-)","430","Libéria","5301","Disponibilité intérieure","S2734","Viande de Volailles","2023","2023","1000 t","19","I","Valeur imputée par une agence réceptrice",""
"FBS","Bilans Alimentaires (2010-)","430","Libéria","5142","Nourriture","S2734","Viande de Volailles","2023","2023","1000 t","19","I","Valeur imputée par une agence réceptrice",""
"FBS","Bilans Alimentaires (2010-)","430","Libéria","661","Disponibilité alimentaire (Kcal)","S2734","Viande de Volailles","2023","2023","millions de kcal","26709.39","I","Valeur imputée par une agence réceptrice",""
"FBS","Bilans Alimentaires (2010-)","434","Libye","5511","Production","S2734","Viande de Volailles","2023","2023","1000 t","131","I","Valeur imputée par une agence réceptrice",""
"FBS","Bilans Alimentaires (2010-)","434","Libye","5611","Importations - quantité","S2734","Viande de Volailles","2023","2023","1000 t","97","I","Valeur imputée par une agence réceptrice",""
"FBS","Bilans Alimentaires (2010-)","434","Libye","5301","Disponibilité intérieure","S2734","Viande de Volailles","2023","2023","1000 t","229","I","Valeur imputée par une agence réceptrice",""
"FBS","Bilans Alimentaires (2010-)","434","Libye","5142","Nourriture","S2734","Viande de Volailles","2023","2023","1000 t","229","I","Valeur imputée par une agence réceptrice",""
"FBS","Bilans Alimentaires (2010-)","434","Libye","661","Disponibilité alimentaire (Kcal)","S2734","Viande de Volailles","2023","2023","millions de kcal","315035.71","I","Valeur imputée par une agence réceptrice",""
"FBS","Bilans Alimentaires (2010-)","440","Lituanie","5511","Production","S2734","Viande de Volailles","2023","2023","1000 t","86","I","Valeur imputée par une agence réceptrice",""
"FBS","Bilans Alimentaires (2010-)","440","Lituanie","5611","Importations - quantité","S2734","Viande de Volailles","2023","2023","1000 t","58","I","Valeur imputée par une agence réceptrice",""
"FBS","Bilans Alimentaires (2010-)","440","Lituanie","5301","Disponibilité intérieure","S2734","Viande de Volailles","2023","2023","1000 t","80","I","Valeur imputée par une agence réceptrice",""
"FBS","Bilans Alimentaires (2010-)","440","Lituanie","5142","Nourriture","S2734","Viande de Volailles","2023","2023","1000 t","79","I","Valeur imputée par une agence réceptrice",""
"FBS","Bilans Alimentaires (2010-)","440","Lituanie","661","Disponibilité alimentaire (Kcal)","S2734","Viande de Volailles","2023","2023","millions de kcal","108092.09","I","Valeur imputée par une agence réceptrice",""
"FBS","Bilans Alimentaires (2010-)","442","Luxembourg","5511","Production","S2734","Viande de Volailles","2023","2023","1000 t","0","I","Valeur imputée par une agence réceptrice",""
"FBS","Bilans Alimentaires (2010-)","442","Luxembourg","5611","Importations - quantité","S2734","Viande de Volailles","2023","2023","1000 t","14","I","Valeur imputée par une agence réceptrice",""
"FBS","Bilans Alimentaires (2010-)","442","Luxembourg","5301","Disponibilité intérieure","S2734","Viande de Volailles","2023","2023","1000 t","13","I","Valeur imputée par une agence réceptrice",""
"FBS","Bilans Alimentaires (2010-)","442","Luxembourg","5142","Nourriture","S2734","Viande de Volailles","2023","2023","1000 t","13","I","Valeur imputée par une agence réceptrice",""
"FBS","Bilans Alimentaires (2010-)","442","Luxembourg","661","Disponibilité alimentaire (Kcal)","S2734","Viande de Volailles","2023","2023","millions de kcal","19148.78","I","Valeur imputée par une agence réceptrice",""
"FBS","Bilans Alimentaires (2010-)","807","Macédoine du Nord","5511","Production","S2734","Viande de Volailles","2023","2023","1000 t","2","I","Valeur imputée par une agence réceptrice",""
"FBS","Bilans Alimentaires (2010-)","807","Macédoine du Nord","5611","Importations - quantité","S2734","Viande de Volailles","2023","2023","1000 t","40","I","Valeur imputée par une agence réceptrice",""
"FBS","Bilans Alimentaires (2010-)","807","Macédoine du Nord","5301","Disponibilité intérieure","S2734","Viande de Volailles","2023","2023","1000 t","41","I","Valeur imputée par une agence réceptrice",""
"FBS","Bilans Alimentaires (2010-)","807","Macédoine du Nord","5142","Nourriture","S2734","Viande de Volailles","2023","2023","1000 t","41","I","Valeur imputée par une agence réceptrice",""
"FBS","Bilans Alimentaires (2010-)","807","Macédoine du Nord","661","Disponibilité alimentaire (Kcal)","S2734","Viande de Volailles","2023","2023","millions de kcal","58042.79","I","Valeur imputée par une agence réceptrice",""
"FBS","Bilans Alimentaires (2010-)","450","Madagascar","5511","Production","S2734","Viande de Volailles","2023","2023","1000 t","91","I","Valeur imputée par une agence réceptrice",""
"FBS","Bilans Alimentaires (2010-)","450","Madagascar","5611","Importations - quantité","S2734","Viande de Volailles","2023","2023","1000 t","0","I","Valeur imputée par une agence réceptrice",""
"FBS","Bilans Alimentaires (2010-)","450","Madagascar","5301","Disponibilité intérieure","S2734","Viande de Volailles","2023","2023","1000 t","91","I","Valeur imputée par une agence réceptrice",""
"FBS","Bilans Alimentaires (2010-)","450","Madagascar","5142","Nourriture","S2734","Viande de Volailles","2023","2023","1000 t","91","I","Valeur imputée par une agence réceptrice",""
"FBS","Bilans Alimentaires (2010-)","450","Madagascar","661","Disponibilité alimentaire (Kcal)","S2734","Viande de Volailles","2023","2023","millions de kcal","144916.97","I","Valeur imputée par une agence réceptrice",""
"FBS","Bilans Alimentaires (2010-)","458","Malaisie","5511","Production","S2734","Viande de Volailles","2023","2023","1000 t","1632","I","Valeur imputée par une agence réceptrice",""
"FBS","Bilans Alimentaires (2010-)","458","Malaisie","5611","Importations - quantité","S2734","Viande de Volailles","2023","2023","1000 t","238","I","Valeur imputée par une agence réceptrice",""
"FBS","Bilans Alimentaires (2010-)","458","Malaisie","5301","Disponibilité intérieure","S2734","Viande de Volailles","2023","2023","1000 t","1821","I","Valeur imputée par une agence réceptrice",""
"FBS","Bilans Alimentaires (2010-)","458","Malaisie","5142","Nourriture","S2734","Viande de Volailles","2023","2023","1000 t","1823","I","Valeur imputée par une agence réceptrice",""
"FBS","Bilans Alimentaires (2010-)","458","Malaisie","661","Disponibilité alimentaire (Kcal)","S2734","Viande de Volailles","2023","2023","millions de kcal","2539044.6","I","Valeur imputée par une agence réceptrice",""
"FBS","Bilans Alimentaires (2010-)","454","Malawi","5511","Production","S2734","Viande de Volailles","2023","2023","1000 t","102","I","Valeur imputée par une agence réceptrice",""
"FBS","Bilans Alimentaires (2010-)","454","Malawi","5611","Importations - quantité","S2734","Viande de Volailles","2023","2023","1000 t","0","I","Valeur imputée par une agence réceptrice",""
"FBS","Bilans Alimentaires (2010-)","454","Malawi","5301","Disponibilité intérieure","S2734","Viande de Volailles","2023","2023","1000 t","98","I","Valeur imputée par une agence réceptrice",""
"FBS","Bilans Alimentaires (2010-)","454","Malawi","5142","Nourriture","S2734","Viande de Volailles","2023","2023","1000 t","98","I","Valeur imputée par une agence réceptrice",""
"FBS","Bilans Alimentaires (2010-)","454","Malawi","661","Disponibilité alimentaire (Kcal)","S2734","Viande de Volailles","2023","2023","millions de kcal","135455.07","I","Valeur imputée par une agence réceptrice",""
"FBS","Bilans Alimentaires (2010-)","462","Maldives","5611","Importations - quantité","S2734","Viande de Volailles","2023","2023","1000 t","15","I","Valeur imputée par une agence réceptrice",""
"FBS","Bilans Alimentaires (2010-)","462","Maldives","5301","Disponibilité intérieure","S2734","Viande de Volailles","2023","2023","1000 t","15","I","Valeur imputée par une agence réceptrice",""
"FBS","Bilans Alimentaires (2010-)","462","Maldives","5142","Nourriture","S2734","Viande de Volailles","2023","2023","1000 t","9","I","Valeur imputée par une agence réceptrice",""
"FBS","Bilans Alimentaires (2010-)","462","Maldives","661","Disponibilité alimentaire (Kcal)","S2734","Viande de Volailles","2023","2023","millions de kcal","12959.31","I","Valeur imputée par une agence réceptrice",""
"FBS","Bilans Alimentaires (2010-)","470","Malte","5511","Production","S2734","Viande de Volailles","2023","2023","1000 t","5","I","Valeur imputée par une agence réceptrice",""
"FBS","Bilans Alimentaires (2010-)","470","Malte","5611","Importations - quantité","S2734","Viande de Volailles","2023","2023","1000 t","11","I","Valeur imputée par une agence réceptrice",""
"FBS","Bilans Alimentaires (2010-)","470","Malte","5301","Disponibilité intérieure","S2734","Viande de Volailles","2023","2023","1000 t","15","I","Valeur imputée par une agence réceptrice",""
"FBS","Bilans Alimentaires (2010-)","470","Malte","5142","Nourriture","S2734","Viande de Volailles","2023","2023","1000 t","15","I","Valeur imputée par une agence réceptrice",""
"FBS","Bilans Alimentaires (2010-)","470","Malte","661","Disponibilité alimentaire (Kcal)","S2734","Viande de Volailles","2023","2023","millions de kcal","21191.38","I","Valeur imputée par une agence réceptrice",""
"FBS","Bilans Alimentaires (2010-)","504","Maroc","5511","Production","S2734","Viande de Volailles","2023","2023","1000 t","700","I","Valeur imputée par une agence réceptrice",""
"FBS","Bilans Alimentaires (2010-)","504","Maroc","5611","Importations - quantité","S2734","Viande de Volailles","2023","2023","1000 t","9","I","Valeur imputée par une agence réceptrice",""
"FBS","Bilans Alimentaires (2010-)","504","Maroc","5301","Disponibilité intérieure","S2734","Viande de Volailles","2023","2023","1000 t","708","I","Valeur imputée par une agence réceptrice",""
"FBS","Bilans Alimentaires (2010-)","504","Maroc","5142","Nourriture","S2734","Viande de Volailles","2023","2023","1000 t","708","I","Valeur imputée par une agence réceptrice",""
"FBS","Bilans Alimentaires (2010-)","504","Maroc","661","Disponibilité alimentaire (Kcal)","S2734","Viande de Volailles","2023","2023","millions de kcal","947659.56","I","Valeur imputée par une agence réceptrice",""
"FBS","Bilans Alimentaires (2010-)","480","Maurice","5511","Production","S2734","Viande de Volailles","2023","2023","1000 t","59","I","Valeur imputée par une agence réceptrice",""
"FBS","Bilans Alimentaires (2010-)","480","Maurice","5611","Importations - quantité","S2734","Viande de Volailles","2023","2023","1000 t","4","I","Valeur imputée par une agence réceptrice",""
"FBS","Bilans Alimentaires (2010-)","480","Maurice","5301","Disponibilité intérieure","S2734","Viande de Volailles","2023","2023","1000 t","63","I","Valeur imputée par une agence réceptrice",""
"FBS","Bilans Alimentaires (2010-)","480","Maurice","5142","Nourriture","S2734","Viande de Volailles","2023","2023","1000 t","63","I","Valeur imputée par une agence réceptrice",""
"FBS","Bilans Alimentaires (2010-)","480","Maurice","661","Disponibilité alimentaire (Kcal)","S2734","Viande de Volailles","2023","2023","millions de kcal","87232.81","I","Valeur imputée par une agence réceptrice",""
"FBS","Bilans Alimentaires (2010-)","478","Mauritanie","5511","Production","S2734","Viande de Volailles","2023","2023","1000 t","5","I","Valeur imputée par une agence réceptrice",""
"FBS","Bilans Alimentaires (2010-)","478","Mauritanie","5611","Importations - quantité","S2734","Viande de Volailles","2023","2023","1000 t","52","I","Valeur imputée par une agence réceptrice",""
"FBS","Bilans Alimentaires (2010-)","478","Mauritanie","5301","Disponibilité intérieure","S2734","Viande de Volailles","2023","2023","1000 t","57","I","Valeur imputée par une agence réceptrice",""
"FBS","Bilans Alimentaires (2010-)","478","Mauritanie","5142","Nourriture","S2734","Viande de Volailles","2023","2023","1000 t","57","I","Valeur imputée par une agence réceptrice",""
"FBS","Bilans Alimentaires (2010-)","478","Mauritanie","661","Disponibilité alimentaire (Kcal)","S2734","Viande de Volailles","2023","2023","millions de kcal","78189.61","I","Valeur imputée par une agence réceptrice",""
"FBS","Bilans Alimentaires (2010-)","484","Mexique","5511","Production","S2734","Viande de Volailles","2023","2023","1000 t","3907","I","Valeur imputée par une agence réceptrice",""
"FBS","Bilans Alimentaires (2010-)","484","Mexique","5611","Importations - quantité","S2734","Viande de Volailles","2023","2023","1000 t","1102","I","Valeur imputée par une agence réceptrice",""
"FBS","Bilans Alimentaires (2010-)","484","Mexique","5301","Disponibilité intérieure","S2734","Viande de Volailles","2023","2023","1000 t","5006","I","Valeur imputée par une agence réceptrice",""
"FBS","Bilans Alimentaires (2010-)","484","Mexique","5142","Nourriture","S2734","Viande de Volailles","2023","2023","1000 t","5006","I","Valeur imputée par une agence réceptrice",""
"FBS","Bilans Alimentaires (2010-)","484","Mexique","661","Disponibilité alimentaire (Kcal)","S2734","Viande de Volailles","2023","2023","millions de kcal","6871949.48","I","Valeur imputée par une agence réceptrice",""
"FBS","Bilans Alimentaires (2010-)","583","Micronésie (États fédérés de)","5511","Production","S2734","Viande de Volailles","2023","2023","1000 t","0","I","Valeur imputée par une agence réceptrice",""
"FBS","Bilans Alimentaires (2010-)","583","Micronésie (États fédérés de)","5611","Importations - quantité","S2734","Viande de Volailles","2023","2023","1000 t","4","I","Valeur imputée par une agence réceptrice",""
"FBS","Bilans Alimentaires (2010-)","583","Micronésie (États fédérés de)","5301","Disponibilité intérieure","S2734","Viande de Volailles","2023","2023","1000 t","4","I","Valeur imputée par une agence réceptrice",""
"FBS","Bilans Alimentaires (2010-)","583","Micronésie (États fédérés de)","5142","Nourriture","S2734","Viande de Volailles","2023","2023","1000 t","4","I","Valeur imputée par une agence réceptrice",""
"FBS","Bilans Alimentaires (2010-)","583","Micronésie (États fédérés de)","661","Disponibilité alimentaire (Kcal)","S2734","Viande de Volailles","2023","2023","millions de kcal","5778.26","I","Valeur imputée par une agence réceptrice",""
"FBS","Bilans Alimentaires (2010-)","496","Mongolie","5511","Production","S2734","Viande de Volailles","2023","2023","1000 t","0","I","Valeur imputée par une agence réceptrice",""
"FBS","Bilans Alimentaires (2010-)","496","Mongolie","5611","Importations - quantité","S2734","Viande de Volailles","2023","2023","1000 t","26","I","Valeur imputée par une agence réceptrice",""
"FBS","Bilans Alimentaires (2010-)","496","Mongolie","5301","Disponibilité intérieure","S2734","Viande de Volailles","2023","2023","1000 t","26","I","Valeur imputée par une agence réceptrice",""
"FBS","Bilans Alimentaires (2010-)","496","Mongolie","5142","Nourriture","S2734","Viande de Volailles","2023","2023","1000 t","26","I","Valeur imputée par une agence réceptrice",""
"FBS","Bilans Alimentaires (2010-)","496","Mongolie","661","Disponibilité alimentaire (Kcal)","S2734","Viande de Volailles","2023","2023","millions de kcal","36395.7","I","Valeur imputée par une agence réceptrice",""
"FBS","Bilans Alimentaires (2010-)","499","Monténégro","5511","Production","S2734","Viande de Volailles","2023","2023","1000 t","2","I","Valeur imputée par une agence réceptrice",""
"FBS","Bilans Alimentaires (2010-)","499","Monténégro","5611","Importations - quantité","S2734","Viande de Volailles","2023","2023","1000 t","12","I","Valeur imputée par une agence réceptrice",""
"FBS","Bilans Alimentaires (2010-)","499","Monténégro","5301","Disponibilité intérieure","S2734","Viande de Volailles","2023","2023","1000 t","14","I","Valeur imputée par une agence réceptrice",""
"FBS","Bilans Alimentaires (2010-)","499","Monténégro","5142","Nourriture","S2734","Viande de Volailles","2023","2023","1000 t","14","I","Valeur imputée par une agence réceptrice",""
"FBS","Bilans Alimentaires (2010-)","499","Monténégro","661","Disponibilité alimentaire (Kcal)","S2734","Viande de Volailles","2023","2023","millions de kcal","19382.62","I","Valeur imputée par une agence réceptrice",""
"FBS","Bilans Alimentaires (2010-)","508","Mozambique","5511","Production","S2734","Viande de Volailles","2023","2023","1000 t","157","I","Valeur imputée par une agence réceptrice",""
"FBS","Bilans Alimentaires (2010-)","508","Mozambique","5611","Importations - quantité","S2734","Viande de Volailles","2023","2023","1000 t","48","I","Valeur imputée par une agence réceptrice",""
"FBS","Bilans Alimentaires (2010-)","508","Mozambique","5301","Disponibilité intérieure","S2734","Viande de Volailles","2023","2023","1000 t","205","I","Valeur imputée par une agence réceptrice",""
"FBS","Bilans Alimentaires (2010-)","508","Mozambique","5142","Nourriture","S2734","Viande de Volailles","2023","2023","1000 t","205","I","Valeur imputée par une agence réceptrice",""
"FBS","Bilans Alimentaires (2010-)","508","Mozambique","661","Disponibilité alimentaire (Kcal)","S2734","Viande de Volailles","2023","2023","millions de kcal","284189.47","I","Valeur imputée par une agence réceptrice",""
"FBS","Bilans Alimentaires (2010-)","104","Myanmar","5511","Production","S2734","Viande de Volailles","2023","2023","1000 t","683","I","Valeur imputée par une agence réceptrice",""
"FBS","Bilans Alimentaires (2010-)","104","Myanmar","5611","Importations - quantité","S2734","Viande de Volailles","2023","2023","1000 t","0","I","Valeur imputée par une agence réceptrice",""
"FBS","Bilans Alimentaires (2010-)","104","Myanmar","5301","Disponibilité intérieure","S2734","Viande de Volailles","2023","2023","1000 t","683","I","Valeur imputée par une agence réceptrice",""
"FBS","Bilans Alimentaires (2010-)","104","Myanmar","5142","Nourriture","S2734","Viande de Volailles","2023","2023","1000 t","655","I","Valeur imputée par une agence réceptrice",""
"FBS","Bilans Alimentaires (2010-)","104","Myanmar","661","Disponibilité alimentaire (Kcal)","S2734","Viande de Volailles","2023","2023","millions de kcal","934563.68","I","Valeur imputée par une agence réceptrice",""
"FBS","Bilans Alimentaires (2010-)","516","Namibie","5511","Production","S2734","Viande de Volailles","2023","2023","1000 t","12","I","Valeur imputée par une agence réceptrice",""
"FBS","Bilans Alimentaires (2010-)","516","Namibie","5611","Importations - quantité","S2734","Viande de Volailles","2023","2023","1000 t","25","I","Valeur imputée par une agence réceptrice",""
"FBS","Bilans Alimentaires (2010-)","516","Namibie","5301","Disponibilité intérieure","S2734","Viande de Volailles","2023","2023","1000 t","23","I","Valeur imputée par une agence réceptrice",""
"FBS","Bilans Alimentaires (2010-)","516","Namibie","5142","Nourriture","S2734","Viande de Volailles","2023","2023","1000 t","23","I","Valeur imputée par une agence réceptrice",""
"FBS","Bilans Alimentaires (2010-)","516","Namibie","661","Disponibilité alimentaire (Kcal)","S2734","Viande de Volailles","2023","2023","millions de kcal","32338.41","I","Valeur imputée par une agence réceptrice",""
"FBS","Bilans Alimentaires (2010-)","520","Nauru","5511","Production","S2734","Viande de Volailles","2023","2023","1000 t","0","I","Valeur imputée par une agence réceptrice",""
"FBS","Bilans Alimentaires (2010-)","520","Nauru","5611","Importations - quantité","S2734","Viande de Volailles","2023","2023","1000 t","1","I","Valeur imputée par une agence réceptrice",""
"FBS","Bilans Alimentaires (2010-)","520","Nauru","5301","Disponibilité intérieure","S2734","Viande de Volailles","2023","2023","1000 t","1","I","Valeur imputée par une agence réceptrice",""
"FBS","Bilans Alimentaires (2010-)","520","Nauru","5142","Nourriture","S2734","Viande de Volailles","2023","2023","1000 t","1","I","Valeur imputée par une agence réceptrice",""
"FBS","Bilans Alimentaires (2010-)","520","Nauru","661","Disponibilité alimentaire (Kcal)","S2734","Viande de Volailles","2023","2023","millions de kcal","893.79","I","Valeur imputée par une agence réceptrice",""
"FBS","Bilans Alimentaires (2010-)","524","Népal","5511","Production","S2734","Viande de Volailles","2023","2023","1000 t","202","I","Valeur imputée par une agence réceptrice",""
"FBS","Bilans Alimentaires (2010-)","524","Népal","5611","Importations - quantité","S2734","Viande de Volailles","2023","2023","1000 t","0","I","Valeur imputée par une agence réceptrice",""
"FBS","Bilans Alimentaires (2010-)","524","Népal","5301","Disponibilité intérieure","S2734","Viande de Volailles","2023","2023","1000 t","202","I","Valeur imputée par une agence réceptrice",""
"FBS","Bilans Alimentaires (2010-)","524","Népal","5142","Nourriture","S2734","Viande de Volailles","2023","2023","1000 t","202","I","Valeur imputée par une agence réceptrice",""
"FBS","Bilans Alimentaires (2010-)","524","Népal","661","Disponibilité alimentaire (Kcal)","S2734","Viande de Volailles","2023","2023","millions de kcal","278840.05","I","Valeur imputée par une agence réceptrice",""
"FBS","Bilans Alimentaires (2010-)","558","Nicaragua","5511","Production","S2734","Viande de Volailles","2023","2023","1000 t","163","I","Valeur imputée par une agence réceptrice",""
"FBS","Bilans Alimentaires (2010-)","558","Nicaragua","5611","Importations - quantité","S2734","Viande de Volailles","2023","2023","1000 t","16","I","Valeur imputée par une agence réceptrice",""
"FBS","Bilans Alimentaires (2010-)","558","Nicaragua","5301","Disponibilité intérieure","S2734","Viande de Volailles","2023","2023","1000 t","179","I","Valeur imputée par une agence réceptrice",""
"FBS","Bilans Alimentaires (2010-)","558","Nicaragua","5142","Nourriture","S2734","Viande de Volailles","2023","2023","1000 t","178","I","Valeur imputée par une agence réceptrice",""
"FBS","Bilans Alimentaires (2010-)","558","Nicaragua","661","Disponibilité alimentaire (Kcal)","S2734","Viande de Volailles","2023","2023","millions de kcal","246095.31","I","Valeur imputée par une agence réceptrice",""
"FBS","Bilans Alimentaires (2010-)","562","Niger","5511","Production","S2734","Viande de Volailles","2023","2023","1000 t","20","I","Valeur imputée par une agence réceptrice",""
"FBS","Bilans Alimentaires (2010-)","562","Niger","5611","Importations - quantité","S2734","Viande de Volailles","2023","2023","1000 t","5","I","Valeur imputée par une agence réceptrice",""
"FBS","Bilans Alimentaires (2010-)","562","Niger","5301","Disponibilité intérieure","S2734","Viande de Volailles","2023","2023","1000 t","25","I","Valeur imputée par une agence réceptrice",""
"FBS","Bilans Alimentaires (2010-)","562","Niger","5142","Nourriture","S2734","Viande de Volailles","2023","2023","1000 t","25","I","Valeur imputée par une agence réceptrice",""
"FBS","Bilans Alimentaires (2010-)","562","Niger","661","Disponibilité alimentaire (Kcal)","S2734","Viande de Volailles","2023","2023","millions de kcal","35052.48","I","Valeur imputée par une agence réceptrice",""
"FBS","Bilans Alimentaires (2010-)","566","Nigéria","5511","Production","S2734","Viande de Volailles","2023","2023","1000 t","324","I","Valeur imputée par une agence réceptrice",""
"FBS","Bilans Alimentaires (2010-)","566","Nigéria","5611","Importations - quantité","S2734","Viande de Volailles","2023","2023","1000 t","1","I","Valeur imputée par une agence réceptrice",""
"FBS","Bilans Alimentaires (2010-)","566","Nigéria","5301","Disponibilité intérieure","S2734","Viande de Volailles","2023","2023","1000 t","325","I","Valeur imputée par une agence réceptrice",""
"FBS","Bilans Alimentaires (2010-)","566","Nigéria","5142","Nourriture","S2734","Viande de Volailles","2023","2023","1000 t","325","I","Valeur imputée par une agence réceptrice",""
"FBS","Bilans Alimentaires (2010-)","566","Nigéria","661","Disponibilité alimentaire (Kcal)","S2734","Viande de Volailles","2023","2023","millions de kcal","447861.63","I","Valeur imputée par une agence réceptrice",""
"FBS","Bilans Alimentaires (2010-)","578","Norvège","5511","Production","S2734","Viande de Volailles","2023","2023","1000 t","117","I","Valeur imputée par une agence réceptrice",""
"FBS","Bilans Alimentaires (2010-)","578","Norvège","5611","Importations - quantité","S2734","Viande de Volailles","2023","2023","1000 t","3","I","Valeur imputée par une agence réceptrice",""
"FBS","Bilans Alimentaires (2010-)","578","Norvège","5301","Disponibilité intérieure","S2734","Viande de Volailles","2023","2023","1000 t","119","I","Valeur imputée par une agence réceptrice",""
"FBS","Bilans Alimentaires (2010-)","578","Norvège","5142","Nourriture","S2734","Viande de Volailles","2023","2023","1000 t","118","I","Valeur imputée par une agence réceptrice",""
"FBS","Bilans Alimentaires (2010-)","578","Norvège","661","Disponibilité alimentaire (Kcal)","S2734","Viande de Volailles","2023","2023","millions de kcal","161704.85","I","Valeur imputée par une agence réceptrice",""
"FBS","Bilans Alimentaires (2010-)","540","Nouvelle-Calédonie","5511","Production","S2734","Viande de Volailles","2023","2023","1000 t","1","I","Valeur imputée par une agence réceptrice",""
"FBS","Bilans Alimentaires (2010-)","540","Nouvelle-Calédonie","5611","Importations - quantité","S2734","Viande de Volailles","2023","2023","1000 t","10","I","Valeur imputée par une agence réceptrice",""
"FBS","Bilans Alimentaires (2010-)","540","Nouvelle-Calédonie","5301","Disponibilité intérieure","S2734","Viande de Volailles","2023","2023","1000 t","11","I","Valeur imputée par une agence réceptrice",""
"FBS","Bilans Alimentaires (2010-)","540","Nouvelle-Calédonie","5142","Nourriture","S2734","Viande de Volailles","2023","2023","1000 t","11","I","Valeur imputée par une agence réceptrice",""
"FBS","Bilans Alimentaires (2010-)","540","Nouvelle-Calédonie","661","Disponibilité alimentaire (Kcal)","S2734","Viande de Volailles","2023","2023","millions de kcal","15545.61","I","Valeur imputée par une agence réceptrice",""
"FBS","Bilans Alimentaires (2010-)","554","Nouvelle-Zélande","5511","Production","S2734","Viande de Volailles","2023","2023","1000 t","230","I","Valeur imputée par une agence réceptrice",""
"FBS","Bilans Alimentaires (2010-)","554","Nouvelle-Zélande","5611","Importations - quantité","S2734","Viande de Volailles","2023","2023","1000 t","1","I","Valeur imputée par une agence réceptrice",""
"FBS","Bilans Alimentaires (2010-)","554","Nouvelle-Zélande","5301","Disponibilité intérieure","S2734","Viande de Volailles","2023","2023","1000 t","221","I","Valeur imputée par une agence réceptrice",""
"FBS","Bilans Alimentaires (2010-)","554","Nouvelle-Zélande","5142","Nourriture","S2734","Viande de Volailles","2023","2023","1000 t","134","I","Valeur imputée par une agence réceptrice",""
"FBS","Bilans Alimentaires (2010-)","554","Nouvelle-Zélande","661","Disponibilité alimentaire (Kcal)","S2734","Viande de Volailles","2023","2023","millions de kcal","185978.91","I","Valeur imputée par une agence réceptrice",""
"FBS","Bilans Alimentaires (2010-)","512","Oman","5511","Production","S2734","Viande de Volailles","2023","2023","1000 t","7","I","Valeur imputée par une agence réceptrice",""
"FBS","Bilans Alimentaires (2010-)","512","Oman","5611","Importations - quantité","S2734","Viande de Volailles","2023","2023","1000 t","101","I","Valeur imputée par une agence réceptrice",""
"FBS","Bilans Alimentaires (2010-)","512","Oman","5301","Disponibilité intérieure","S2734","Viande de Volailles","2023","2023","1000 t","76","I","Valeur imputée par une agence réceptrice",""
"FBS","Bilans Alimentaires (2010-)","512","Oman","5142","Nourriture","S2734","Viande de Volailles","2023","2023","1000 t","76","I","Valeur imputée par une agence réceptrice",""
"FBS","Bilans Alimentaires (2010-)","512","Oman","661","Disponibilité alimentaire (Kcal)","S2734","Viande de Volailles","2023","2023","millions de kcal","107574.32","I","Valeur imputée par une agence réceptrice",""
"FBS","Bilans Alimentaires (2010-)","800","Ouganda","5511","Production","S2734","Viande de Volailles","2023","2023","1000 t","92","I","Valeur imputée par une agence réceptrice",""
"FBS","Bilans Alimentaires (2010-)","800","Ouganda","5611","Importations - quantité","S2734","Viande de Volailles","2023","2023","1000 t","0","I","Valeur imputée par une agence réceptrice",""
"FBS","Bilans Alimentaires (2010-)","800","Ouganda","5301","Disponibilité intérieure","S2734","Viande de Volailles","2023","2023","1000 t","91","I","Valeur imputée par une agence réceptrice",""
"FBS","Bilans Alimentaires (2010-)","800","Ouganda","5142","Nourriture","S2734","Viande de Volailles","2023","2023","1000 t","91","I","Valeur imputée par une agence réceptrice",""
"FBS","Bilans Alimentaires (2010-)","800","Ouganda","661","Disponibilité alimentaire (Kcal)","S2734","Viande de Volailles","2023","2023","millions de kcal","125818.57","I","Valeur imputée par une agence réceptrice",""
"FBS","Bilans Alimentaires (2010-)","860","Ouzbékistan","5511","Production","S2734","Viande de Volailles","2023","2023","1000 t","170","I","Valeur imputée par une agence réceptrice",""
"FBS","Bilans Alimentaires (2010-)","860","Ouzbékistan","5611","Importations - quantité","S2734","Viande de Volailles","2023","2023","1000 t","104","I","Valeur imputée par une agence réceptrice",""
"FBS","Bilans Alimentaires (2010-)","860","Ouzbékistan","5301","Disponibilité intérieure","S2734","Viande de Volailles","2023","2023","1000 t","273","I","Valeur imputée par une agence réceptrice",""
"FBS","Bilans Alimentaires (2010-)","860","Ouzbékistan","5142","Nourriture","S2734","Viande de Volailles","2023","2023","1000 t","273","I","Valeur imputée par une agence réceptrice",""
"FBS","Bilans Alimentaires (2010-)","860","Ouzbékistan","661","Disponibilité alimentaire (Kcal)","S2734","Viande de Volailles","2023","2023","millions de kcal","338243.54","I","Valeur imputée par une agence réceptrice",""
"FBS","Bilans Alimentaires (2010-)","586","Pakistan","5511","Production","S2734","Viande de Volailles","2023","2023","1000 t","2165","I","Valeur imputée par une agence réceptrice",""
"FBS","Bilans Alimentaires (2010-)","586","Pakistan","5611","Importations - quantité","S2734","Viande de Volailles","2023","2023","1000 t","0","I","Valeur imputée par une agence réceptrice",""
"FBS","Bilans Alimentaires (2010-)","586","Pakistan","5301","Disponibilité intérieure","S2734","Viande de Volailles","2023","2023","1000 t","2159","I","Valeur imputée par une agence réceptrice",""
"FBS","Bilans Alimentaires (2010-)","586","Pakistan","5142","Nourriture","S2734","Viande de Volailles","2023","2023","1000 t","2159","I","Valeur imputée par une agence réceptrice",""
"FBS","Bilans Alimentaires (2010-)","586","Pakistan","661","Disponibilité alimentaire (Kcal)","S2734","Viande de Volailles","2023","2023","millions de kcal","2976456.85","I","Valeur imputée par une agence réceptrice",""
"FBS","Bilans Alimentaires (2010-)","591","Panama","5511","Production","S2734","Viande de Volailles","2023","2023","1000 t","236","I","Valeur imputée par une agence réceptrice",""
"FBS","Bilans Alimentaires (2010-)","591","Panama","5611","Importations - quantité","S2734","Viande de Volailles","2023","2023","1000 t","17","I","Valeur imputée par une agence réceptrice",""
"FBS","Bilans Alimentaires (2010-)","591","Panama","5301","Disponibilité intérieure","S2734","Viande de Volailles","2023","2023","1000 t","252","I","Valeur imputée par une agence réceptrice",""
"FBS","Bilans Alimentaires (2010-)","591","Panama","5142","Nourriture","S2734","Viande de Volailles","2023","2023","1000 t","223","I","Valeur imputée par une agence réceptrice",""
"FBS","Bilans Alimentaires (2010-)","591","Panama","661","Disponibilité alimentaire (Kcal)","S2734","Viande de Volailles","2023","2023","millions de kcal","306879.84","I","Valeur imputée par une agence réceptrice",""
"FBS","Bilans Alimentaires (2010-)","598","Papouasie-Nouvelle-Guinée","5511","Production","S2734","Viande de Volailles","2023","2023","1000 t","7","I","Valeur imputée par une agence réceptrice",""
"FBS","Bilans Alimentaires (2010-)","598","Papouasie-Nouvelle-Guinée","5611","Importations - quantité","S2734","Viande de Volailles","2023","2023","1000 t","34","I","Valeur imputée par une agence réceptrice",""
"FBS","Bilans Alimentaires (2010-)","598","Papouasie-Nouvelle-Guinée","5301","Disponibilité intérieure","S2734","Viande de Volailles","2023","2023","1000 t","41","I","Valeur imputée par une agence réceptrice",""
"FBS","Bilans Alimentaires (2010-)","598","Papouasie-Nouvelle-Guinée","5142","Nourriture","S2734","Viande de Volailles","2023","2023","1000 t","41","I","Valeur imputée par une agence réceptrice",""
"FBS","Bilans Alimentaires (2010-)","598","Papouasie-Nouvelle-Guinée","661","Disponibilité alimentaire (Kcal)","S2734","Viande de Volailles","2023","2023","millions de kcal","58268.03","I","Valeur imputée par une agence réceptrice",""
"FBS","Bilans Alimentaires (2010-)","600","Paraguay","5511","Production","S2734","Viande de Volailles","2023","2023","1000 t","78","I","Valeur imputée par une agence réceptrice",""
"FBS","Bilans Alimentaires (2010-)","600","Paraguay","5611","Importations - quantité","S2734","Viande de Volailles","2023","2023","1000 t","1","I","Valeur imputée par une agence réceptrice",""
"FBS","Bilans Alimentaires (2010-)","600","Paraguay","5301","Disponibilité intérieure","S2734","Viande de Volailles","2023","2023","1000 t","66","I","Valeur imputée par une agence réceptrice",""
"FBS","Bilans Alimentaires (2010-)","600","Paraguay","5142","Nourriture","S2734","Viande de Volailles","2023","2023","1000 t","66","I","Valeur imputée par une agence réceptrice",""
"FBS","Bilans Alimentaires (2010-)","600","Paraguay","661","Disponibilité alimentaire (Kcal)","S2734","Viande de Volailles","2023","2023","millions de kcal","92509.32","I","Valeur imputée par une agence réceptrice",""
"FBS","Bilans Alimentaires (2010-)","528","Pays-Bas (Royaume des)","5511","Production","S2734","Viande de Volailles","2023","2023","1000 t","863","I","Valeur imputée par une agence réceptrice",""
"FBS","Bilans Alimentaires (2010-)","528","Pays-Bas (Royaume des)","5611","Importations - quantité","S2734","Viande de Volailles","2023","2023","1000 t","901","I","Valeur imputée par une agence réceptrice",""
"FBS","Bilans Alimentaires (2010-)","528","Pays-Bas (Royaume des)","5301","Disponibilité intérieure","S2734","Viande de Volailles","2023","2023","1000 t","444","I","Valeur imputée par une agence réceptrice",""
"FBS","Bilans Alimentaires (2010-)","528","Pays-Bas (Royaume des)","5142","Nourriture","S2734","Viande de Volailles","2023","2023","1000 t","267","I","Valeur imputée par une agence réceptrice",""
"FBS","Bilans Alimentaires (2010-)","528","Pays-Bas (Royaume des)","661","Disponibilité alimentaire (Kcal)","S2734","Viande de Volailles","2023","2023","millions de kcal","366300.04","I","Valeur imputée par une agence réceptrice",""
"FBS","Bilans Alimentaires (2010-)","604","Pérou","5511","Production","S2734","Viande de Volailles","2023","2023","1000 t","1781","I","Valeur imputée par une agence réceptrice",""
"FBS","Bilans Alimentaires (2010-)","604","Pérou","5611","Importations - quantité","S2734","Viande de Volailles","2023","2023","1000 t","105","I","Valeur imputée par une agence réceptrice",""
"FBS","Bilans Alimentaires (2010-)","604","Pérou","5301","Disponibilité intérieure","S2734","Viande de Volailles","2023","2023","1000 t","1887","I","Valeur imputée par une agence réceptrice",""
"FBS","Bilans Alimentaires (2010-)","604","Pérou","5142","Nourriture","S2734","Viande de Volailles","2023","2023","1000 t","1479","I","Valeur imputée par une agence réceptrice",""
"FBS","Bilans Alimentaires (2010-)","604","Pérou","661","Disponibilité alimentaire (Kcal)","S2734","Viande de Volailles","2023","2023","millions de kcal","2491389.42","I","Valeur imputée par une agence réceptrice",""
"FBS","Bilans Alimentaires (2010-)","608","Philippines","5511","Production","S2734","Viande de Volailles","2023","2023","1000 t","1535","I","Valeur imputée par une agence réceptrice",""
"FBS","Bilans Alimentaires (2010-)","608","Philippines","5611","Importations - quantité","S2734","Viande de Volailles","2023","2023","1000 t","291","I","Valeur imputée par une agence réceptrice",""
"FBS","Bilans Alimentaires (2010-)","608","Philippines","5301","Disponibilité intérieure","S2734","Viande de Volailles","2023","2023","1000 t","1809","I","Valeur imputée par une agence réceptrice",""
"FBS","Bilans Alimentaires (2010-)","608","Philippines","5142","Nourriture","S2734","Viande de Volailles","2023","2023","1000 t","1809","I","Valeur imputée par une agence réceptrice",""
"FBS","Bilans Alimentaires (2010-)","608","Philippines","661","Disponibilité alimentaire (Kcal)","S2734","Viande de Volailles","2023","2023","millions de kcal","2505420.95","I","Valeur imputée par une agence réceptrice",""
"FBS","Bilans Alimentaires (2010-)","616","Pologne","5511","Production","S2734","Viande de Volailles","2023","2023","1000 t","2758","I","Valeur imputée par une agence réceptrice",""
"FBS","Bilans Alimentaires (2010-)","616","Pologne","5611","Importations - quantité","S2734","Viande de Volailles","2023","2023","1000 t","76","I","Valeur imputée par une agence réceptrice",""
"FBS","Bilans Alimentaires (2010-)","616","Pologne","5301","Disponibilité intérieure","S2734","Viande de Volailles","2023","2023","1000 t","1232","I","Valeur imputée par une agence réceptrice",""
"FBS","Bilans Alimentaires (2010-)","616","Pologne","5142","Nourriture","S2734","Viande de Volailles","2023","2023","1000 t","1200","I","Valeur imputée par une agence réceptrice",""
"FBS","Bilans Alimentaires (2010-)","616","Pologne","661","Disponibilité alimentaire (Kcal)","S2734","Viande de Volailles","2023","2023","millions de kcal","1665312.26","I","Valeur imputée par une agence réceptrice",""
"FBS","Bilans Alimentaires (2010-)","258","Polynésie française","5511","Production","S2734","Viande de Volailles","2023","2023","1000 t","1","I","Valeur imputée par une agence réceptrice",""
"FBS","Bilans Alimentaires (2010-)","258","Polynésie française","5611","Importations - quantité","S2734","Viande de Volailles","2023","2023","1000 t","18","I","Valeur imputée par une agence réceptrice",""
"FBS","Bilans Alimentaires (2010-)","258","Polynésie française","5301","Disponibilité intérieure","S2734","Viande de Volailles","2023","2023","1000 t","16","I","Valeur imputée par une agence réceptrice",""
"FBS","Bilans Alimentaires (2010-)","258","Polynésie française","5142","Nourriture","S2734","Viande de Volailles","2023","2023","1000 t","15","I","Valeur imputée par une agence réceptrice",""
"FBS","Bilans Alimentaires (2010-)","258","Polynésie française","661","Disponibilité alimentaire (Kcal)","S2734","Viande de Volailles","2023","2023","millions de kcal","20440.85","I","Valeur imputée par une agence réceptrice",""
"FBS","Bilans Alimentaires (2010-)","620","Portugal","5511","Production","S2734","Viande de Volailles","2023","2023","1000 t","379","I","Valeur imputée par une agence réceptrice",""
"FBS","Bilans Alimentaires (2010-)","620","Portugal","5611","Importations - quantité","S2734","Viande de Volailles","2023","2023","1000 t","107","I","Valeur imputée par une agence réceptrice",""
"FBS","Bilans Alimentaires (2010-)","620","Portugal","5301","Disponibilité intérieure","S2734","Viande de Volailles","2023","2023","1000 t","365","I","Valeur imputée par une agence réceptrice",""
"FBS","Bilans Alimentaires (2010-)","620","Portugal","5142","Nourriture","S2734","Viande de Volailles","2023","2023","1000 t","364","I","Valeur imputée par une agence réceptrice",""
"FBS","Bilans Alimentaires (2010-)","620","Portugal","661","Disponibilité alimentaire (Kcal)","S2734","Viande de Volailles","2023","2023","millions de kcal","502839.75","I","Valeur imputée par une agence réceptrice",""
"FBS","Bilans Alimentaires (2010-)","634","Qatar","5511","Production","S2734","Viande de Volailles","2023","2023","1000 t","29","I","Valeur imputée par une agence réceptrice",""
"FBS","Bilans Alimentaires (2010-)","634","Qatar","5611","Importations - quantité","S2734","Viande de Volailles","2023","2023","1000 t","106","I","Valeur imputée par une agence réceptrice",""
"FBS","Bilans Alimentaires (2010-)","634","Qatar","5301","Disponibilité intérieure","S2734","Viande de Volailles","2023","2023","1000 t","150","I","Valeur imputée par une agence réceptrice",""
"FBS","Bilans Alimentaires (2010-)","634","Qatar","5142","Nourriture","S2734","Viande de Volailles","2023","2023","1000 t","144","I","Valeur imputée par une agence réceptrice",""
"FBS","Bilans Alimentaires (2010-)","634","Qatar","661","Disponibilité alimentaire (Kcal)","S2734","Viande de Volailles","2023","2023","millions de kcal","200059.24","I","Valeur imputée par une agence réceptrice",""
"FBS","Bilans Alimentaires (2010-)","760","République arabe syrienne","5511","Production","S2734","Viande de Volailles","2023","2023","1000 t","106","I","Valeur imputée par une agence réceptrice",""
"FBS","Bilans Alimentaires (2010-)","760","République arabe syrienne","5611","Importations - quantité","S2734","Viande de Volailles","2023","2023","1000 t","20","I","Valeur imputée par une agence réceptrice",""
"FBS","Bilans Alimentaires (2010-)","760","République arabe syrienne","5301","Disponibilité intérieure","S2734","Viande de Volailles","2023","2023","1000 t","126","I","Valeur imputée par une agence réceptrice",""
"FBS","Bilans Alimentaires (2010-)","760","République arabe syrienne","5142","Nourriture","S2734","Viande de Volailles","2023","2023","1000 t","126","I","Valeur imputée par une agence réceptrice",""
"FBS","Bilans Alimentaires (2010-)","760","République arabe syrienne","661","Disponibilité alimentaire (Kcal)","S2734","Viande de Volailles","2023","2023","millions de kcal","175887.95","I","Valeur imputée par une agence réceptrice",""
"FBS","Bilans Alimentaires (2010-)","410","République de Corée","5511","Production","S2734","Viande de Volailles","2023","2023","1000 t","982","I","Valeur imputée par une agence réceptrice",""
"FBS","Bilans Alimentaires (2010-)","410","République de Corée","5611","Importations - quantité","S2734","Viande de Volailles","2023","2023","1000 t","294","I","Valeur imputée par une agence réceptrice",""
"FBS","Bilans Alimentaires (2010-)","410","République de Corée","5301","Disponibilité intérieure","S2734","Viande de Volailles","2023","2023","1000 t","1272","I","Valeur imputée par une agence réceptrice",""
"FBS","Bilans Alimentaires (2010-)","410","République de Corée","5142","Nourriture","S2734","Viande de Volailles","2023","2023","1000 t","1272","I","Valeur imputée par une agence réceptrice",""
"FBS","Bilans Alimentaires (2010-)","410","République de Corée","661","Disponibilité alimentaire (Kcal)","S2734","Viande de Volailles","2023","2023","millions de kcal","1799277.42","I","Valeur imputée par une agence réceptrice",""
"FBS","Bilans Alimentaires (2010-)","498","République de Moldova","5511","Production","S2734","Viande de Volailles","2023","2023","1000 t","46","I","Valeur imputée par une agence réceptrice",""
"FBS","Bilans Alimentaires (2010-)","498","République de Moldova","5611","Importations - quantité","S2734","Viande de Volailles","2023","2023","1000 t","23","I","Valeur imputée par une agence réceptrice",""
"FBS","Bilans Alimentaires (2010-)","498","République de Moldova","5301","Disponibilité intérieure","S2734","Viande de Volailles","2023","2023","1000 t","69","I","Valeur imputée par une agence réceptrice",""
"FBS","Bilans Alimentaires (2010-)","498","République de Moldova","5142","Nourriture","S2734","Viande de Volailles","2023","2023","1000 t","69","I","Valeur imputée par une agence réceptrice",""
"FBS","Bilans Alimentaires (2010-)","498","République de Moldova","661","Disponibilité alimentaire (Kcal)","S2734","Viande de Volailles","2023","2023","millions de kcal","96226.97","I","Valeur imputée par une agence réceptrice",""
"FBS","Bilans Alimentaires (2010-)","180","République démocratique du Congo","5511","Production","S2734","Viande de Volailles","2023","2023","1000 t","10","I","Valeur imputée par une agence réceptrice",""
"FBS","Bilans Alimentaires (2010-)","180","République démocratique du Congo","5611","Importations - quantité","S2734","Viande de Volailles","2023","2023","1000 t","71","I","Valeur imputée par une agence réceptrice",""
"FBS","Bilans Alimentaires (2010-)","180","République démocratique du Congo","5301","Disponibilité intérieure","S2734","Viande de Volailles","2023","2023","1000 t","81","I","Valeur imputée par une agence réceptrice",""
"FBS","Bilans Alimentaires (2010-)","180","République démocratique du Congo","5142","Nourriture","S2734","Viande de Volailles","2023","2023","1000 t","81","I","Valeur imputée par une agence réceptrice",""
"FBS","Bilans Alimentaires (2010-)","180","République démocratique du Congo","661","Disponibilité alimentaire (Kcal)","S2734","Viande de Volailles","2023","2023","millions de kcal","108544.46","I","Valeur imputée par une agence réceptrice",""
"FBS","Bilans Alimentaires (2010-)","418","République démocratique populaire lao","5511","Production","S2734","Viande de Volailles","2023","2023","1000 t","46","I","Valeur imputée par une agence réceptrice",""
"FBS","Bilans Alimentaires (2010-)","418","République démocratique populaire lao","5611","Importations - quantité","S2734","Viande de Volailles","2023","2023","1000 t","11","I","Valeur imputée par une agence réceptrice",""
"FBS","Bilans Alimentaires (2010-)","418","République démocratique populaire lao","5301","Disponibilité intérieure","S2734","Viande de Volailles","2023","2023","1000 t","57","I","Valeur imputée par une agence réceptrice",""
"FBS","Bilans Alimentaires (2010-)","418","République démocratique populaire lao","5142","Nourriture","S2734","Viande de Volailles","2023","2023","1000 t","57","I","Valeur imputée par une agence réceptrice",""
"FBS","Bilans Alimentaires (2010-)","418","République démocratique populaire lao","661","Disponibilité alimentaire (Kcal)","S2734","Viande de Volailles","2023","2023","millions de kcal","82371.57","I","Valeur imputée par une agence réceptrice",""
"FBS","Bilans Alimentaires (2010-)","214","République dominicaine","5511","Production","S2734","Viande de Volailles","2023","2023","1000 t","391","I","Valeur imputée par une agence réceptrice",""
"FBS","Bilans Alimentaires (2010-)","214","République dominicaine","5611","Importations - quantité","S2734","Viande de Volailles","2023","2023","1000 t","52","I","Valeur imputée par une agence réceptrice",""
"FBS","Bilans Alimentaires (2010-)","214","République dominicaine","5301","Disponibilité intérieure","S2734","Viande de Volailles","2023","2023","1000 t","443","I","Valeur imputée par une agence réceptrice",""
"FBS","Bilans Alimentaires (2010-)","214","République dominicaine","5142","Nourriture","S2734","Viande de Volailles","2023","2023","1000 t","438","I","Valeur imputée par une agence réceptrice",""
"FBS","Bilans Alimentaires (2010-)","214","République dominicaine","661","Disponibilité alimentaire (Kcal)","S2734","Viande de Volailles","2023","2023","millions de kcal","603797.63","I","Valeur imputée par une agence réceptrice",""
"FBS","Bilans Alimentaires (2010-)","834","République-Unie de Tanzanie","5511","Production","S2734","Viande de Volailles","2023","2023","1000 t","98","I","Valeur imputée par une agence réceptrice",""
"FBS","Bilans Alimentaires (2010-)","834","République-Unie de Tanzanie","5611","Importations - quantité","S2734","Viande de Volailles","2023","2023","1000 t","9","I","Valeur imputée par une agence réceptrice",""
"FBS","Bilans Alimentaires (2010-)","834","République-Unie de Tanzanie","5301","Disponibilité intérieure","S2734","Viande de Volailles","2023","2023","1000 t","108","I","Valeur imputée par une agence réceptrice",""
"FBS","Bilans Alimentaires (2010-)","834","République-Unie de Tanzanie","5142","Nourriture","S2734","Viande de Volailles","2023","2023","1000 t","108","I","Valeur imputée par une agence réceptrice",""
"FBS","Bilans Alimentaires (2010-)","834","République-Unie de Tanzanie","661","Disponibilité alimentaire (Kcal)","S2734","Viande de Volailles","2023","2023","millions de kcal","148912.42","I","Valeur imputée par une agence réceptrice",""
"FBS","Bilans Alimentaires (2010-)","642","Roumanie","5511","Production","S2734","Viande de Volailles","2023","2023","1000 t","501","I","Valeur imputée par une agence réceptrice",""
"FBS","Bilans Alimentaires (2010-)","642","Roumanie","5611","Importations - quantité","S2734","Viande de Volailles","2023","2023","1000 t","134","I","Valeur imputée par une agence réceptrice",""
"FBS","Bilans Alimentaires (2010-)","642","Roumanie","5301","Disponibilité intérieure","S2734","Viande de Volailles","2023","2023","1000 t","490","I","Valeur imputée par une agence réceptrice",""
"FBS","Bilans Alimentaires (2010-)","642","Roumanie","5142","Nourriture","S2734","Viande de Volailles","2023","2023","1000 t","485","I","Valeur imputée par une agence réceptrice",""
"FBS","Bilans Alimentaires (2010-)","642","Roumanie","661","Disponibilité alimentaire (Kcal)","S2734","Viande de Volailles","2023","2023","millions de kcal","694416.43","I","Valeur imputée par une agence réceptrice",""
"FBS","Bilans Alimentaires (2010-)","826","Royaume-Uni de Grande-Bretagne et d'Irlande du Nord","5511","Production","S2734","Viande de Volailles","2023","2023","1000 t","1982","I","Valeur imputée par une agence réceptrice",""
"FBS","Bilans Alimentaires (2010-)","826","Royaume-Uni de Grande-Bretagne et d'Irlande du Nord","5611","Importations - quantité","S2734","Viande de Volailles","2023","2023","1000 t","978","I","Valeur imputée par une agence réceptrice",""
"FBS","Bilans Alimentaires (2010-)","826","Royaume-Uni de Grande-Bretagne et d'Irlande du Nord","5301","Disponibilité intérieure","S2734","Viande de Volailles","2023","2023","1000 t","2746","I","Valeur imputée par une agence réceptrice",""
"FBS","Bilans Alimentaires (2010-)","826","Royaume-Uni de Grande-Bretagne et d'Irlande du Nord","5142","Nourriture","S2734","Viande de Volailles","2023","2023","1000 t","2622","I","Valeur imputée par une agence réceptrice",""
"FBS","Bilans Alimentaires (2010-)","826","Royaume-Uni de Grande-Bretagne et d'Irlande du Nord","661","Disponibilité alimentaire (Kcal)","S2734","Viande de Volailles","2023","2023","millions de kcal","3720766.18","I","Valeur imputée par une agence réceptrice",""
"FBS","Bilans Alimentaires (2010-)","646","Rwanda","5511","Production","S2734","Viande de Volailles","2023","2023","1000 t","11","I","Valeur imputée par une agence réceptrice",""
"FBS","Bilans Alimentaires (2010-)","646","Rwanda","5611","Importations - quantité","S2734","Viande de Volailles","2023","2023","1000 t","2","I","Valeur imputée par une agence réceptrice",""
"FBS","Bilans Alimentaires (2010-)","646","Rwanda","5301","Disponibilité intérieure","S2734","Viande de Volailles","2023","2023","1000 t","13","I","Valeur imputée par une agence réceptrice",""
"FBS","Bilans Alimentaires (2010-)","646","Rwanda","5142","Nourriture","S2734","Viande de Volailles","2023","2023","1000 t","13","I","Valeur imputée par une agence réceptrice",""
"FBS","Bilans Alimentaires (2010-)","646","Rwanda","661","Disponibilité alimentaire (Kcal)","S2734","Viande de Volailles","2023","2023","millions de kcal","17309.79","I","Valeur imputée par une agence réceptrice",""
"FBS","Bilans Alimentaires (2010-)","662","Sainte-Lucie","5511","Production","S2734","Viande de Volailles","2023","2023","1000 t","1","I","Valeur imputée par une agence réceptrice",""
"FBS","Bilans Alimentaires (2010-)","662","Sainte-Lucie","5611","Importations - quantité","S2734","Viande de Volailles","2023","2023","1000 t","10","I","Valeur imputée par une agence réceptrice",""
"FBS","Bilans Alimentaires (2010-)","662","Sainte-Lucie","5301","Disponibilité intérieure","S2734","Viande de Volailles","2023","2023","1000 t","12","I","Valeur imputée par une agence réceptrice",""
"FBS","Bilans Alimentaires (2010-)","662","Sainte-Lucie","5142","Nourriture","S2734","Viande de Volailles","2023","2023","1000 t","12","I","Valeur imputée par une agence réceptrice",""
"FBS","Bilans Alimentaires (2010-)","662","Sainte-Lucie","661","Disponibilité alimentaire (Kcal)","S2734","Viande de Volailles","2023","2023","millions de kcal","15806.56","I","Valeur imputée par une agence réceptrice",""
"FBS","Bilans Alimentaires (2010-)","659","Saint-Kitts-et-Nevis","5511","Production","S2734","Viande de Volailles","2023","2023","1000 t","0","I","Valeur imputée par une agence réceptrice",""
"FBS","Bilans Alimentaires (2010-)","659","Saint-Kitts-et-Nevis","5611","Importations - quantité","S2734","Viande de Volailles","2023","2023","1000 t","4","I","Valeur imputée par une agence réceptrice",""
"FBS","Bilans Alimentaires (2010-)","659","Saint-Kitts-et-Nevis","5301","Disponibilité intérieure","S2734","Viande de Volailles","2023","2023","1000 t","4","I","Valeur imputée par une agence réceptrice",""
"FBS","Bilans Alimentaires (2010-)","659","Saint-Kitts-et-Nevis","5142","Nourriture","S2734","Viande de Volailles","2023","2023","1000 t","3","I","Valeur imputée par une agence réceptrice",""
"FBS","Bilans Alimentaires (2010-)","659","Saint-Kitts-et-Nevis","661","Disponibilité alimentaire (Kcal)","S2734","Viande de Volailles","2023","2023","millions de kcal","4055.33","I","Valeur imputée par une agence réceptrice",""
"FBS","Bilans Alimentaires (2010-)","670","Saint-Vincent-et-les Grenadines","5511","Production","S2734","Viande de Volailles","2023","2023","1000 t","0","I","Valeur imputée par une agence réceptrice",""
"FBS","Bilans Alimentaires (2010-)","670","Saint-Vincent-et-les Grenadines","5611","Importations - quantité","S2734","Viande de Volailles","2023","2023","1000 t","9","I","Valeur imputée par une agence réceptrice",""
"FBS","Bilans Alimentaires (2010-)","670","Saint-Vincent-et-les Grenadines","5301","Disponibilité intérieure","S2734","Viande de Volailles","2023","2023","1000 t","9","I","Valeur imputée par une agence réceptrice",""
"FBS","Bilans Alimentaires (2010-)","670","Saint-Vincent-et-les Grenadines","5142","Nourriture","S2734","Viande de Volailles","2023","2023","1000 t","9","I","Valeur imputée par une agence réceptrice",""
"FBS","Bilans Alimentaires (2010-)","670","Saint-Vincent-et-les Grenadines","661","Disponibilité alimentaire (Kcal)","S2734","Viande de Volailles","2023","2023","millions de kcal","11935.68","I","Valeur imputée par une agence réceptrice",""
"FBS","Bilans Alimentaires (2010-)","882","Samoa","5511","Production","S2734","Viande de Volailles","2023","2023","1000 t","0","I","Valeur imputée par une agence réceptrice",""
"FBS","Bilans Alimentaires (2010-)","882","Samoa","5611","Importations - quantité","S2734","Viande de Volailles","2023","2023","1000 t","17","I","Valeur imputée par une agence réceptrice",""
"FBS","Bilans Alimentaires (2010-)","882","Samoa","5301","Disponibilité intérieure","S2734","Viande de Volailles","2023","2023","1000 t","16","I","Valeur imputée par une agence réceptrice",""
"FBS","Bilans Alimentaires (2010-)","882","Samoa","5142","Nourriture","S2734","Viande de Volailles","2023","2023","1000 t","16","I","Valeur imputée par une agence réceptrice",""
"FBS","Bilans Alimentaires (2010-)","882","Samoa","661","Disponibilité alimentaire (Kcal)","S2734","Viande de Volailles","2023","2023","millions de kcal","21436.81","I","Valeur imputée par une agence réceptrice",""
"FBS","Bilans Alimentaires (2010-)","678","Sao Tomé-et-Principe","5511","Production","S2734","Viande de Volailles","2023","2023","1000 t","1","I","Valeur imputée par une agence réceptrice",""
"FBS","Bilans Alimentaires (2010-)","678","Sao Tomé-et-Principe","5611","Importations - quantité","S2734","Viande de Volailles","2023","2023","1000 t","3","I","Valeur imputée par une agence réceptrice",""
"FBS","Bilans Alimentaires (2010-)","678","Sao Tomé-et-Principe","5301","Disponibilité intérieure","S2734","Viande de Volailles","2023","2023","1000 t","4","I","Valeur imputée par une agence réceptrice",""
"FBS","Bilans Alimentaires (2010-)","678","Sao Tomé-et-Principe","5142","Nourriture","S2734","Viande de Volailles","2023","2023","1000 t","4","I","Valeur imputée par une agence réceptrice",""
"FBS","Bilans Alimentaires (2010-)","678","Sao Tomé-et-Principe","661","Disponibilité alimentaire (Kcal)","S2734","Viande de Volailles","2023","2023","millions de kcal","5660.29","I","Valeur imputée par une agence réceptrice",""
"FBS","Bilans Alimentaires (2010-)","686","Sénégal","5511","Production","S2734","Viande de Volailles","2023","2023","1000 t","148","I","Valeur imputée par une agence réceptrice",""
"FBS","Bilans Alimentaires (2010-)","686","Sénégal","5611","Importations - quantité","S2734","Viande de Volailles","2023","2023","1000 t","1","I","Valeur imputée par une agence réceptrice",""
"FBS","Bilans Alimentaires (2010-)","686","Sénégal","5301","Disponibilité intérieure","S2734","Viande de Volailles","2023","2023","1000 t","150","I","Valeur imputée par une agence réceptrice",""
"FBS","Bilans Alimentaires (2010-)","686","Sénégal","5142","Nourriture","S2734","Viande de Volailles","2023","2023","1000 t","150","I","Valeur imputée par une agence réceptrice",""
"FBS","Bilans Alimentaires (2010-)","686","Sénégal","661","Disponibilité alimentaire (Kcal)","S2734","Viande de Volailles","2023","2023","millions de kcal","206586.25","I","Valeur imputée par une agence réceptrice",""
"FBS","Bilans Alimentaires (2010-)","688","Serbie","5511","Production","S2734","Viande de Volailles","2023","2023","1000 t","127","I","Valeur imputée par une agence réceptrice",""
"FBS","Bilans Alimentaires (2010-)","688","Serbie","5611","Importations - quantité","S2734","Viande de Volailles","2023","2023","1000 t","24","I","Valeur imputée par une agence réceptrice",""
"FBS","Bilans Alimentaires (2010-)","688","Serbie","5301","Disponibilité intérieure","S2734","Viande de Volailles","2023","2023","1000 t","144","I","Valeur imputée par une agence réceptrice",""
"FBS","Bilans Alimentaires (2010-)","688","Serbie","5142","Nourriture","S2734","Viande de Volailles","2023","2023","1000 t","120","I","Valeur imputée par une agence réceptrice",""
"FBS","Bilans Alimentaires (2010-)","688","Serbie","661","Disponibilité alimentaire (Kcal)","S2734","Viande de Volailles","2023","2023","millions de kcal","168704.82","I","Valeur imputée par une agence réceptrice",""
"FBS","Bilans Alimentaires (2010-)","690","Seychelles","5511","Production","S2734","Viande de Volailles","2023","2023","1000 t","1","I","Valeur imputée par une agence réceptrice",""
"FBS","Bilans Alimentaires (2010-)","690","Seychelles","5611","Importations - quantité","S2734","Viande de Volailles","2023","2023","1000 t","4","I","Valeur imputée par une agence réceptrice",""
"FBS","Bilans Alimentaires (2010-)","690","Seychelles","5301","Disponibilité intérieure","S2734","Viande de Volailles","2023","2023","1000 t","5","I","Valeur imputée par une agence réceptrice",""
"FBS","Bilans Alimentaires (2010-)","690","Seychelles","5142","Nourriture","S2734","Viande de Volailles","2023","2023","1000 t","5","I","Valeur imputée par une agence réceptrice",""
"FBS","Bilans Alimentaires (2010-)","690","Seychelles","661","Disponibilité alimentaire (Kcal)","S2734","Viande de Volailles","2023","2023","millions de kcal","7188.26","I","Valeur imputée par une agence réceptrice",""
"FBS","Bilans Alimentaires (2010-)","694","Sierra Leone","5511","Production","S2734","Viande de Volailles","2023","2023","1000 t","22","I","Valeur imputée par une agence réceptrice",""
"FBS","Bilans Alimentaires (2010-)","694","Sierra Leone","5611","Importations - quantité","S2734","Viande de Volailles","2023","2023","1000 t","31","I","Valeur imputée par une agence réceptrice",""
"FBS","Bilans Alimentaires (2010-)","694","Sierra Leone","5301","Disponibilité intérieure","S2734","Viande de Volailles","2023","2023","1000 t","53","I","Valeur imputée par une agence réceptrice",""
"FBS","Bilans Alimentaires (2010-)","694","Sierra Leone","5142","Nourriture","S2734","Viande de Volailles","2023","2023","1000 t","53","I","Valeur imputée par une agence réceptrice",""
"FBS","Bilans Alimentaires (2010-)","694","Sierra Leone","661","Disponibilité alimentaire (Kcal)","S2734","Viande de Volailles","2023","2023","millions de kcal","74521.91","I","Valeur imputée par une agence réceptrice",""
"FBS","Bilans Alimentaires (2010-)","703","Slovaquie","5511","Production","S2734","Viande de Volailles","2023","2023","1000 t","54","I","Valeur imputée par une agence réceptrice",""
"FBS","Bilans Alimentaires (2010-)","703","Slovaquie","5611","Importations - quantité","S2734","Viande de Volailles","2023","2023","1000 t","125","I","Valeur imputée par une agence réceptrice",""
"FBS","Bilans Alimentaires (2010-)","703","Slovaquie","5301","Disponibilité intérieure","S2734","Viande de Volailles","2023","2023","1000 t","121","I","Valeur imputée par une agence réceptrice",""
"FBS","Bilans Alimentaires (2010-)","703","Slovaquie","5142","Nourriture","S2734","Viande de Volailles","2023","2023","1000 t","109","I","Valeur imputée par une agence réceptrice",""
"FBS","Bilans Alimentaires (2010-)","703","Slovaquie","661","Disponibilité alimentaire (Kcal)","S2734","Viande de Volailles","2023","2023","millions de kcal","149975.29","I","Valeur imputée par une agence réceptrice",""
"FBS","Bilans Alimentaires (2010-)","705","Slovénie","5511","Production","S2734","Viande de Volailles","2023","2023","1000 t","75","I","Valeur imputée par une agence réceptrice",""
"FBS","Bilans Alimentaires (2010-)","705","Slovénie","5611","Importations - quantité","S2734","Viande de Volailles","2023","2023","1000 t","28","I","Valeur imputée par une agence réceptrice",""
"FBS","Bilans Alimentaires (2010-)","705","Slovénie","5301","Disponibilité intérieure","S2734","Viande de Volailles","2023","2023","1000 t","63","I","Valeur imputée par une agence réceptrice",""
"FBS","Bilans Alimentaires (2010-)","705","Slovénie","5142","Nourriture","S2734","Viande de Volailles","2023","2023","1000 t","63","I","Valeur imputée par une agence réceptrice",""
"FBS","Bilans Alimentaires (2010-)","705","Slovénie","661","Disponibilité alimentaire (Kcal)","S2734","Viande de Volailles","2023","2023","millions de kcal","85767.46","I","Valeur imputée par une agence réceptrice",""
"FBS","Bilans Alimentaires (2010-)","144","Sri Lanka","5511","Production","S2734","Viande de Volailles","2023","2023","1000 t","236","I","Valeur imputée par une agence réceptrice",""
"FBS","Bilans Alimentaires (2010-)","144","Sri Lanka","5611","Importations - quantité","S2734","Viande de Volailles","2023","2023","1000 t","0","I","Valeur imputée par une agence réceptrice",""
"FBS","Bilans Alimentaires (2010-)","144","Sri Lanka","5301","Disponibilité intérieure","S2734","Viande de Volailles","2023","2023","1000 t","235","I","Valeur imputée par une agence réceptrice",""
"FBS","Bilans Alimentaires (2010-)","144","Sri Lanka","5142","Nourriture","S2734","Viande de Volailles","2023","2023","1000 t","235","I","Valeur imputée par une agence réceptrice",""
"FBS","Bilans Alimentaires (2010-)","144","Sri Lanka","661","Disponibilité alimentaire (Kcal)","S2734","Viande de Volailles","2023","2023","millions de kcal","323118.7","I","Valeur imputée par une agence réceptrice",""
"FBS","Bilans Alimentaires (2010-)","752","Suède","5511","Production","S2734","Viande de Volailles","2023","2023","1000 t","172","I","Valeur imputée par une agence réceptrice",""
"FBS","Bilans Alimentaires (2010-)","752","Suède","5611","Importations - quantité","S2734","Viande de Volailles","2023","2023","1000 t","108","I","Valeur imputée par une agence réceptrice",""
"FBS","Bilans Alimentaires (2010-)","752","Suède","5301","Disponibilité intérieure","S2734","Viande de Volailles","2023","2023","1000 t","241","I","Valeur imputée par une agence réceptrice",""
"FBS","Bilans Alimentaires (2010-)","752","Suède","5142","Nourriture","S2734","Viande de Volailles","2023","2023","1000 t","178","I","Valeur imputée par une agence réceptrice",""
"FBS","Bilans Alimentaires (2010-)","752","Suède","661","Disponibilité alimentaire (Kcal)","S2734","Viande de Volailles","2023","2023","millions de kcal","255256","I","Valeur imputée par une agence réceptrice",""
"FBS","Bilans Alimentaires (2010-)","756","Suisse","5511","Production","S2734","Viande de Volailles","2023","2023","1000 t","110","I","Valeur imputée par une agence réceptrice",""
"FBS","Bilans Alimentaires (2010-)","756","Suisse","5611","Importations - quantité","S2734","Viande de Volailles","2023","2023","1000 t","48","I","Valeur imputée par une agence réceptrice",""
"FBS","Bilans Alimentaires (2010-)","756","Suisse","5301","Disponibilité intérieure","S2734","Viande de Volailles","2023","2023","1000 t","155","I","Valeur imputée par une agence réceptrice",""
"FBS","Bilans Alimentaires (2010-)","756","Suisse","5142","Nourriture","S2734","Viande de Volailles","2023","2023","1000 t","155","I","Valeur imputée par une agence réceptrice",""
"FBS","Bilans Alimentaires (2010-)","756","Suisse","661","Disponibilité alimentaire (Kcal)","S2734","Viande de Volailles","2023","2023","millions de kcal","214516.68","I","Valeur imputée par une agence réceptrice",""
"FBS","Bilans Alimentaires (2010-)","740","Suriname","5511","Production","S2734","Viande de Volailles","2023","2023","1000 t","10","I","Valeur imputée par une agence réceptrice",""
"FBS","Bilans Alimentaires (2010-)","740","Suriname","5611","Importations - quantité","S2734","Viande de Volailles","2023","2023","1000 t","16","I","Valeur imputée par une agence réceptrice",""
"FBS","Bilans Alimentaires (2010-)","740","Suriname","5301","Disponibilité intérieure","S2734","Viande de Volailles","2023","2023","1000 t","23","I","Valeur imputée par une agence réceptrice",""
"FBS","Bilans Alimentaires (2010-)","740","Suriname","5142","Nourriture","S2734","Viande de Volailles","2023","2023","1000 t","23","I","Valeur imputée par une agence réceptrice",""
"FBS","Bilans Alimentaires (2010-)","740","Suriname","661","Disponibilité alimentaire (Kcal)","S2734","Viande de Volailles","2023","2023","millions de kcal","32165.51","I","Valeur imputée par une agence réceptrice",""
"FBS","Bilans Alimentaires (2010-)","762","Tadjikistan","5511","Production","S2734","Viande de Volailles","2023","2023","1000 t","42","I","Valeur imputée par une agence réceptrice",""
"FBS","Bilans Alimentaires (2010-)","762","Tadjikistan","5611","Importations - quantité","S2734","Viande de Volailles","2023","2023","1000 t","6","I","Valeur imputée par une agence réceptrice",""
"FBS","Bilans Alimentaires (2010-)","762","Tadjikistan","5301","Disponibilité intérieure","S2734","Viande de Volailles","2023","2023","1000 t","48","I","Valeur imputée par une agence réceptrice",""
"FBS","Bilans Alimentaires (2010-)","762","Tadjikistan","5142","Nourriture","S2734","Viande de Volailles","2023","2023","1000 t","47","I","Valeur imputée par une agence réceptrice",""
"FBS","Bilans Alimentaires (2010-)","762","Tadjikistan","661","Disponibilité alimentaire (Kcal)","S2734","Viande de Volailles","2023","2023","millions de kcal","66118.37","I","Valeur imputée par une agence réceptrice",""
"FBS","Bilans Alimentaires (2010-)","203","Tchéquie","5511","Production","S2734","Viande de Volailles","2023","2023","1000 t","171","I","Valeur imputée par une agence réceptrice",""
"FBS","Bilans Alimentaires (2010-)","203","Tchéquie","5611","Importations - quantité","S2734","Viande de Volailles","2023","2023","1000 t","150","I","Valeur imputée par une agence réceptrice",""
"FBS","Bilans Alimentaires (2010-)","203","Tchéquie","5301","Disponibilité intérieure","S2734","Viande de Volailles","2023","2023","1000 t","280","I","Valeur imputée par une agence réceptrice",""
"FBS","Bilans Alimentaires (2010-)","203","Tchéquie","5142","Nourriture","S2734","Viande de Volailles","2023","2023","1000 t","264","I","Valeur imputée par une agence réceptrice",""
"FBS","Bilans Alimentaires (2010-)","203","Tchéquie","661","Disponibilité alimentaire (Kcal)","S2734","Viande de Volailles","2023","2023","millions de kcal","372800.95","I","Valeur imputée par une agence réceptrice",""
"FBS","Bilans Alimentaires (2010-)","764","Thaïlande","5511","Production","S2734","Viande de Volailles","2023","2023","1000 t","1916","I","Valeur imputée par une agence réceptrice",""
"FBS","Bilans Alimentaires (2010-)","764","Thaïlande","5611","Importations - quantité","S2734","Viande de Volailles","2023","2023","1000 t","2","I","Valeur imputée par une agence réceptrice",""
"FBS","Bilans Alimentaires (2010-)","764","Thaïlande","5301","Disponibilité intérieure","S2734","Viande de Volailles","2023","2023","1000 t","811","I","Valeur imputée par une agence réceptrice",""
"FBS","Bilans Alimentaires (2010-)","764","Thaïlande","5142","Nourriture","S2734","Viande de Volailles","2023","2023","1000 t","733","I","Valeur imputée par une agence réceptrice",""
"FBS","Bilans Alimentaires (2010-)","764","Thaïlande","661","Disponibilité alimentaire (Kcal)","S2734","Viande de Volailles","2023","2023","millions de kcal","1046386.12","I","Valeur imputée par une agence réceptrice",""
"FBS","Bilans Alimentaires (2010-)","626","Timor-Leste","5511","Production","S2734","Viande de Volailles","2023","2023","1000 t","1","I","Valeur imputée par une agence réceptrice",""
"FBS","Bilans Alimentaires (2010-)","626","Timor-Leste","5611","Importations - quantité","S2734","Viande de Volailles","2023","2023","1000 t","6","I","Valeur imputée par une agence réceptrice",""
"FBS","Bilans Alimentaires (2010-)","626","Timor-Leste","5301","Disponibilité intérieure","S2734","Viande de Volailles","2023","2023","1000 t","7","I","Valeur imputée par une agence réceptrice",""
"FBS","Bilans Alimentaires (2010-)","626","Timor-Leste","5142","Nourriture","S2734","Viande de Volailles","2023","2023","1000 t","7","I","Valeur imputée par une agence réceptrice",""
"FBS","Bilans Alimentaires (2010-)","626","Timor-Leste","661","Disponibilité alimentaire (Kcal)","S2734","Viande de Volailles","2023","2023","millions de kcal","9845.97","I","Valeur imputée par une agence réceptrice",""
"FBS","Bilans Alimentaires (2010-)","776","Tonga","5511","Production","S2734","Viande de Volailles","2023","2023","1000 t","0","I","Valeur imputée par une agence réceptrice",""
"FBS","Bilans Alimentaires (2010-)","776","Tonga","5611","Importations - quantité","S2734","Viande de Volailles","2023","2023","1000 t","9","I","Valeur imputée par une agence réceptrice",""
"FBS","Bilans Alimentaires (2010-)","776","Tonga","5301","Disponibilité intérieure","S2734","Viande de Volailles","2023","2023","1000 t","9","I","Valeur imputée par une agence réceptrice",""
"FBS","Bilans Alimentaires (2010-)","776","Tonga","5142","Nourriture","S2734","Viande de Volailles","2023","2023","1000 t","9","I","Valeur imputée par une agence réceptrice",""
"FBS","Bilans Alimentaires (2010-)","776","Tonga","661","Disponibilité alimentaire (Kcal)","S2734","Viande de Volailles","2023","2023","millions de kcal","12713.33","I","Valeur imputée par une agence réceptrice",""
"FBS","Bilans Alimentaires (2010-)","780","Trinité-et-Tobago","5511","Production","S2734","Viande de Volailles","2023","2023","1000 t","50","I","Valeur imputée par une agence réceptrice",""
"FBS","Bilans Alimentaires (2010-)","780","Trinité-et-Tobago","5611","Importations - quantité","S2734","Viande de Volailles","2023","2023","1000 t","24","I","Valeur imputée par une agence réceptrice",""
"FBS","Bilans Alimentaires (2010-)","780","Trinité-et-Tobago","5301","Disponibilité intérieure","S2734","Viande de Volailles","2023","2023","1000 t","74","I","Valeur imputée par une agence réceptrice",""
"FBS","Bilans Alimentaires (2010-)","780","Trinité-et-Tobago","5142","Nourriture","S2734","Viande de Volailles","2023","2023","1000 t","74","I","Valeur imputée par une agence réceptrice",""
"FBS","Bilans Alimentaires (2010-)","780","Trinité-et-Tobago","661","Disponibilité alimentaire (Kcal)","S2734","Viande de Volailles","2023","2023","millions de kcal","102407.1","I","Valeur imputée par une agence réceptrice",""
"FBS","Bilans Alimentaires (2010-)","788","Tunisie","5511","Production","S2734","Viande de Volailles","2023","2023","1000 t","247","I","Valeur imputée par une agence réceptrice",""
"FBS","Bilans Alimentaires (2010-)","788","Tunisie","5611","Importations - quantité","S2734","Viande de Volailles","2023","2023","1000 t","0","I","Valeur imputée par une agence réceptrice",""
"FBS","Bilans Alimentaires (2010-)","788","Tunisie","5301","Disponibilité intérieure","S2734","Viande de Volailles","2023","2023","1000 t","246","I","Valeur imputée par une agence réceptrice",""
"FBS","Bilans Alimentaires (2010-)","788","Tunisie","5142","Nourriture","S2734","Viande de Volailles","2023","2023","1000 t","246","I","Valeur imputée par une agence réceptrice",""
"FBS","Bilans Alimentaires (2010-)","788","Tunisie","661","Disponibilité alimentaire (Kcal)","S2734","Viande de Volailles","2023","2023","millions de kcal","318822.86","I","Valeur imputée par une agence réceptrice",""
"FBS","Bilans Alimentaires (2010-)","792","Türkiye","5511","Production","S2734","Viande de Volailles","2023","2023","1000 t","2381","I","Valeur imputée par une agence réceptrice",""
"FBS","Bilans Alimentaires (2010-)","792","Türkiye","5611","Importations - quantité","S2734","Viande de Volailles","2023","2023","1000 t","68","I","Valeur imputée par une agence réceptrice",""
"FBS","Bilans Alimentaires (2010-)","792","Türkiye","5301","Disponibilité intérieure","S2734","Viande de Volailles","2023","2023","1000 t","1889","I","Valeur imputée par une agence réceptrice",""
"FBS","Bilans Alimentaires (2010-)","792","Türkiye","5142","Nourriture","S2734","Viande de Volailles","2023","2023","1000 t","1889","I","Valeur imputée par une agence réceptrice",""
"FBS","Bilans Alimentaires (2010-)","792","Türkiye","661","Disponibilité alimentaire (Kcal)","S2734","Viande de Volailles","2023","2023","millions de kcal","2633586.74","I","Valeur imputée par une agence réceptrice",""
"FBS","Bilans Alimentaires (2010-)","795","Turkménistan","5511","Production","S2734","Viande de Volailles","2023","2023","1000 t","24","I","Valeur imputée par une agence réceptrice",""
"FBS","Bilans Alimentaires (2010-)","795","Turkménistan","5611","Importations - quantité","S2734","Viande de Volailles","2023","2023","1000 t","39","I","Valeur imputée par une agence réceptrice",""
"FBS","Bilans Alimentaires (2010-)","795","Turkménistan","5301","Disponibilité intérieure","S2734","Viande de Volailles","2023","2023","1000 t","63","I","Valeur imputée par une agence réceptrice",""
"FBS","Bilans Alimentaires (2010-)","795","Turkménistan","5142","Nourriture","S2734","Viande de Volailles","2023","2023","1000 t","60","I","Valeur imputée par une agence réceptrice",""
"FBS","Bilans Alimentaires (2010-)","795","Turkménistan","661","Disponibilité alimentaire (Kcal)","S2734","Viande de Volailles","2023","2023","millions de kcal","82811.42","I","Valeur imputée par une agence réceptrice",""
"FBS","Bilans Alimentaires (2010-)","798","Tuvalu","5511","Production","S2734","Viande de Volailles","2023","2023","1000 t","0","I","Valeur imputée par une agence réceptrice",""
"FBS","Bilans Alimentaires (2010-)","798","Tuvalu","5611","Importations - quantité","S2734","Viande de Volailles","2023","2023","1000 t","0","I","Valeur imputée par une agence réceptrice",""
"FBS","Bilans Alimentaires (2010-)","798","Tuvalu","5301","Disponibilité intérieure","S2734","Viande de Volailles","2023","2023","1000 t","1","I","Valeur imputée par une agence réceptrice",""
"FBS","Bilans Alimentaires (2010-)","798","Tuvalu","5142","Nourriture","S2734","Viande de Volailles","2023","2023","1000 t","1","I","Valeur imputée par une agence réceptrice",""
"FBS","Bilans Alimentaires (2010-)","798","Tuvalu","661","Disponibilité alimentaire (Kcal)","S2734","Viande de Volailles","2023","2023","millions de kcal","752.6","I","Valeur imputée par une agence réceptrice",""
"FBS","Bilans Alimentaires (2010-)","804","Ukraine","5511","Production","S2734","Viande de Volailles","2023","2023","1000 t","1317","I","Valeur imputée par une agence réceptrice",""
"FBS","Bilans Alimentaires (2010-)","804","Ukraine","5611","Importations - quantité","S2734","Viande de Volailles","2023","2023","1000 t","64","I","Valeur imputée par une agence réceptrice",""
"FBS","Bilans Alimentaires (2010-)","804","Ukraine","5301","Disponibilité intérieure","S2734","Viande de Volailles","2023","2023","1000 t","943","I","Valeur imputée par une agence réceptrice",""
"FBS","Bilans Alimentaires (2010-)","804","Ukraine","5142","Nourriture","S2734","Viande de Volailles","2023","2023","1000 t","950","I","Valeur imputée par une agence réceptrice",""
"FBS","Bilans Alimentaires (2010-)","804","Ukraine","661","Disponibilité alimentaire (Kcal)","S2734","Viande de Volailles","2023","2023","millions de kcal","1317819.96","I","Valeur imputée par une agence réceptrice",""
"FBS","Bilans Alimentaires (2010-)","858","Uruguay","5511","Production","S2734","Viande de Volailles","2023","2023","1000 t","74","I","Valeur imputée par une agence réceptrice",""
"FBS","Bilans Alimentaires (2010-)","858","Uruguay","5611","Importations - quantité","S2734","Viande de Volailles","2023","2023","1000 t","10","I","Valeur imputée par une agence réceptrice",""
"FBS","Bilans Alimentaires (2010-)","858","Uruguay","5301","Disponibilité intérieure","S2734","Viande de Volailles","2023","2023","1000 t","83","I","Valeur imputée par une agence réceptrice",""
"FBS","Bilans Alimentaires (2010-)","858","Uruguay","5142","Nourriture","S2734","Viande de Volailles","2023","2023","1000 t","79","I","Valeur imputée par une agence réceptrice",""
"FBS","Bilans Alimentaires (2010-)","858","Uruguay","661","Disponibilité alimentaire (Kcal)","S2734","Viande de Volailles","2023","2023","millions de kcal","110729.85","I","Valeur imputée par une agence réceptrice",""
"FBS","Bilans Alimentaires (2010-)","548","Vanuatu","5511","Production","S2734","Viande de Volailles","2023","2023","1000 t","1","I","Valeur imputée par une agence réceptrice",""
"FBS","Bilans Alimentaires (2010-)","548","Vanuatu","5611","Importations - quantité","S2734","Viande de Volailles","2023","2023","1000 t","6","I","Valeur imputée par une agence réceptrice",""
"FBS","Bilans Alimentaires (2010-)","548","Vanuatu","5301","Disponibilité intérieure","S2734","Viande de Volailles","2023","2023","1000 t","6","I","Valeur imputée par une agence réceptrice",""
"FBS","Bilans Alimentaires (2010-)","548","Vanuatu","5142","Nourriture","S2734","Viande de Volailles","2023","2023","1000 t","6","I","Valeur imputée par une agence réceptrice",""
"FBS","Bilans Alimentaires (2010-)","548","Vanuatu","661","Disponibilité alimentaire (Kcal)","S2734","Viande de Volailles","2023","2023","millions de kcal","8910.19","I","Valeur imputée par une agence réceptrice",""
"FBS","Bilans Alimentaires (2010-)","862","Venezuela (République bolivarienne du)","5511","Production","S2734","Viande de Volailles","2023","2023","1000 t","504","I","Valeur imputée par une agence réceptrice",""
"FBS","Bilans Alimentaires (2010-)","862","Venezuela (République bolivarienne du)","5611","Importations - quantité","S2734","Viande de Volailles","2023","2023","1000 t","35","I","Valeur imputée par une agence réceptrice",""
"FBS","Bilans Alimentaires (2010-)","862","Venezuela (République bolivarienne du)","5301","Disponibilité intérieure","S2734","Viande de Volailles","2023","2023","1000 t","539","I","Valeur imputée par une agence réceptrice",""
"FBS","Bilans Alimentaires (2010-)","862","Venezuela (République bolivarienne du)","5142","Nourriture","S2734","Viande de Volailles","2023","2023","1000 t","539","I","Valeur imputée par une agence réceptrice",""
"FBS","Bilans Alimentaires (2010-)","862","Venezuela (République bolivarienne du)","661","Disponibilité alimentaire (Kcal)","S2734","Viande de Volailles","2023","2023","millions de kcal","752560","I","Valeur imputée par une agence réceptrice",""
"FBS","Bilans Alimentaires (2010-)","704","Viet Nam","5511","Production","S2734","Viande de Volailles","2023","2023","1000 t","1740","I","Valeur imputée par une agence réceptrice",""
"FBS","Bilans Alimentaires (2010-)","704","Viet Nam","5611","Importations - quantité","S2734","Viande de Volailles","2023","2023","1000 t","243","I","Valeur imputée par une agence réceptrice",""
"FBS","Bilans Alimentaires (2010-)","704","Viet Nam","5301","Disponibilité intérieure","S2734","Viande de Volailles","2023","2023","1000 t","1972","I","Valeur imputée par une agence réceptrice",""
"FBS","Bilans Alimentaires (2010-)","704","Viet Nam","5142","Nourriture","S2734","Viande de Volailles","2023","2023","1000 t","1972","I","Valeur imputée par une agence réceptrice",""
"FBS","Bilans Alimentaires (2010-)","704","Viet Nam","661","Disponibilité alimentaire (Kcal)","S2734","Viande de Volailles","2023","2023","millions de kcal","2795165.08","I","Valeur imputée par une agence réceptrice",""
"FBS","Bilans Alimentaires (2010-)","887","Yémen","5511","Production","S2734","Viande de Volailles","2023","2023","1000 t","204","I","Valeur imputée par une agence réceptrice",""
"FBS","Bilans Alimentaires (2010-)","887","Yémen","5611","Importations - quantité","S2734","Viande de Volailles","2023","2023","1000 t","117","I","Valeur imputée par une agence réceptrice",""
"FBS","Bilans Alimentaires (2010-)","887","Yémen","5301","Disponibilité intérieure","S2734","Viande de Volailles","2023","2023","1000 t","321","I","Valeur imputée par une agence réceptrice",""
"FBS","Bilans Alimentaires (2010-)","887","Yémen","5142","Nourriture","S2734","Viande de Volailles","2023","2023","1000 t","321","I","Valeur imputée par une agence réceptrice",""
"FBS","Bilans Alimentaires (2010-)","887","Yémen","661","Disponibilité alimentaire (Kcal)","S2734","Viande de Volailles","2023","2023","millions de kcal","442229.18","I","Valeur imputée par une agence réceptrice",""
"FBS","Bilans Alimentaires (2010-)","894","Zambie","5511","Production","S2734","Viande de Volailles","2023","2023","1000 t","51","I","Valeur imputée par une agence réceptrice",""
"FBS","Bilans Alimentaires (2010-)","894","Zambie","5611","Importations - quantité","S2734","Viande de Volailles","2023","2023","1000 t","23","I","Valeur imputée par une agence réceptrice",""
"FBS","Bilans Alimentaires (2010-)","894","Zambie","5301","Disponibilité intérieure","S2734","Viande de Volailles","2023","2023","1000 t","70","I","Valeur imputée par une agence réceptrice",""
"FBS","Bilans Alimentaires (2010-)","894","Zambie","5142","Nourriture","S2734","Viande de Volailles","2023","2023","1000 t","70","I","Valeur imputée par une agence réceptrice",""
"FBS","Bilans Alimentaires (2010-)","894","Zambie","661","Disponibilité alimentaire (Kcal)","S2734","Viande de Volailles","2023","2023","millions de kcal","96467.39","I","Valeur imputée par une agence réceptrice",""
"FBS","Bilans Alimentaires (2010-)","716","Zimbabwe","5511","Production","S2734","Viande de Volailles","2023","2023","1000 t","98","I","Valeur imputée par une agence réceptrice",""
"FBS","Bilans Alimentaires (2010-)","716","Zimbabwe","5611","Importations - quantité","S2734","Viande de Volailles","2023","2023","1000 t","8","I","Valeur imputée par une agence réceptrice",""
"FBS","Bilans Alimentaires (2010-)","716","Zimbabwe","5301","Disponibilité intérieure","S2734","Viande de Volailles","2023","2023","1000 t","106","I","Valeur imputée par une agence réceptrice",""
"FBS","Bilans Alimentaires (2010-)","716","Zimbabwe","5142","Nourriture","S2734","Viande de Volailles","2023","2023","1000 t","106","I","Valeur imputée par une agence réceptrice",""
"FBS","Bilans Alimentaires (2010-)","716","Zimbabwe","661","Disponibilité alimentaire (Kcal)","S2734","Viande de Volailles","2023","2023","millions de kcal","145443.78","I","Valeur imputée par une agence réceptrice",""
