Code Domaine,Domaine,Code zone (M49),Zone,Code Élément,Élément,Code Produit,Produit,Code année,Année,Unité,Valeur,Symbole,Description du Symbole,Note
"MK","Indicateurs macro","004","Afghanistan","6110","Valeur US$","22008","Produit Intérieur Brut","2023","2023","Millions d’USD","16416.748498","X","Chiffre de source externe",""
"MK","Indicateurs macro","004","Afghanistan","6119","Valeur US$ par habitant","22008","Produit Intérieur Brut","2023","2023","USD","396.015997","X","Chiffre de source externe",""
"MK","Indicateurs macro","004","Afghanistan","6129","Croissance annuelle US$","22008","Produit Intérieur Brut","2023","2023","%","15.81485","X","Chiffre de source externe",""
"MK","Indicateurs macro","004","Afghanistan","61290","Croissance annuelle US$ par habitant","22008","Produit Intérieur Brut","2023","2023","%","13.367738","X","Chiffre de source externe",""
"MK","Indicateurs macro","710","Afrique du Sud","6110","Valeur US$","22008","Produit Intérieur Brut","2023","2023","Millions d’USD","377781.597328","X","Chiffre de source externe",""
"MK","Indicateurs macro","710","Afrique du Sud","6119","Valeur US$ par habitant","22008","Produit Intérieur Brut","2023","2023","USD","5976.385898","X","Chiffre de source externe",""
"MK","Indicateurs macro","710","Afrique du Sud","6129","Croissance annuelle US$","22008","Produit Intérieur Brut","2023","2023","%","-6.782931","X","Chiffre de source externe",""
"MK","Indicateurs macro","710","Afrique du Sud","61290","Croissance annuelle US$ par habitant","22008","Produit Intérieur Brut","2023","2023","%","-8.012762","X","Chiffre de source externe",""
"MK","Indicateurs macro","008","Albanie","6110","Valeur US$","22008","Produit Intérieur Brut","2023","2023","Millions d’USD","22977.674003","X","Chiffre de source externe",""
"MK","Indicateurs macro","008","Albanie","6119","Valeur US$ par habitant","22008","Produit Intérieur Brut","2023","2023","USD","8172.294966","X","Chiffre de source externe",""
"MK","Indicateurs macro","008","Albanie","6129","Croissance annuelle US$","22008","Produit Intérieur Brut","2023","2023","%","21.469728","X","Chiffre de source externe",""
"MK","Indicateurs macro","008","Albanie","61290","Croissance annuelle US$ par habitant","22008","Produit Intérieur Brut","2023","2023","%","22.158933","X","Chiffre de source externe",""
"MK","Indicateurs macro","012","Algérie","6110","Valeur US$","22008","Produit Intérieur Brut","2023","2023","Millions d’USD","247626.160409","X","Chiffre de source externe",""
"MK","Indicateurs macro","012","Algérie","6119","Valeur US$ par habitant","22008","Produit Intérieur Brut","2023","2023","USD","5364.027937","X","Chiffre de source externe",""
"MK","Indicateurs macro","012","Algérie","6129","Croissance annuelle US$","22008","Produit Intérieur Brut","2023","2023","%","9.744662","X","Chiffre de source externe",""
"MK","Indicateurs macro","012","Algérie","61290","Croissance annuelle US$ par habitant","22008","Produit Intérieur Brut","2023","2023","%","8.111885","X","Chiffre de source externe",""
"MK","Indicateurs macro","276","Allemagne","6110","Valeur US$","22008","Produit Intérieur Brut","2023","2023","Millions d’USD","4525703.903628","X","Chiffre de source externe",""
"MK","Indicateurs macro","276","Allemagne","6119","Valeur US$ par habitant","22008","Produit Intérieur Brut","2023","2023","USD","53528.073268","X","Chiffre de source externe",""
"MK","Indicateurs macro","276","Allemagne","6129","Croissance annuelle US$","22008","Produit Intérieur Brut","2023","2023","%","8.69699","X","Chiffre de source externe",""
"MK","Indicateurs macro","276","Allemagne","61290","Croissance annuelle US$ par habitant","22008","Produit Intérieur Brut","2023","2023","%","8.103028","X","Chiffre de source externe",""
"MK","Indicateurs macro","020","Andorre","6110","Valeur US$","22008","Produit Intérieur Brut","2023","2023","Millions d’USD","3785.067332","X","Chiffre de source externe",""
"MK","Indicateurs macro","020","Andorre","6119","Valeur US$ par habitant","22008","Produit Intérieur Brut","2023","2023","USD","46812.44845","X","Chiffre de source externe",""
"MK","Indicateurs macro","020","Andorre","6129","Croissance annuelle US$","22008","Produit Intérieur Brut","2023","2023","%","11.963949","X","Chiffre de source externe",""
"MK","Indicateurs macro","020","Andorre","61290","Croissance annuelle US$ par habitant","22008","Produit Intérieur Brut","2023","2023","%","10.370121","X","Chiffre de source externe",""
"MK","Indicateurs macro","024","Angola","6110","Valeur US$","22008","Produit Intérieur Brut","2023","2023","Millions d’USD","90552.164127","X","Chiffre de source externe",""
"MK","Indicateurs macro","024","Angola","6119","Valeur US$ par habitant","22008","Produit Intérieur Brut","2023","2023","USD","2464.010769","X","Chiffre de source externe",""
"MK","Indicateurs macro","024","Angola","6129","Croissance annuelle US$","22008","Produit Intérieur Brut","2023","2023","%","-20.080124","X","Chiffre de source externe",""
"MK","Indicateurs macro","024","Angola","61290","Croissance annuelle US$ par habitant","22008","Produit Intérieur Brut","2023","2023","%","-22.504643","X","Chiffre de source externe",""
"MK","Indicateurs macro","660","Anguilla","6110","Valeur US$","22008","Produit Intérieur Brut","2023","2023","Millions d’USD","415.735284","X","Chiffre de source externe",""
"MK","Indicateurs macro","660","Anguilla","6119","Valeur US$ par habitant","22008","Produit Intérieur Brut","2023","2023","USD","28850.470815","X","Chiffre de source externe",""
"MK","Indicateurs macro","660","Anguilla","6129","Croissance annuelle US$","22008","Produit Intérieur Brut","2023","2023","%","6.880503","X","Chiffre de source externe",""
"MK","Indicateurs macro","660","Anguilla","61290","Croissance annuelle US$ par habitant","22008","Produit Intérieur Brut","2023","2023","%","5.17086","X","Chiffre de source externe",""
"MK","Indicateurs macro","028","Antigua-et-Barbuda","6110","Valeur US$","22008","Produit Intérieur Brut","2023","2023","Millions d’USD","2033.085185","X","Chiffre de source externe",""
"MK","Indicateurs macro","028","Antigua-et-Barbuda","6119","Valeur US$ par habitant","22008","Produit Intérieur Brut","2023","2023","USD","21787.218471","X","Chiffre de source externe",""
"MK","Indicateurs macro","028","Antigua-et-Barbuda","6129","Croissance annuelle US$","22008","Produit Intérieur Brut","2023","2023","%","8.850486","X","Chiffre de source externe",""
"MK","Indicateurs macro","028","Antigua-et-Barbuda","61290","Croissance annuelle US$ par habitant","22008","Produit Intérieur Brut","2023","2023","%","8.295825","X","Chiffre de source externe",""
"MK","Indicateurs macro","682","Arabie saoudite","6110","Valeur US$","22008","Produit Intérieur Brut","2023","2023","Millions d’USD","1067582.98628","X","Chiffre de source externe",""
"MK","Indicateurs macro","682","Arabie saoudite","6119","Valeur US$ par habitant","22008","Produit Intérieur Brut","2023","2023","USD","32093.96389","X","Chiffre de source externe",""
"MK","Indicateurs macro","682","Arabie saoudite","6129","Croissance annuelle US$","22008","Produit Intérieur Brut","2023","2023","%","-3.697419","X","Chiffre de source externe",""
"MK","Indicateurs macro","682","Arabie saoudite","61290","Croissance annuelle US$ par habitant","22008","Produit Intérieur Brut","2023","2023","%","-6.849982","X","Chiffre de source externe",""
"MK","Indicateurs macro","032","Argentine","6110","Valeur US$","22008","Produit Intérieur Brut","2023","2023","Millions d’USD","646075.278252","X","Chiffre de source externe",""
"MK","Indicateurs macro","032","Argentine","6119","Valeur US$ par habitant","22008","Produit Intérieur Brut","2023","2023","USD","14187.482741","X","Chiffre de source externe",""
"MK","Indicateurs macro","032","Argentine","6129","Croissance annuelle US$","22008","Produit Intérieur Brut","2023","2023","%","2.099504","X","Chiffre de source externe",""
"MK","Indicateurs macro","032","Argentine","61290","Croissance annuelle US$ par habitant","22008","Produit Intérieur Brut","2023","2023","%","1.806923","X","Chiffre de source externe",""
"MK","Indicateurs macro","051","Arménie","6110","Valeur US$","22008","Produit Intérieur Brut","2023","2023","Millions d’USD","24218.587333","X","Chiffre de source externe",""
"MK","Indicateurs macro","051","Arménie","6119","Valeur US$ par habitant","22008","Produit Intérieur Brut","2023","2023","USD","8228.118818","X","Chiffre de source externe",""
"MK","Indicateurs macro","051","Arménie","6129","Croissance annuelle US$","22008","Produit Intérieur Brut","2023","2023","%","24.11083","X","Chiffre de source externe",""
"MK","Indicateurs macro","051","Arménie","61290","Croissance annuelle US$ par habitant","22008","Produit Intérieur Brut","2023","2023","%","21.474681","X","Chiffre de source externe",""
"MK","Indicateurs macro","533","Aruba","6110","Valeur US$","22008","Produit Intérieur Brut","2023","2023","Millions d’USD","3648.573136","X","Chiffre de source externe",""
"MK","Indicateurs macro","533","Aruba","6119","Valeur US$ par habitant","22008","Produit Intérieur Brut","2023","2023","USD","33802.333146","X","Chiffre de source externe",""
"MK","Indicateurs macro","533","Aruba","6129","Croissance annuelle US$","22008","Produit Intérieur Brut","2023","2023","%","11.259253","X","Chiffre de source externe",""
"MK","Indicateurs macro","533","Aruba","61290","Croissance annuelle US$ par habitant","22008","Produit Intérieur Brut","2023","2023","%","11.097938","X","Chiffre de source externe",""
"MK","Indicateurs macro","036","Australie","6110","Valeur US$","22008","Produit Intérieur Brut","2023","2023","Millions d’USD","1775627.733298","X","Chiffre de source externe",""
"MK","Indicateurs macro","036","Australie","6119","Valeur US$ par habitant","22008","Produit Intérieur Brut","2023","2023","USD","67128.630651","X","Chiffre de source externe",""
"MK","Indicateurs macro","036","Australie","6129","Croissance annuelle US$","22008","Produit Intérieur Brut","2023","2023","%","-0.298094","X","Chiffre de source externe",""
"MK","Indicateurs macro","036","Australie","61290","Croissance annuelle US$ par habitant","22008","Produit Intérieur Brut","2023","2023","%","-1.240942","X","Chiffre de source externe",""
"MK","Indicateurs macro","040","Autriche","6110","Valeur US$","22008","Produit Intérieur Brut","2023","2023","Millions d’USD","511685.203845","X","Chiffre de source externe",""
"MK","Indicateurs macro","040","Autriche","6119","Valeur US$ par habitant","22008","Produit Intérieur Brut","2023","2023","USD","56041.748295","X","Chiffre de source externe",""
"MK","Indicateurs macro","040","Autriche","6129","Croissance annuelle US$","22008","Produit Intérieur Brut","2023","2023","%","8.459899","X","Chiffre de source externe",""
"MK","Indicateurs macro","040","Autriche","61290","Croissance annuelle US$ par habitant","22008","Produit Intérieur Brut","2023","2023","%","7.678835","X","Chiffre de source externe",""
"MK","Indicateurs macro","031","Azerbaïdjan","6110","Valeur US$","22008","Produit Intérieur Brut","2023","2023","Millions d’USD","72356.176471","X","Chiffre de source externe",""
"MK","Indicateurs macro","031","Azerbaïdjan","6119","Valeur US$ par habitant","22008","Produit Intérieur Brut","2023","2023","USD","7012.47576","X","Chiffre de source externe",""
"MK","Indicateurs macro","031","Azerbaïdjan","6129","Croissance annuelle US$","22008","Produit Intérieur Brut","2023","2023","%","-8.186145","X","Chiffre de source externe",""
"MK","Indicateurs macro","031","Azerbaïdjan","61290","Croissance annuelle US$ par habitant","22008","Produit Intérieur Brut","2023","2023","%","-8.389942","X","Chiffre de source externe",""
"MK","Indicateurs macro","044","Bahamas","6110","Valeur US$","22008","Produit Intérieur Brut","2023","2023","Millions d’USD","14338.472777","X","Chiffre de source externe",""
"MK","Indicateurs macro","044","Bahamas","6119","Valeur US$ par habitant","22008","Produit Intérieur Brut","2023","2023","USD","35896.392021","X","Chiffre de source externe",""
"MK","Indicateurs macro","044","Bahamas","6129","Croissance annuelle US$","22008","Produit Intérieur Brut","2023","2023","%","9.150837","X","Chiffre de source externe",""
"MK","Indicateurs macro","044","Bahamas","61290","Croissance annuelle US$ par habitant","22008","Produit Intérieur Brut","2023","2023","%","8.631098","X","Chiffre de source externe",""
"MK","Indicateurs macro","048","Bahreïn","6110","Valeur US$","22008","Produit Intérieur Brut","2023","2023","Millions d’USD","44662.452721","X","Chiffre de source externe",""
"MK","Indicateurs macro","048","Bahreïn","6119","Valeur US$ par habitant","22008","Produit Intérieur Brut","2023","2023","USD","28453.484338","X","Chiffre de source externe",""
"MK","Indicateurs macro","048","Bahreïn","6129","Croissance annuelle US$","22008","Produit Intérieur Brut","2023","2023","%","0.655623","X","Chiffre de source externe",""
"MK","Indicateurs macro","048","Bahreïn","61290","Croissance annuelle US$ par habitant","22008","Produit Intérieur Brut","2023","2023","%","-1.666138","X","Chiffre de source externe",""
"MK","Indicateurs macro","050","Bangladesh","6110","Valeur US$","22008","Produit Intérieur Brut","2023","2023","Millions d’USD","422430.956726","X","Chiffre de source externe",""
"MK","Indicateurs macro","050","Bangladesh","6119","Valeur US$ par habitant","22008","Produit Intérieur Brut","2023","2023","USD","2463.628461","X","Chiffre de source externe",""
"MK","Indicateurs macro","050","Bangladesh","6129","Croissance annuelle US$","22008","Produit Intérieur Brut","2023","2023","%","-2.419719","X","Chiffre de source externe",""
"MK","Indicateurs macro","050","Bangladesh","61290","Croissance annuelle US$ par habitant","22008","Produit Intérieur Brut","2023","2023","%","-3.604618","X","Chiffre de source externe",""
"MK","Indicateurs macro","052","Barbade","6110","Valeur US$","22008","Produit Intérieur Brut","2023","2023","Millions d’USD","6720.733193","X","Chiffre de source externe",""
"MK","Indicateurs macro","052","Barbade","6119","Valeur US$ par habitant","22008","Produit Intérieur Brut","2023","2023","USD","23804.024967","X","Chiffre de source externe",""
"MK","Indicateurs macro","052","Barbade","6129","Croissance annuelle US$","22008","Produit Intérieur Brut","2023","2023","%","7.406221","X","Chiffre de source externe",""
"MK","Indicateurs macro","052","Barbade","61290","Croissance annuelle US$ par habitant","22008","Produit Intérieur Brut","2023","2023","%","7.399373","X","Chiffre de source externe",""
"MK","Indicateurs macro","112","Bélarus","6110","Valeur US$","22008","Produit Intérieur Brut","2023","2023","Millions d’USD","71857.387068","X","Chiffre de source externe",""
"MK","Indicateurs macro","112","Bélarus","6119","Valeur US$ par habitant","22008","Produit Intérieur Brut","2023","2023","USD","7882.833433","X","Chiffre de source externe",""
"MK","Indicateurs macro","112","Bélarus","6129","Croissance annuelle US$","22008","Produit Intérieur Brut","2023","2023","%","-2.599486","X","Chiffre de source externe",""
"MK","Indicateurs macro","112","Bélarus","61290","Croissance annuelle US$ par habitant","22008","Produit Intérieur Brut","2023","2023","%","-1.984493","X","Chiffre de source externe",""
"MK","Indicateurs macro","056","Belgique","6110","Valeur US$","22008","Produit Intérieur Brut","2023","2023","Millions d’USD","644782.756683","X","Chiffre de source externe",""
"MK","Indicateurs macro","056","Belgique","6119","Valeur US$ par habitant","22008","Produit Intérieur Brut","2023","2023","USD","55048.975235","X","Chiffre de source externe",""
"MK","Indicateurs macro","056","Belgique","6129","Croissance annuelle US$","22008","Produit Intérieur Brut","2023","2023","%","8.651934","X","Chiffre de source externe",""
"MK","Indicateurs macro","056","Belgique","61290","Croissance annuelle US$ par habitant","22008","Produit Intérieur Brut","2023","2023","%","7.992642","X","Chiffre de source externe",""
"MK","Indicateurs macro","084","Belize","6110","Valeur US$","22008","Produit Intérieur Brut","2023","2023","Millions d’USD","3078.603925","X","Chiffre de source externe",""
"MK","Indicateurs macro","084","Belize","6119","Valeur US$ par habitant","22008","Produit Intérieur Brut","2023","2023","USD","7488.598243","X","Chiffre de source externe",""
"MK","Indicateurs macro","084","Belize","6129","Croissance annuelle US$","22008","Produit Intérieur Brut","2023","2023","%","8.415184","X","Chiffre de source externe",""
"MK","Indicateurs macro","084","Belize","61290","Croissance annuelle US$ par habitant","22008","Produit Intérieur Brut","2023","2023","%","6.20722","X","Chiffre de source externe",""
"MK","Indicateurs macro","204","Bénin","6110","Valeur US$","22008","Produit Intérieur Brut","2023","2023","Millions d’USD","19673.284686","X","Chiffre de source externe",""
"MK","Indicateurs macro","204","Bénin","6119","Valeur US$ par habitant","22008","Produit Intérieur Brut","2023","2023","USD","1394.17735","X","Chiffre de source externe",""
"MK","Indicateurs macro","204","Bénin","6129","Croissance annuelle US$","22008","Produit Intérieur Brut","2023","2023","%","12.899929","X","Chiffre de source externe",""
"MK","Indicateurs macro","204","Bénin","61290","Croissance annuelle US$ par habitant","22008","Produit Intérieur Brut","2023","2023","%","10.087367","X","Chiffre de source externe",""
"MK","Indicateurs macro","060","Bermudes","6110","Valeur US$","22008","Produit Intérieur Brut","2023","2023","Millions d’USD","8141.7","X","Chiffre de source externe",""
"MK","Indicateurs macro","060","Bermudes","6119","Valeur US$ par habitant","22008","Produit Intérieur Brut","2023","2023","USD","125841.602522","X","Chiffre de source externe",""
"MK","Indicateurs macro","060","Bermudes","6129","Croissance annuelle US$","22008","Produit Intérieur Brut","2023","2023","%","4.007673","X","Chiffre de source externe",""
"MK","Indicateurs macro","060","Bermudes","61290","Croissance annuelle US$ par habitant","22008","Produit Intérieur Brut","2023","2023","%","4.088856","X","Chiffre de source externe",""
"MK","Indicateurs macro","064","Bhoutan","6110","Valeur US$","22008","Produit Intérieur Brut","2023","2023","Millions d’USD","3019.191","X","Chiffre de source externe",""
"MK","Indicateurs macro","064","Bhoutan","6119","Valeur US$ par habitant","22008","Produit Intérieur Brut","2023","2023","USD","3839.329336","X","Chiffre de source externe",""
"MK","Indicateurs macro","064","Bhoutan","6129","Croissance annuelle US$","22008","Produit Intérieur Brut","2023","2023","%","4.173697","X","Chiffre de source externe",""
"MK","Indicateurs macro","064","Bhoutan","61290","Croissance annuelle US$ par habitant","22008","Produit Intérieur Brut","2023","2023","%","3.449011","X","Chiffre de source externe",""
"MK","Indicateurs macro","068","Bolivie (État plurinational de)","6110","Valeur US$","22008","Produit Intérieur Brut","2023","2023","Millions d’USD","45135.398009","X","Chiffre de source externe",""
"MK","Indicateurs macro","068","Bolivie (État plurinational de)","6119","Valeur US$ par habitant","22008","Produit Intérieur Brut","2023","2023","USD","3686.279814","X","Chiffre de source externe",""
"MK","Indicateurs macro","068","Bolivie (État plurinational de)","6129","Croissance annuelle US$","22008","Produit Intérieur Brut","2023","2023","%","2.561143","X","Chiffre de source externe",""
"MK","Indicateurs macro","068","Bolivie (État plurinational de)","61290","Croissance annuelle US$ par habitant","22008","Produit Intérieur Brut","2023","2023","%","1.16225","X","Chiffre de source externe",""
"MK","Indicateurs macro","070","Bosnie-Herzégovine","6110","Valeur US$","22008","Produit Intérieur Brut","2023","2023","Millions d’USD","27514.785513","X","Chiffre de source externe",""
"MK","Indicateurs macro","070","Bosnie-Herzégovine","6119","Valeur US$ par habitant","22008","Produit Intérieur Brut","2023","2023","USD","8638.667156","X","Chiffre de source externe",""
"MK","Indicateurs macro","070","Bosnie-Herzégovine","6129","Croissance annuelle US$","22008","Produit Intérieur Brut","2023","2023","%","12.14657","X","Chiffre de source externe",""
"MK","Indicateurs macro","070","Bosnie-Herzégovine","61290","Croissance annuelle US$ par habitant","22008","Produit Intérieur Brut","2023","2023","%","12.841229","X","Chiffre de source externe",""
"MK","Indicateurs macro","072","Botswana","6110","Valeur US$","22008","Produit Intérieur Brut","2023","2023","Millions d’USD","19395.765129","X","Chiffre de source externe",""
"MK","Indicateurs macro","072","Botswana","6119","Valeur US$ par habitant","22008","Produit Intérieur Brut","2023","2023","USD","7820.102062","X","Chiffre de source externe",""
"MK","Indicateurs macro","072","Botswana","6129","Croissance annuelle US$","22008","Produit Intérieur Brut","2023","2023","%","-4.557598","X","Chiffre de source externe",""
"MK","Indicateurs macro","072","Botswana","61290","Croissance annuelle US$ par habitant","22008","Produit Intérieur Brut","2023","2023","%","-6.110424","X","Chiffre de source externe",""
"MK","Indicateurs macro","076","Brésil","6110","Valeur US$","22008","Produit Intérieur Brut","2023","2023","Millions d’USD","2191131.869718","X","Chiffre de source externe",""
"MK","Indicateurs macro","076","Brésil","6119","Valeur US$ par habitant","22008","Produit Intérieur Brut","2023","2023","USD","10377.589772","X","Chiffre de source externe",""
"MK","Indicateurs macro","076","Brésil","6129","Croissance annuelle US$","22008","Produit Intérieur Brut","2023","2023","%","12.254988","X","Chiffre de source externe",""
"MK","Indicateurs macro","076","Brésil","61290","Croissance annuelle US$ par habitant","22008","Produit Intérieur Brut","2023","2023","%","11.811417","X","Chiffre de source externe",""
"MK","Indicateurs macro","096","Brunéi Darussalam","6110","Valeur US$","22008","Produit Intérieur Brut","2023","2023","Millions d’USD","15128.297474","X","Chiffre de source externe",""
"MK","Indicateurs macro","096","Brunéi Darussalam","6119","Valeur US$ par habitant","22008","Produit Intérieur Brut","2023","2023","USD","32962.952213","X","Chiffre de source externe",""
"MK","Indicateurs macro","096","Brunéi Darussalam","6129","Croissance annuelle US$","22008","Produit Intérieur Brut","2023","2023","%","-9.3111","X","Chiffre de source externe",""
"MK","Indicateurs macro","096","Brunéi Darussalam","61290","Croissance annuelle US$ par habitant","22008","Produit Intérieur Brut","2023","2023","%","-10.018316","X","Chiffre de source externe",""
"MK","Indicateurs macro","100","Bulgarie","6110","Valeur US$","22008","Produit Intérieur Brut","2023","2023","Millions d’USD","102396.859165","X","Chiffre de source externe",""
"MK","Indicateurs macro","100","Bulgarie","6119","Valeur US$ par habitant","22008","Produit Intérieur Brut","2023","2023","USD","15067.661491","X","Chiffre de source externe",""
"MK","Indicateurs macro","100","Bulgarie","6129","Croissance annuelle US$","22008","Produit Intérieur Brut","2023","2023","%","13.134133","X","Chiffre de source externe",""
"MK","Indicateurs macro","100","Bulgarie","61290","Croissance annuelle US$ par habitant","22008","Produit Intérieur Brut","2023","2023","%","13.634578","X","Chiffre de source externe",""
"MK","Indicateurs macro","854","Burkina Faso","6110","Valeur US$","22008","Produit Intérieur Brut","2023","2023","Millions d’USD","20324.617839","X","Chiffre de source externe",""
"MK","Indicateurs macro","854","Burkina Faso","6119","Valeur US$ par habitant","22008","Produit Intérieur Brut","2023","2023","USD","882.68981","X","Chiffre de source externe",""
"MK","Indicateurs macro","854","Burkina Faso","6129","Croissance annuelle US$","22008","Produit Intérieur Brut","2023","2023","%","7.993526","X","Chiffre de source externe",""
"MK","Indicateurs macro","854","Burkina Faso","61290","Croissance annuelle US$ par habitant","22008","Produit Intérieur Brut","2023","2023","%","5.569968","X","Chiffre de source externe",""
"MK","Indicateurs macro","108","Burundi","6110","Valeur US$","22008","Produit Intérieur Brut","2023","2023","Millions d’USD","3960.309821","X","Chiffre de source externe",""
"MK","Indicateurs macro","108","Burundi","6119","Valeur US$ par habitant","22008","Produit Intérieur Brut","2023","2023","USD","289.2965","X","Chiffre de source externe",""
"MK","Indicateurs macro","108","Burundi","6129","Croissance annuelle US$","22008","Produit Intérieur Brut","2023","2023","%","-9.601479","X","Chiffre de source externe",""
"MK","Indicateurs macro","108","Burundi","61290","Croissance annuelle US$ par habitant","22008","Produit Intérieur Brut","2023","2023","%","-12.033898","X","Chiffre de source externe",""
"MK","Indicateurs macro","132","Cabo Verde","6110","Valeur US$","22008","Produit Intérieur Brut","2023","2023","Millions d’USD","2591.373779","X","Chiffre de source externe",""
"MK","Indicateurs macro","132","Cabo Verde","6119","Valeur US$ par habitant","22008","Produit Intérieur Brut","2023","2023","USD","4961.176456","X","Chiffre de source externe",""
"MK","Indicateurs macro","132","Cabo Verde","6129","Croissance annuelle US$","22008","Produit Intérieur Brut","2023","2023","%","12.485611","X","Chiffre de source externe",""
"MK","Indicateurs macro","132","Cabo Verde","61290","Croissance annuelle US$ par habitant","22008","Produit Intérieur Brut","2023","2023","%","11.927953","X","Chiffre de source externe",""
"MK","Indicateurs macro","116","Cambodge","6110","Valeur US$","22008","Produit Intérieur Brut","2023","2023","Millions d’USD","42824.097135","X","Chiffre de source externe",""
"MK","Indicateurs macro","116","Cambodge","6119","Valeur US$ par habitant","22008","Produit Intérieur Brut","2023","2023","USD","2457.781843","X","Chiffre de source externe",""
"MK","Indicateurs macro","116","Cambodge","6129","Croissance annuelle US$","22008","Produit Intérieur Brut","2023","2023","%","8.099125","X","Chiffre de source externe",""
"MK","Indicateurs macro","116","Cambodge","61290","Croissance annuelle US$ par habitant","22008","Produit Intérieur Brut","2023","2023","%","6.720846","X","Chiffre de source externe",""
"MK","Indicateurs macro","120","Cameroun","6110","Valeur US$","22008","Produit Intérieur Brut","2023","2023","Millions d’USD","49279.410969","X","Chiffre de source externe",""
"MK","Indicateurs macro","120","Cameroun","6119","Valeur US$ par habitant","22008","Produit Intérieur Brut","2023","2023","USD","1736.86091","X","Chiffre de source externe",""
"MK","Indicateurs macro","120","Cameroun","6129","Croissance annuelle US$","22008","Produit Intérieur Brut","2023","2023","%","11.121794","X","Chiffre de source externe",""
"MK","Indicateurs macro","120","Cameroun","61290","Croissance annuelle US$ par habitant","22008","Produit Intérieur Brut","2023","2023","%","8.223911","X","Chiffre de source externe",""
"MK","Indicateurs macro","124","Canada","6110","Valeur US$","22008","Produit Intérieur Brut","2023","2023","Millions d’USD","2142470.914401","X","Chiffre de source externe",""
"MK","Indicateurs macro","124","Canada","6119","Valeur US$ par habitant","22008","Produit Intérieur Brut","2023","2023","USD","54517.041588","X","Chiffre de source externe",""
"MK","Indicateurs macro","124","Canada","6129","Croissance annuelle US$","22008","Produit Intérieur Brut","2023","2023","%","-0.879602","X","Chiffre de source externe",""
"MK","Indicateurs macro","124","Canada","61290","Croissance annuelle US$ par habitant","22008","Produit Intérieur Brut","2023","2023","%","-2.084826","X","Chiffre de source externe",""
"MK","Indicateurs macro","152","Chili","6110","Valeur US$","22008","Produit Intérieur Brut","2023","2023","Millions d’USD","335533.331808","X","Chiffre de source externe",""
"MK","Indicateurs macro","152","Chili","6119","Valeur US$ par habitant","22008","Produit Intérieur Brut","2023","2023","USD","17067.813622","X","Chiffre de source externe",""
"MK","Indicateurs macro","152","Chili","6129","Croissance annuelle US$","22008","Produit Intérieur Brut","2023","2023","%","11.060895","X","Chiffre de source externe",""
"MK","Indicateurs macro","152","Chili","61290","Croissance annuelle US$ par habitant","22008","Produit Intérieur Brut","2023","2023","%","10.463195","X","Chiffre de source externe",""
"MK","Indicateurs macro","344","Chine - RAS de Hong-Kong","6110","Valeur US$","22008","Produit Intérieur Brut","2023","2023","Millions d’USD","380812.218615","X","Chiffre de source externe",""
"MK","Indicateurs macro","344","Chine - RAS de Hong-Kong","6119","Valeur US$ par habitant","22008","Produit Intérieur Brut","2023","2023","USD","51165.632553","X","Chiffre de source externe",""
"MK","Indicateurs macro","344","Chine - RAS de Hong-Kong","6129","Croissance annuelle US$","22008","Produit Intérieur Brut","2023","2023","%","6.170143","X","Chiffre de source externe",""
"MK","Indicateurs macro","344","Chine - RAS de Hong-Kong","61290","Croissance annuelle US$ par habitant","22008","Produit Intérieur Brut","2023","2023","%","6.500812","X","Chiffre de source externe",""
"MK","Indicateurs macro","446","Chine - RAS de Macao","6110","Valeur US$","22008","Produit Intérieur Brut","2023","2023","Millions d’USD","45803.067467","X","Chiffre de source externe",""
"MK","Indicateurs macro","446","Chine - RAS de Macao","6119","Valeur US$ par habitant","22008","Produit Intérieur Brut","2023","2023","USD","64157.906781","X","Chiffre de source externe",""
"MK","Indicateurs macro","446","Chine - RAS de Macao","6129","Croissance annuelle US$","22008","Produit Intérieur Brut","2023","2023","%","83.218769","X","Chiffre de source externe",""
"MK","Indicateurs macro","446","Chine - RAS de Macao","61290","Croissance annuelle US$ par habitant","22008","Produit Intérieur Brut","2023","2023","%","80.766567","X","Chiffre de source externe",""
"MK","Indicateurs macro","156","Chine, continentale","6110","Valeur US$","22008","Produit Intérieur Brut","2023","2023","Millions d’USD","17794782.334078","X","Chiffre de source externe",""
"MK","Indicateurs macro","156","Chine, continentale","6119","Valeur US$ par habitant","22008","Produit Intérieur Brut","2023","2023","USD","12508.76621","X","Chiffre de source externe",""
"MK","Indicateurs macro","156","Chine, continentale","6129","Croissance annuelle US$","22008","Produit Intérieur Brut","2023","2023","%","-0.486533","X","Chiffre de source externe",""
"MK","Indicateurs macro","156","Chine, continentale","61290","Croissance annuelle US$ par habitant","22008","Produit Intérieur Brut","2023","2023","%","-0.305031","X","Chiffre de source externe",""
"MK","Indicateurs macro","196","Chypre","6110","Valeur US$","22008","Produit Intérieur Brut","2023","2023","Millions d’USD","33886.958784","X","Chiffre de source externe",""
"MK","Indicateurs macro","196","Chypre","6119","Valeur US$ par habitant","22008","Produit Intérieur Brut","2023","2023","USD","25195.223842","X","Chiffre de source externe",""
"MK","Indicateurs macro","196","Chypre","6129","Croissance annuelle US$","22008","Produit Intérieur Brut","2023","2023","%","9.39689","X","Chiffre de source externe",""
"MK","Indicateurs macro","196","Chypre","61290","Croissance annuelle US$ par habitant","22008","Produit Intérieur Brut","2023","2023","%","8.290253","X","Chiffre de source externe",""
"MK","Indicateurs macro","170","Colombie","6110","Valeur US$","22008","Produit Intérieur Brut","2023","2023","Millions d’USD","363540.07381","X","Chiffre de source externe",""
"MK","Indicateurs macro","170","Colombie","6119","Valeur US$ par habitant","22008","Produit Intérieur Brut","2023","2023","USD","6948.242851","X","Chiffre de source externe",""
"MK","Indicateurs macro","170","Colombie","6129","Croissance annuelle US$","22008","Produit Intérieur Brut","2023","2023","%","5.273276","X","Chiffre de source externe",""
"MK","Indicateurs macro","170","Colombie","61290","Croissance annuelle US$ par habitant","22008","Produit Intérieur Brut","2023","2023","%","4.099825","X","Chiffre de source externe",""
"MK","Indicateurs macro","174","Comores","6110","Valeur US$","22008","Produit Intérieur Brut","2023","2023","Millions d’USD","1447.894601","X","Chiffre de source externe",""
"MK","Indicateurs macro","174","Comores","6119","Valeur US$ par habitant","22008","Produit Intérieur Brut","2023","2023","USD","1702.630215","X","Chiffre de source externe",""
"MK","Indicateurs macro","174","Comores","6129","Croissance annuelle US$","22008","Produit Intérieur Brut","2023","2023","%","11.799625","X","Chiffre de source externe",""
"MK","Indicateurs macro","174","Comores","61290","Croissance annuelle US$ par habitant","22008","Produit Intérieur Brut","2023","2023","%","9.669957","X","Chiffre de source externe",""
"MK","Indicateurs macro","178","Congo","6110","Valeur US$","22008","Produit Intérieur Brut","2023","2023","Millions d’USD","14166.665339","X","Chiffre de source externe",""
"MK","Indicateurs macro","178","Congo","6119","Valeur US$ par habitant","22008","Produit Intérieur Brut","2023","2023","USD","2291.271039","X","Chiffre de source externe",""
"MK","Indicateurs macro","178","Congo","6129","Croissance annuelle US$","22008","Produit Intérieur Brut","2023","2023","%","1.644285","X","Chiffre de source externe",""
"MK","Indicateurs macro","178","Congo","61290","Croissance annuelle US$ par habitant","22008","Produit Intérieur Brut","2023","2023","%","-0.785179","X","Chiffre de source externe",""
"MK","Indicateurs macro","188","Costa Rica","6110","Valeur US$","22008","Produit Intérieur Brut","2023","2023","Millions d’USD","86497.941518","X","Chiffre de source externe",""
"MK","Indicateurs macro","188","Costa Rica","6119","Valeur US$ par habitant","22008","Produit Intérieur Brut","2023","2023","USD","16942.025168","X","Chiffre de source externe",""
"MK","Indicateurs macro","188","Costa Rica","6129","Croissance annuelle US$","22008","Produit Intérieur Brut","2023","2023","%","24.918273","X","Chiffre de source externe",""
"MK","Indicateurs macro","188","Costa Rica","61290","Croissance annuelle US$ par habitant","22008","Produit Intérieur Brut","2023","2023","%","24.336906","X","Chiffre de source externe",""
"MK","Indicateurs macro","384","Côte d'Ivoire","6110","Valeur US$","22008","Produit Intérieur Brut","2023","2023","Millions d’USD","78788.828907","X","Chiffre de source externe",""
"MK","Indicateurs macro","384","Côte d'Ivoire","6119","Valeur US$ par habitant","22008","Produit Intérieur Brut","2023","2023","USD","2528.065957","X","Chiffre de source externe",""
"MK","Indicateurs macro","384","Côte d'Ivoire","6129","Croissance annuelle US$","22008","Produit Intérieur Brut","2023","2023","%","12.277759","X","Chiffre de source externe",""
"MK","Indicateurs macro","384","Côte d'Ivoire","61290","Croissance annuelle US$ par habitant","22008","Produit Intérieur Brut","2023","2023","%","9.501399","X","Chiffre de source externe",""
"MK","Indicateurs macro","191","Croatie","6110","Valeur US$","22008","Produit Intérieur Brut","2023","2023","Millions d’USD","84391.371763","X","Chiffre de source externe",""
"MK","Indicateurs macro","191","Croatie","6119","Valeur US$ par habitant","22008","Produit Intérieur Brut","2023","2023","USD","21660.899058","X","Chiffre de source externe",""
"MK","Indicateurs macro","191","Croatie","6129","Croissance annuelle US$","22008","Produit Intérieur Brut","2023","2023","%","18.603494","X","Chiffre de source externe",""
"MK","Indicateurs macro","191","Croatie","61290","Croissance annuelle US$ par habitant","22008","Produit Intérieur Brut","2023","2023","%","18.938464","X","Chiffre de source externe",""
"MK","Indicateurs macro","192","Cuba","6110","Valeur US$","22008","Produit Intérieur Brut","2023","2023","Millions d’USD","201985.998168","X","Chiffre de source externe",""
"MK","Indicateurs macro","192","Cuba","6119","Valeur US$ par habitant","22008","Produit Intérieur Brut","2023","2023","USD","18329.153543","X","Chiffre de source externe",""
"MK","Indicateurs macro","192","Cuba","6129","Croissance annuelle US$","22008","Produit Intérieur Brut","2023","2023","%","37.299521","X","Chiffre de source externe",""
"MK","Indicateurs macro","192","Cuba","61290","Croissance annuelle US$ par habitant","22008","Produit Intérieur Brut","2023","2023","%","37.796512","X","Chiffre de source externe",""
"MK","Indicateurs macro","531","Curaçao","6110","Valeur US$","22008","Produit Intérieur Brut","2023","2023","Millions d’USD","3281.419347","X","Chiffre de source externe",""
"MK","Indicateurs macro","531","Curaçao","6119","Valeur US$ par habitant","22008","Produit Intérieur Brut","2023","2023","USD","17696.556313","X","Chiffre de source externe",""
"MK","Indicateurs macro","531","Curaçao","6129","Croissance annuelle US$","22008","Produit Intérieur Brut","2023","2023","%","6.706549","X","Chiffre de source externe",""
"MK","Indicateurs macro","531","Curaçao","61290","Croissance annuelle US$ par habitant","22008","Produit Intérieur Brut","2023","2023","%","6.659073","X","Chiffre de source externe",""
"MK","Indicateurs macro","208","Danemark","6110","Valeur US$","22008","Produit Intérieur Brut","2023","2023","Millions d’USD","407091.920305","X","Chiffre de source externe",""
"MK","Indicateurs macro","208","Danemark","6119","Valeur US$ par habitant","22008","Produit Intérieur Brut","2023","2023","USD","68440.24516","X","Chiffre de source externe",""
"MK","Indicateurs macro","208","Danemark","6129","Croissance annuelle US$","22008","Produit Intérieur Brut","2023","2023","%","1.280358","X","Chiffre de source externe",""
"MK","Indicateurs macro","208","Danemark","61290","Croissance annuelle US$ par habitant","22008","Produit Intérieur Brut","2023","2023","%","0.510165","X","Chiffre de source externe",""
"MK","Indicateurs macro","262","Djibouti","6110","Valeur US$","22008","Produit Intérieur Brut","2023","2023","Millions d’USD","3999.527349","X","Chiffre de source externe",""
"MK","Indicateurs macro","262","Djibouti","6119","Valeur US$ par habitant","22008","Produit Intérieur Brut","2023","2023","USD","3468.970812","X","Chiffre de source externe",""
"MK","Indicateurs macro","262","Djibouti","6129","Croissance annuelle US$","22008","Produit Intérieur Brut","2023","2023","%","8.834788","X","Chiffre de source externe",""
"MK","Indicateurs macro","262","Djibouti","61290","Croissance annuelle US$ par habitant","22008","Produit Intérieur Brut","2023","2023","%","7.338826","X","Chiffre de source externe",""
"MK","Indicateurs macro","212","Dominique","6110","Valeur US$","22008","Produit Intérieur Brut","2023","2023","Millions d’USD","650.87037","X","Chiffre de source externe",""
"MK","Indicateurs macro","212","Dominique","6119","Valeur US$ par habitant","22008","Produit Intérieur Brut","2023","2023","USD","9785.979212","X","Chiffre de source externe",""
"MK","Indicateurs macro","212","Dominique","6129","Croissance annuelle US$","22008","Produit Intérieur Brut","2023","2023","%","7.149608","X","Chiffre de source externe",""
"MK","Indicateurs macro","212","Dominique","61290","Croissance annuelle US$ par habitant","22008","Produit Intérieur Brut","2023","2023","%","7.658689","X","Chiffre de source externe",""
"MK","Indicateurs macro","818","Égypte","6110","Valeur US$","22008","Produit Intérieur Brut","2023","2023","Millions d’USD","331589.591264","X","Chiffre de source externe",""
"MK","Indicateurs macro","818","Égypte","6119","Valeur US$ par habitant","22008","Produit Intérieur Brut","2023","2023","USD","2895.074499","X","Chiffre de source externe",""
"MK","Indicateurs macro","818","Égypte","6129","Croissance annuelle US$","22008","Produit Intérieur Brut","2023","2023","%","-18.987537","X","Chiffre de source externe",""
"MK","Indicateurs macro","818","Égypte","61290","Croissance annuelle US$ par habitant","22008","Produit Intérieur Brut","2023","2023","%","-20.343823","X","Chiffre de source externe",""
"MK","Indicateurs macro","222","El Salvador","6110","Valeur US$","22008","Produit Intérieur Brut","2023","2023","Millions d’USD","34015.61522","X","Chiffre de source externe",""
"MK","Indicateurs macro","222","El Salvador","6119","Valeur US$ par habitant","22008","Produit Intérieur Brut","2023","2023","USD","5391.068504","X","Chiffre de source externe",""
"MK","Indicateurs macro","222","El Salvador","6129","Croissance annuelle US$","22008","Produit Intérieur Brut","2023","2023","%","6.335623","X","Chiffre de source externe",""
"MK","Indicateurs macro","222","El Salvador","61290","Croissance annuelle US$ par habitant","22008","Produit Intérieur Brut","2023","2023","%","5.841748","X","Chiffre de source externe",""
"MK","Indicateurs macro","784","Émirats arabes unis","6110","Valeur US$","22008","Produit Intérieur Brut","2023","2023","Millions d’USD","514130.432653","X","Chiffre de source externe",""
"MK","Indicateurs macro","784","Émirats arabes unis","6119","Valeur US$ par habitant","22008","Produit Intérieur Brut","2023","2023","USD","48311.080573","X","Chiffre de source externe",""
"MK","Indicateurs macro","784","Émirats arabes unis","6129","Croissance annuelle US$","22008","Produit Intérieur Brut","2023","2023","%","2.267311","X","Chiffre de source externe",""
"MK","Indicateurs macro","784","Émirats arabes unis","61290","Croissance annuelle US$ par habitant","22008","Produit Intérieur Brut","2023","2023","%","-1.57652","X","Chiffre de source externe",""
"MK","Indicateurs macro","218","Équateur","6110","Valeur US$","22008","Produit Intérieur Brut","2023","2023","Millions d’USD","118844.826792","X","Chiffre de source externe",""
"MK","Indicateurs macro","218","Équateur","6119","Valeur US$ par habitant","22008","Produit Intérieur Brut","2023","2023","USD","6609.804126","X","Chiffre de source externe",""
"MK","Indicateurs macro","218","Équateur","6129","Croissance annuelle US$","22008","Produit Intérieur Brut","2023","2023","%","1.937408","X","Chiffre de source externe",""
"MK","Indicateurs macro","218","Équateur","61290","Croissance annuelle US$ par habitant","22008","Produit Intérieur Brut","2023","2023","%","1.051917","X","Chiffre de source externe",""
"MK","Indicateurs macro","232","Érythrée","6110","Valeur US$","22008","Produit Intérieur Brut","2023","2023","Millions d’USD","2275.290216","X","Chiffre de source externe",""
"MK","Indicateurs macro","232","Érythrée","6119","Valeur US$ par habitant","22008","Produit Intérieur Brut","2023","2023","USD","655.629639","X","Chiffre de source externe",""
"MK","Indicateurs macro","232","Érythrée","6129","Croissance annuelle US$","22008","Produit Intérieur Brut","2023","2023","%","-4.531852","X","Chiffre de source externe",""
"MK","Indicateurs macro","232","Érythrée","61290","Croissance annuelle US$ par habitant","22008","Produit Intérieur Brut","2023","2023","%","-6.208341","X","Chiffre de source externe",""
"MK","Indicateurs macro","724","Espagne","6110","Valeur US$","22008","Produit Intérieur Brut","2023","2023","Millions d’USD","1620090.734957","X","Chiffre de source externe",""
"MK","Indicateurs macro","724","Espagne","6119","Valeur US$ par habitant","22008","Produit Intérieur Brut","2023","2023","USD","33814.1792","X","Chiffre de source externe",""
"MK","Indicateurs macro","724","Espagne","6129","Croissance annuelle US$","22008","Produit Intérieur Brut","2023","2023","%","12.000886","X","Chiffre de source externe",""
"MK","Indicateurs macro","724","Espagne","61290","Croissance annuelle US$ par habitant","22008","Produit Intérieur Brut","2023","2023","%","11.806399","X","Chiffre de source externe",""
"MK","Indicateurs macro","233","Estonie","6110","Valeur US$","22008","Produit Intérieur Brut","2023","2023","Millions d’USD","41291.245222","X","Chiffre de source externe",""
"MK","Indicateurs macro","233","Estonie","6119","Valeur US$ par habitant","22008","Produit Intérieur Brut","2023","2023","USD","30201.408739","X","Chiffre de source externe",""
"MK","Indicateurs macro","233","Estonie","6129","Croissance annuelle US$","22008","Produit Intérieur Brut","2023","2023","%","7.596403","X","Chiffre de source externe",""
"MK","Indicateurs macro","233","Estonie","61290","Croissance annuelle US$ par habitant","22008","Produit Intérieur Brut","2023","2023","%","6.250303","X","Chiffre de source externe",""
"MK","Indicateurs macro","748","Eswatini","6110","Valeur US$","22008","Produit Intérieur Brut","2023","2023","Millions d’USD","4573.530952","X","Chiffre de source externe",""
"MK","Indicateurs macro","748","Eswatini","6119","Valeur US$ par habitant","22008","Produit Intérieur Brut","2023","2023","USD","3716.788827","X","Chiffre de source externe",""
"MK","Indicateurs macro","748","Eswatini","6129","Croissance annuelle US$","22008","Produit Intérieur Brut","2023","2023","%","1.366105","X","Chiffre de source externe",""
"MK","Indicateurs macro","748","Eswatini","61290","Croissance annuelle US$ par habitant","22008","Produit Intérieur Brut","2023","2023","%","0.41139","X","Chiffre de source externe",""
"MK","Indicateurs macro","840","États-Unis d'Amérique","6110","Valeur US$","22008","Produit Intérieur Brut","2023","2023","Millions d’USD","27720700","X","Chiffre de source externe",""
"MK","Indicateurs macro","840","États-Unis d'Amérique","6119","Valeur US$ par habitant","22008","Produit Intérieur Brut","2023","2023","USD","80706.052992","X","Chiffre de source externe",""
"MK","Indicateurs macro","840","États-Unis d'Amérique","6129","Croissance annuelle US$","22008","Produit Intérieur Brut","2023","2023","%","6.58979","X","Chiffre de source externe",""
"MK","Indicateurs macro","840","États-Unis d'Amérique","61290","Croissance annuelle US$ par habitant","22008","Produit Intérieur Brut","2023","2023","%","5.986737","X","Chiffre de source externe",""
"MK","Indicateurs macro","231","Éthiopie","6110","Valeur US$","22008","Produit Intérieur Brut","2023","2023","Millions d’USD","159746.451415","X","Chiffre de source externe",""
"MK","Indicateurs macro","231","Éthiopie","6119","Valeur US$ par habitant","22008","Produit Intérieur Brut","2023","2023","USD","1241.311299","X","Chiffre de source externe",""
"MK","Indicateurs macro","231","Éthiopie","6129","Croissance annuelle US$","22008","Produit Intérieur Brut","2023","2023","%","34.283762","X","Chiffre de source externe",""
"MK","Indicateurs macro","231","Éthiopie","61290","Croissance annuelle US$ par habitant","22008","Produit Intérieur Brut","2023","2023","%","30.832639","X","Chiffre de source externe",""
"MK","Indicateurs macro","643","Fédération de Russie","6110","Valeur US$","22008","Produit Intérieur Brut","2023","2023","Millions d’USD","2008419.051492","X","Chiffre de source externe",""
"MK","Indicateurs macro","643","Fédération de Russie","6119","Valeur US$ par habitant","22008","Produit Intérieur Brut","2023","2023","USD","13809.214384","X","Chiffre de source externe",""
"MK","Indicateurs macro","643","Fédération de Russie","6129","Croissance annuelle US$","22008","Produit Intérieur Brut","2023","2023","%","-11.460504","X","Chiffre de source externe",""
"MK","Indicateurs macro","643","Fédération de Russie","61290","Croissance annuelle US$ par habitant","22008","Produit Intérieur Brut","2023","2023","%","-11.375642","X","Chiffre de source externe",""
"MK","Indicateurs macro","242","Fidji","6110","Valeur US$","22008","Produit Intérieur Brut","2023","2023","Millions d’USD","5442.046565","X","Chiffre de source externe",""
"MK","Indicateurs macro","242","Fidji","6119","Valeur US$ par habitant","22008","Produit Intérieur Brut","2023","2023","USD","5888.7335","X","Chiffre de source externe",""
"MK","Indicateurs macro","242","Fidji","6129","Croissance annuelle US$","22008","Produit Intérieur Brut","2023","2023","%","9.508857","X","Chiffre de source externe",""
"MK","Indicateurs macro","242","Fidji","61290","Croissance annuelle US$ par habitant","22008","Produit Intérieur Brut","2023","2023","%","8.949134","X","Chiffre de source externe",""
"MK","Indicateurs macro","246","Finlande","6110","Valeur US$","22008","Produit Intérieur Brut","2023","2023","Millions d’USD","295532.341255","X","Chiffre de source externe",""
"MK","Indicateurs macro","246","Finlande","6119","Valeur US$ par habitant","22008","Produit Intérieur Brut","2023","2023","USD","52762.462742","X","Chiffre de source externe",""
"MK","Indicateurs macro","246","Finlande","6129","Croissance annuelle US$","22008","Produit Intérieur Brut","2023","2023","%","5.456303","X","Chiffre de source externe",""
"MK","Indicateurs macro","246","Finlande","61290","Croissance annuelle US$ par habitant","22008","Produit Intérieur Brut","2023","2023","%","4.85596","X","Chiffre de source externe",""
"MK","Indicateurs macro","250","France","6110","Valeur US$","22008","Produit Intérieur Brut","2023","2023","Millions d’USD","3051831.611385","X","Chiffre de source externe",""
"MK","Indicateurs macro","250","France","6119","Valeur US$ par habitant","22008","Produit Intérieur Brut","2023","2023","USD","45934.463007","X","Chiffre de source externe",""
"MK","Indicateurs macro","250","France","6129","Croissance annuelle US$","22008","Produit Intérieur Brut","2023","2023","%","9.138118","X","Chiffre de source externe",""
"MK","Indicateurs macro","250","France","61290","Croissance annuelle US$ par habitant","22008","Produit Intérieur Brut","2023","2023","%","8.872967","X","Chiffre de source externe",""
"MK","Indicateurs macro","266","Gabon","6110","Valeur US$","22008","Produit Intérieur Brut","2023","2023","Millions d’USD","20055.731425","X","Chiffre de source externe",""
"MK","Indicateurs macro","266","Gabon","6119","Valeur US$ par habitant","22008","Produit Intérieur Brut","2023","2023","USD","8071.403834","X","Chiffre de source externe",""
"MK","Indicateurs macro","266","Gabon","6129","Croissance annuelle US$","22008","Produit Intérieur Brut","2023","2023","%","-1.883459","X","Chiffre de source externe",""
"MK","Indicateurs macro","266","Gabon","61290","Croissance annuelle US$ par habitant","22008","Produit Intérieur Brut","2023","2023","%","-4.01739","X","Chiffre de source externe",""
"MK","Indicateurs macro","270","Gambie","6110","Valeur US$","22008","Produit Intérieur Brut","2023","2023","Millions d’USD","2401.157157","X","Chiffre de source externe",""
"MK","Indicateurs macro","270","Gambie","6119","Valeur US$ par habitant","22008","Produit Intérieur Brut","2023","2023","USD","890.027675","X","Chiffre de source externe",""
"MK","Indicateurs macro","270","Gambie","6129","Croissance annuelle US$","22008","Produit Intérieur Brut","2023","2023","%","8.907741","X","Chiffre de source externe",""
"MK","Indicateurs macro","270","Gambie","61290","Croissance annuelle US$ par habitant","22008","Produit Intérieur Brut","2023","2023","%","6.43011","X","Chiffre de source externe",""
"MK","Indicateurs macro","268","Géorgie","6110","Valeur US$","22008","Produit Intérieur Brut","2023","2023","Millions d’USD","30535.520619","X","Chiffre de source externe",""
"MK","Indicateurs macro","268","Géorgie","6119","Valeur US$ par habitant","22008","Produit Intérieur Brut","2023","2023","USD","8019.85155","X","Chiffre de source externe",""
"MK","Indicateurs macro","268","Géorgie","6129","Croissance annuelle US$","22008","Produit Intérieur Brut","2023","2023","%","22.217421","X","Chiffre de source externe",""
"MK","Indicateurs macro","268","Géorgie","61290","Croissance annuelle US$ par habitant","22008","Produit Intérieur Brut","2023","2023","%","21.809489","X","Chiffre de source externe",""
"MK","Indicateurs macro","288","Ghana","6110","Valeur US$","22008","Produit Intérieur Brut","2023","2023","Millions d’USD","76370.39441","X","Chiffre de source externe",""
"MK","Indicateurs macro","288","Ghana","6119","Valeur US$ par habitant","22008","Produit Intérieur Brut","2023","2023","USD","2260.287344","X","Chiffre de source externe",""
"MK","Indicateurs macro","288","Ghana","6129","Croissance annuelle US$","22008","Produit Intérieur Brut","2023","2023","%","2.837241","X","Chiffre de source externe",""
"MK","Indicateurs macro","288","Ghana","61290","Croissance annuelle US$ par habitant","22008","Produit Intérieur Brut","2023","2023","%","0.893098","X","Chiffre de source externe",""
"MK","Indicateurs macro","300","Grèce","6110","Valeur US$","22008","Produit Intérieur Brut","2023","2023","Millions d’USD","243498.333238","X","Chiffre de source externe",""
"MK","Indicateurs macro","300","Grèce","6119","Valeur US$ par habitant","22008","Produit Intérieur Brut","2023","2023","USD","23772.381959","X","Chiffre de source externe",""
"MK","Indicateurs macro","300","Grèce","6129","Croissance annuelle US$","22008","Produit Intérieur Brut","2023","2023","%","11.247123","X","Chiffre de source externe",""
"MK","Indicateurs macro","300","Grèce","61290","Croissance annuelle US$ par habitant","22008","Produit Intérieur Brut","2023","2023","%","13.088821","X","Chiffre de source externe",""
"MK","Indicateurs macro","308","Grenade","6110","Valeur US$","22008","Produit Intérieur Brut","2023","2023","Millions d’USD","1316.733333","X","Chiffre de source externe",""
"MK","Indicateurs macro","308","Grenade","6119","Valeur US$ par habitant","22008","Produit Intérieur Brut","2023","2023","USD","11246.345123","X","Chiffre de source externe",""
"MK","Indicateurs macro","308","Grenade","6129","Croissance annuelle US$","22008","Produit Intérieur Brut","2023","2023","%","7.525496","X","Chiffre de source externe",""
"MK","Indicateurs macro","308","Grenade","61290","Croissance annuelle US$ par habitant","22008","Produit Intérieur Brut","2023","2023","%","7.371208","X","Chiffre de source externe",""
"MK","Indicateurs macro","304","Groenland","6110","Valeur US$","22008","Produit Intérieur Brut","2023","2023","Millions d’USD","3040.729828","X","Chiffre de source externe",""
"MK","Indicateurs macro","304","Groenland","6119","Valeur US$ par habitant","22008","Produit Intérieur Brut","2023","2023","USD","54373.996649","X","Chiffre de source externe",""
"MK","Indicateurs macro","304","Groenland","6129","Croissance annuelle US$","22008","Produit Intérieur Brut","2023","2023","%","3.916827","X","Chiffre de source externe",""
"MK","Indicateurs macro","304","Groenland","61290","Croissance annuelle US$ par habitant","22008","Produit Intérieur Brut","2023","2023","%","4.043186","X","Chiffre de source externe",""
"MK","Indicateurs macro","320","Guatemala","6110","Valeur US$","22008","Produit Intérieur Brut","2023","2023","Millions d’USD","104450.555094","X","Chiffre de source externe",""
"MK","Indicateurs macro","320","Guatemala","6119","Valeur US$ par habitant","22008","Produit Intérieur Brut","2023","2023","USD","5762.840913","X","Chiffre de source externe",""
"MK","Indicateurs macro","320","Guatemala","6129","Croissance annuelle US$","22008","Produit Intérieur Brut","2023","2023","%","9.223025","X","Chiffre de source externe",""
"MK","Indicateurs macro","320","Guatemala","61290","Croissance annuelle US$ par habitant","22008","Produit Intérieur Brut","2023","2023","%","7.554019","X","Chiffre de source externe",""
"MK","Indicateurs macro","324","Guinée","6110","Valeur US$","22008","Produit Intérieur Brut","2023","2023","Millions d’USD","23006.144247","X","Chiffre de source externe",""
"MK","Indicateurs macro","324","Guinée","6119","Valeur US$ par habitant","22008","Produit Intérieur Brut","2023","2023","USD","1597.042473","X","Chiffre de source externe",""
"MK","Indicateurs macro","324","Guinée","6129","Croissance annuelle US$","22008","Produit Intérieur Brut","2023","2023","%","17.726128","X","Chiffre de source externe",""
"MK","Indicateurs macro","324","Guinée","61290","Croissance annuelle US$ par habitant","22008","Produit Intérieur Brut","2023","2023","%","14.86311","X","Chiffre de source externe",""
"MK","Indicateurs macro","226","Guinée équatoriale","6110","Valeur US$","22008","Produit Intérieur Brut","2023","2023","Millions d’USD","12116.922989","X","Chiffre de source externe",""
"MK","Indicateurs macro","226","Guinée équatoriale","6119","Valeur US$ par habitant","22008","Produit Intérieur Brut","2023","2023","USD","6558.377066","X","Chiffre de source externe",""
"MK","Indicateurs macro","226","Guinée équatoriale","6129","Croissance annuelle US$","22008","Produit Intérieur Brut","2023","2023","%","-10.157085","X","Chiffre de source externe",""
"MK","Indicateurs macro","226","Guinée équatoriale","61290","Croissance annuelle US$ par habitant","22008","Produit Intérieur Brut","2023","2023","%","-12.296919","X","Chiffre de source externe",""
"MK","Indicateurs macro","624","Guinée-Bissau","6110","Valeur US$","22008","Produit Intérieur Brut","2023","2023","Millions d’USD","1841.421709","X","Chiffre de source externe",""
"MK","Indicateurs macro","624","Guinée-Bissau","6119","Valeur US$ par habitant","22008","Produit Intérieur Brut","2023","2023","USD","855.14715","X","Chiffre de source externe",""
"MK","Indicateurs macro","624","Guinée-Bissau","6129","Croissance annuelle US$","22008","Produit Intérieur Brut","2023","2023","%","16.727652","X","Chiffre de source externe",""
"MK","Indicateurs macro","624","Guinée-Bissau","61290","Croissance annuelle US$ par habitant","22008","Produit Intérieur Brut","2023","2023","%","14.13598","X","Chiffre de source externe",""
"MK","Indicateurs macro","328","Guyana","6110","Valeur US$","22008","Produit Intérieur Brut","2023","2023","Millions d’USD","16682.905128","X","Chiffre de source externe",""
"MK","Indicateurs macro","328","Guyana","6119","Valeur US$ par habitant","22008","Produit Intérieur Brut","2023","2023","USD","20188.593892","X","Chiffre de source externe",""
"MK","Indicateurs macro","328","Guyana","6129","Croissance annuelle US$","22008","Produit Intérieur Brut","2023","2023","%","13.347374","X","Chiffre de source externe",""
"MK","Indicateurs macro","328","Guyana","61290","Croissance annuelle US$ par habitant","22008","Produit Intérieur Brut","2023","2023","%","12.7005","X","Chiffre de source externe",""
"MK","Indicateurs macro","332","Haïti","6110","Valeur US$","22008","Produit Intérieur Brut","2023","2023","Millions d’USD","19841.215946","X","Chiffre de source externe",""
"MK","Indicateurs macro","332","Haïti","6119","Valeur US$ par habitant","22008","Produit Intérieur Brut","2023","2023","USD","1704.952868","X","Chiffre de source externe",""
"MK","Indicateurs macro","332","Haïti","6129","Croissance annuelle US$","22008","Produit Intérieur Brut","2023","2023","%","5.812646","X","Chiffre de source externe",""
"MK","Indicateurs macro","332","Haïti","61290","Croissance annuelle US$ par habitant","22008","Produit Intérieur Brut","2023","2023","%","4.596142","X","Chiffre de source externe",""
"MK","Indicateurs macro","340","Honduras","6110","Valeur US$","22008","Produit Intérieur Brut","2023","2023","Millions d’USD","34400.510099","X","Chiffre de source externe",""
"MK","Indicateurs macro","340","Honduras","6119","Valeur US$ par habitant","22008","Produit Intérieur Brut","2023","2023","USD","3231.657268","X","Chiffre de source externe",""
"MK","Indicateurs macro","340","Honduras","6129","Croissance annuelle US$","22008","Produit Intérieur Brut","2023","2023","%","9.464978","X","Chiffre de source externe",""
"MK","Indicateurs macro","340","Honduras","61290","Croissance annuelle US$ par habitant","22008","Produit Intérieur Brut","2023","2023","%","7.603903","X","Chiffre de source externe",""
"MK","Indicateurs macro","348","Hongrie","6110","Valeur US$","22008","Produit Intérieur Brut","2023","2023","Millions d’USD","212656.686476","X","Chiffre de source externe",""
"MK","Indicateurs macro","348","Hongrie","6119","Valeur US$ par habitant","22008","Produit Intérieur Brut","2023","2023","USD","21954.006896","X","Chiffre de source externe",""
"MK","Indicateurs macro","348","Hongrie","6129","Croissance annuelle US$","22008","Produit Intérieur Brut","2023","2023","%","19.752502","X","Chiffre de source externe",""
"MK","Indicateurs macro","348","Hongrie","61290","Croissance annuelle US$ par habitant","22008","Produit Intérieur Brut","2023","2023","%","19.725823","X","Chiffre de source externe",""
"MK","Indicateurs macro","136","Îles Caïmanes","6110","Valeur US$","22008","Produit Intérieur Brut","2023","2023","Millions d’USD","7127.248511","X","Chiffre de source externe",""
"MK","Indicateurs macro","136","Îles Caïmanes","6119","Valeur US$ par habitant","22008","Produit Intérieur Brut","2023","2023","USD","97582.744755","X","Chiffre de source externe",""
"MK","Indicateurs macro","136","Îles Caïmanes","6129","Croissance annuelle US$","22008","Produit Intérieur Brut","2023","2023","%","7.974806","X","Chiffre de source externe",""
"MK","Indicateurs macro","136","Îles Caïmanes","61290","Croissance annuelle US$ par habitant","22008","Produit Intérieur Brut","2023","2023","%","5.836391","X","Chiffre de source externe",""
"MK","Indicateurs macro","184","Îles Cook","6110","Valeur US$","22008","Produit Intérieur Brut","2023","2023","Millions d’USD","366.211548","X","Chiffre de source externe",""
"MK","Indicateurs macro","184","Îles Cook","6119","Valeur US$ par habitant","22008","Produit Intérieur Brut","2023","2023","USD","25749.651815","X","Chiffre de source externe",""
"MK","Indicateurs macro","184","Îles Cook","6129","Croissance annuelle US$","22008","Produit Intérieur Brut","2023","2023","%","26.388954","X","Chiffre de source externe",""
"MK","Indicateurs macro","184","Îles Cook","61290","Croissance annuelle US$ par habitant","22008","Produit Intérieur Brut","2023","2023","%","30.845716","X","Chiffre de source externe",""
"MK","Indicateurs macro","584","Îles Marshall","6110","Valeur US$","22008","Produit Intérieur Brut","2023","2023","Millions d’USD","269.9251","X","Chiffre de source externe",""
"MK","Indicateurs macro","584","Îles Marshall","6119","Valeur US$ par habitant","22008","Produit Intérieur Brut","2023","2023","USD","6951.994746","X","Chiffre de source externe",""
"MK","Indicateurs macro","584","Îles Marshall","6129","Croissance annuelle US$","22008","Produit Intérieur Brut","2023","2023","%","2.330612","X","Chiffre de source externe",""
"MK","Indicateurs macro","584","Îles Marshall","61290","Croissance annuelle US$ par habitant","22008","Produit Intérieur Brut","2023","2023","%","5.625053","X","Chiffre de source externe",""
"MK","Indicateurs macro","090","Îles Salomon","6110","Valeur US$","22008","Produit Intérieur Brut","2023","2023","Millions d’USD","1633.316907","X","Chiffre de source externe",""
"MK","Indicateurs macro","090","Îles Salomon","6119","Valeur US$ par habitant","22008","Produit Intérieur Brut","2023","2023","USD","2041.632098","X","Chiffre de source externe",""
"MK","Indicateurs macro","090","Îles Salomon","6129","Croissance annuelle US$","22008","Produit Intérieur Brut","2023","2023","%","4.274794","X","Chiffre de source externe",""
"MK","Indicateurs macro","090","Îles Salomon","61290","Croissance annuelle US$ par habitant","22008","Produit Intérieur Brut","2023","2023","%","1.806171","X","Chiffre de source externe",""
"MK","Indicateurs macro","796","Îles Turques-et-Caïques","6110","Valeur US$","22008","Produit Intérieur Brut","2023","2023","Millions d’USD","1402.054391","X","Chiffre de source externe",""
"MK","Indicateurs macro","796","Îles Turques-et-Caïques","6119","Valeur US$ par habitant","22008","Produit Intérieur Brut","2023","2023","USD","30348.811442","X","Chiffre de source externe",""
"MK","Indicateurs macro","796","Îles Turques-et-Caïques","6129","Croissance annuelle US$","22008","Produit Intérieur Brut","2023","2023","%","14.1","X","Chiffre de source externe",""
"MK","Indicateurs macro","796","Îles Turques-et-Caïques","61290","Croissance annuelle US$ par habitant","22008","Produit Intérieur Brut","2023","2023","%","13.234334","X","Chiffre de source externe",""
"MK","Indicateurs macro","092","Îles Vierges britanniques","6110","Valeur US$","22008","Produit Intérieur Brut","2023","2023","Millions d’USD","1505.856107","X","Chiffre de source externe",""
"MK","Indicateurs macro","092","Îles Vierges britanniques","6119","Valeur US$ par habitant","22008","Produit Intérieur Brut","2023","2023","USD","38626.551417","X","Chiffre de source externe",""
"MK","Indicateurs macro","092","Îles Vierges britanniques","6129","Croissance annuelle US$","22008","Produit Intérieur Brut","2023","2023","%","2.353322","X","Chiffre de source externe",""
"MK","Indicateurs macro","092","Îles Vierges britanniques","61290","Croissance annuelle US$ par habitant","22008","Produit Intérieur Brut","2023","2023","%","0.604769","X","Chiffre de source externe",""
"MK","Indicateurs macro","356","Inde","6110","Valeur US$","22008","Produit Intérieur Brut","2023","2023","Millions d’USD","3575777.914184","X","Chiffre de source externe",""
"MK","Indicateurs macro","356","Inde","6119","Valeur US$ par habitant","22008","Produit Intérieur Brut","2023","2023","USD","2486.512422","X","Chiffre de source externe",""
"MK","Indicateurs macro","356","Inde","6129","Croissance annuelle US$","22008","Produit Intérieur Brut","2023","2023","%","4.295323","X","Chiffre de source externe",""
"MK","Indicateurs macro","356","Inde","61290","Croissance annuelle US$ par habitant","22008","Produit Intérieur Brut","2023","2023","%","3.37815","X","Chiffre de source externe",""
"MK","Indicateurs macro","360","Indonésie","6110","Valeur US$","22008","Produit Intérieur Brut","2023","2023","Millions d’USD","1371171.152331","X","Chiffre de source externe",""
"MK","Indicateurs macro","360","Indonésie","6119","Valeur US$ par habitant","22008","Produit Intérieur Brut","2023","2023","USD","4876.314336","X","Chiffre de source externe",""
"MK","Indicateurs macro","360","Indonésie","6129","Croissance annuelle US$","22008","Produit Intérieur Brut","2023","2023","%","3.949346","X","Chiffre de source externe",""
"MK","Indicateurs macro","360","Indonésie","61290","Croissance annuelle US$ par habitant","22008","Produit Intérieur Brut","2023","2023","%","3.07708","X","Chiffre de source externe",""
"MK","Indicateurs macro","364","Iran (République islamique d')","6110","Valeur US$","22008","Produit Intérieur Brut","2023","2023","Millions d’USD","401596.284917","X","Chiffre de source externe",""
"MK","Indicateurs macro","364","Iran (République islamique d')","6119","Valeur US$ par habitant","22008","Produit Intérieur Brut","2023","2023","USD","4432.204125","X","Chiffre de source externe",""
"MK","Indicateurs macro","364","Iran (République islamique d')","6129","Croissance annuelle US$","22008","Produit Intérieur Brut","2023","2023","%","0.891465","X","Chiffre de source externe",""
"MK","Indicateurs macro","364","Iran (République islamique d')","61290","Croissance annuelle US$ par habitant","22008","Produit Intérieur Brut","2023","2023","%","-0.316066","X","Chiffre de source externe",""
"MK","Indicateurs macro","368","Iraq","6110","Valeur US$","22008","Produit Intérieur Brut","2023","2023","Millions d’USD","232107.245886","X","Chiffre de source externe",""
"MK","Indicateurs macro","368","Iraq","6119","Valeur US$ par habitant","22008","Produit Intérieur Brut","2023","2023","USD","5149.465181","X","Chiffre de source externe",""
"MK","Indicateurs macro","368","Iraq","6129","Croissance annuelle US$","22008","Produit Intérieur Brut","2023","2023","%","-12.141216","X","Chiffre de source externe",""
"MK","Indicateurs macro","368","Iraq","61290","Croissance annuelle US$ par habitant","22008","Produit Intérieur Brut","2023","2023","%","-14.097244","X","Chiffre de source externe",""
"MK","Indicateurs macro","372","Irlande","6110","Valeur US$","22008","Produit Intérieur Brut","2023","2023","Millions d’USD","551394.88934","X","Chiffre de source externe",""
"MK","Indicateurs macro","372","Irlande","6119","Valeur US$ par habitant","22008","Produit Intérieur Brut","2023","2023","USD","106106.243727","X","Chiffre de source externe",""
"MK","Indicateurs macro","372","Irlande","6129","Croissance annuelle US$","22008","Produit Intérieur Brut","2023","2023","%","0.514909","X","Chiffre de source externe",""
"MK","Indicateurs macro","372","Irlande","61290","Croissance annuelle US$ par habitant","22008","Produit Intérieur Brut","2023","2023","%","-1.160417","X","Chiffre de source externe",""
"MK","Indicateurs macro","352","Islande","6110","Valeur US$","22008","Produit Intérieur Brut","2023","2023","Millions d’USD","31325.116556","X","Chiffre de source externe",""
"MK","Indicateurs macro","352","Islande","6119","Valeur US$ par habitant","22008","Produit Intérieur Brut","2023","2023","USD","80827.016782","X","Chiffre de source externe",""
"MK","Indicateurs macro","352","Islande","6129","Croissance annuelle US$","22008","Produit Intérieur Brut","2023","2023","%","8.880402","X","Chiffre de source externe",""
"MK","Indicateurs macro","352","Islande","61290","Croissance annuelle US$ par habitant","22008","Produit Intérieur Brut","2023","2023","%","6.857072","X","Chiffre de source externe",""
"MK","Indicateurs macro","376","Israël","6110","Valeur US$","22008","Produit Intérieur Brut","2023","2023","Millions d’USD","513611.100816","X","Chiffre de source externe",""
"MK","Indicateurs macro","376","Israël","6119","Valeur US$ par habitant","22008","Produit Intérieur Brut","2023","2023","USD","55487.648843","X","Chiffre de source externe",""
"MK","Indicateurs macro","376","Israël","6129","Croissance annuelle US$","22008","Produit Intérieur Brut","2023","2023","%","-2.668785","X","Chiffre de source externe",""
"MK","Indicateurs macro","376","Israël","61290","Croissance annuelle US$ par habitant","22008","Produit Intérieur Brut","2023","2023","%","-4.279311","X","Chiffre de source externe",""
"MK","Indicateurs macro","380","Italie","6110","Valeur US$","22008","Produit Intérieur Brut","2023","2023","Millions d’USD","2300941.152992","X","Chiffre de source externe",""
"MK","Indicateurs macro","380","Italie","6119","Valeur US$ par habitant","22008","Produit Intérieur Brut","2023","2023","USD","38671.635401","X","Chiffre de source externe",""
"MK","Indicateurs macro","380","Italie","6129","Croissance annuelle US$","22008","Produit Intérieur Brut","2023","2023","%","9.412534","X","Chiffre de source externe",""
"MK","Indicateurs macro","380","Italie","61290","Croissance annuelle US$ par habitant","22008","Produit Intérieur Brut","2023","2023","%","9.632578","X","Chiffre de source externe",""
"MK","Indicateurs macro","388","Jamaïque","6110","Valeur US$","22008","Produit Intérieur Brut","2023","2023","Millions d’USD","19423.356578","X","Chiffre de source externe",""
"MK","Indicateurs macro","388","Jamaïque","6119","Valeur US$ par habitant","22008","Produit Intérieur Brut","2023","2023","USD","6839.72545","X","Chiffre de source externe",""
"MK","Indicateurs macro","388","Jamaïque","6129","Croissance annuelle US$","22008","Produit Intérieur Brut","2023","2023","%","13.601755","X","Chiffre de source externe",""
"MK","Indicateurs macro","388","Jamaïque","61290","Croissance annuelle US$ par habitant","22008","Produit Intérieur Brut","2023","2023","%","13.576073","X","Chiffre de source externe",""
"MK","Indicateurs macro","392","Japon","6110","Valeur US$","22008","Produit Intérieur Brut","2023","2023","Millions d’USD","4204494.802432","X","Chiffre de source externe",""
"MK","Indicateurs macro","392","Japon","6119","Valeur US$ par habitant","22008","Produit Intérieur Brut","2023","2023","USD","33806.085109","X","Chiffre de source externe",""
"MK","Indicateurs macro","392","Japon","6129","Croissance annuelle US$","22008","Produit Intérieur Brut","2023","2023","%","-1.219712","X","Chiffre de source externe",""
"MK","Indicateurs macro","392","Japon","61290","Croissance annuelle US$ par habitant","22008","Produit Intérieur Brut","2023","2023","%","-0.722017","X","Chiffre de source externe",""
"MK","Indicateurs macro","400","Jordanie","6110","Valeur US$","22008","Produit Intérieur Brut","2023","2023","Millions d’USD","50813.642349","X","Chiffre de source externe",""
"MK","Indicateurs macro","400","Jordanie","6119","Valeur US$ par habitant","22008","Produit Intérieur Brut","2023","2023","USD","4442.057345","X","Chiffre de source externe",""
"MK","Indicateurs macro","400","Jordanie","6129","Croissance annuelle US$","22008","Produit Intérieur Brut","2023","2023","%","4.440104","X","Chiffre de source externe",""
"MK","Indicateurs macro","400","Jordanie","61290","Croissance annuelle US$ par habitant","22008","Produit Intérieur Brut","2023","2023","%","2.769769","X","Chiffre de source externe",""
"MK","Indicateurs macro","398","Kazakhstan","6110","Valeur US$","22008","Produit Intérieur Brut","2023","2023","Millions d’USD","264292.737277","X","Chiffre de source externe",""
"MK","Indicateurs macro","398","Kazakhstan","6119","Valeur US$ par habitant","22008","Produit Intérieur Brut","2023","2023","USD","13000.068139","X","Chiffre de source externe",""
"MK","Indicateurs macro","398","Kazakhstan","6129","Croissance annuelle US$","22008","Produit Intérieur Brut","2023","2023","%","17.204896","X","Chiffre de source externe",""
"MK","Indicateurs macro","398","Kazakhstan","61290","Croissance annuelle US$ par habitant","22008","Produit Intérieur Brut","2023","2023","%","15.50134","X","Chiffre de source externe",""
"MK","Indicateurs macro","404","Kenya","6110","Valeur US$","22008","Produit Intérieur Brut","2023","2023","Millions d’USD","108038.588277","X","Chiffre de source externe",""
"MK","Indicateurs macro","404","Kenya","6119","Valeur US$ par habitant","22008","Produit Intérieur Brut","2023","2023","USD","1952.304584","X","Chiffre de source externe",""
"MK","Indicateurs macro","404","Kenya","6129","Croissance annuelle US$","22008","Produit Intérieur Brut","2023","2023","%","-5.601086","X","Chiffre de source externe",""
"MK","Indicateurs macro","404","Kenya","61290","Croissance annuelle US$ par habitant","22008","Produit Intérieur Brut","2023","2023","%","-7.454542","X","Chiffre de source externe",""
"MK","Indicateurs macro","417","Kirghizistan","6110","Valeur US$","22008","Produit Intérieur Brut","2023","2023","Millions d’USD","13987.627975","X","Chiffre de source externe",""
"MK","Indicateurs macro","417","Kirghizistan","6119","Valeur US$ par habitant","22008","Produit Intérieur Brut","2023","2023","USD","1977.464809","X","Chiffre de source externe",""
"MK","Indicateurs macro","417","Kirghizistan","6129","Croissance annuelle US$","22008","Produit Intérieur Brut","2023","2023","%","15.267465","X","Chiffre de source externe",""
"MK","Indicateurs macro","417","Kirghizistan","61290","Croissance annuelle US$ par habitant","22008","Produit Intérieur Brut","2023","2023","%","13.34902","X","Chiffre de source externe",""
"MK","Indicateurs macro","296","Kiribati","6110","Valeur US$","22008","Produit Intérieur Brut","2023","2023","Millions d’USD","288.61072","X","Chiffre de source externe",""
"MK","Indicateurs macro","296","Kiribati","6119","Valeur US$ par habitant","22008","Produit Intérieur Brut","2023","2023","USD","2177.692832","X","Chiffre de source externe",""
"MK","Indicateurs macro","296","Kiribati","6129","Croissance annuelle US$","22008","Produit Intérieur Brut","2023","2023","%","6.876879","X","Chiffre de source externe",""
"MK","Indicateurs macro","296","Kiribati","61290","Croissance annuelle US$ par habitant","22008","Produit Intérieur Brut","2023","2023","%","5.214015","X","Chiffre de source externe",""
"MK","Indicateurs macro","414","Koweït","6110","Valeur US$","22008","Produit Intérieur Brut","2023","2023","Millions d’USD","163704.691686","X","Chiffre de source externe",""
"MK","Indicateurs macro","414","Koweït","6119","Valeur US$ par habitant","22008","Produit Intérieur Brut","2023","2023","USD","33831.800772","X","Chiffre de source externe",""
"MK","Indicateurs macro","414","Koweït","6129","Croissance annuelle US$","22008","Produit Intérieur Brut","2023","2023","%","-11.001097","X","Chiffre de source externe",""
"MK","Indicateurs macro","414","Koweït","61290","Croissance annuelle US$ par habitant","22008","Produit Intérieur Brut","2023","2023","%","-15.585897","X","Chiffre de source externe",""
"MK","Indicateurs macro","426","Lesotho","6110","Valeur US$","22008","Produit Intérieur Brut","2023","2023","Millions d’USD","2117.962429","X","Chiffre de source externe",""
"MK","Indicateurs macro","426","Lesotho","6119","Valeur US$ par habitant","22008","Produit Intérieur Brut","2023","2023","USD","916.28297","X","Chiffre de source externe",""
"MK","Indicateurs macro","426","Lesotho","6129","Croissance annuelle US$","22008","Produit Intérieur Brut","2023","2023","%","-10.06456","X","Chiffre de source externe",""
"MK","Indicateurs macro","426","Lesotho","61290","Croissance annuelle US$ par habitant","22008","Produit Intérieur Brut","2023","2023","%","-11.051332","X","Chiffre de source externe",""
"MK","Indicateurs macro","428","Lettonie","6110","Valeur US$","22008","Produit Intérieur Brut","2023","2023","Millions d’USD","42247.850065","X","Chiffre de source externe",""
"MK","Indicateurs macro","428","Lettonie","6119","Valeur US$ par habitant","22008","Produit Intérieur Brut","2023","2023","USD","22443.656948","X","Chiffre de source externe",""
"MK","Indicateurs macro","428","Lettonie","6129","Croissance annuelle US$","22008","Produit Intérieur Brut","2023","2023","%","11.123267","X","Chiffre de source externe",""
"MK","Indicateurs macro","428","Lettonie","61290","Croissance annuelle US$ par habitant","22008","Produit Intérieur Brut","2023","2023","%","11.044576","X","Chiffre de source externe",""
"MK","Indicateurs macro","422","Liban","6110","Valeur US$","22008","Produit Intérieur Brut","2023","2023","Millions d’USD","27463.501309","X","Chiffre de source externe",""
"MK","Indicateurs macro","422","Liban","6119","Valeur US$ par habitant","22008","Produit Intérieur Brut","2023","2023","USD","4756.826359","X","Chiffre de source externe",""
"MK","Indicateurs macro","422","Liban","6129","Croissance annuelle US$","22008","Produit Intérieur Brut","2023","2023","%","2.872993","X","Chiffre de source externe",""
"MK","Indicateurs macro","422","Liban","61290","Croissance annuelle US$ par habitant","22008","Produit Intérieur Brut","2023","2023","%","2.356195","X","Chiffre de source externe",""
"MK","Indicateurs macro","430","Libéria","6110","Valeur US$","22008","Produit Intérieur Brut","2023","2023","Millions d’USD","5039.237004","X","Chiffre de source externe",""
"MK","Indicateurs macro","430","Libéria","6119","Valeur US$ par habitant","22008","Produit Intérieur Brut","2023","2023","USD","917.387323","X","Chiffre de source externe",""
"MK","Indicateurs macro","430","Libéria","6129","Croissance annuelle US$","22008","Produit Intérieur Brut","2023","2023","%","10.467514","X","Chiffre de source externe",""
"MK","Indicateurs macro","430","Libéria","61290","Croissance annuelle US$ par habitant","22008","Produit Intérieur Brut","2023","2023","%","8.059545","X","Chiffre de source externe",""
"MK","Indicateurs macro","434","Libye","6110","Valeur US$","22008","Produit Intérieur Brut","2023","2023","Millions d’USD","44029.921588","X","Chiffre de source externe",""
"MK","Indicateurs macro","434","Libye","6119","Valeur US$ par habitant","22008","Produit Intérieur Brut","2023","2023","USD","6026.824081","X","Chiffre de source externe",""
"MK","Indicateurs macro","434","Libye","6129","Croissance annuelle US$","22008","Produit Intérieur Brut","2023","2023","%","1.812212","X","Chiffre de source externe",""
"MK","Indicateurs macro","434","Libye","61290","Croissance annuelle US$ par habitant","22008","Produit Intérieur Brut","2023","2023","%","0.671482","X","Chiffre de source externe",""
"MK","Indicateurs macro","438","Liechtenstein","6110","Valeur US$","22008","Produit Intérieur Brut","2023","2023","Millions d’USD","7965.156089","X","Chiffre de source externe",""
"MK","Indicateurs macro","438","Liechtenstein","6119","Valeur US$ par habitant","22008","Produit Intérieur Brut","2023","2023","USD","201150.464381","X","Chiffre de source externe",""
"MK","Indicateurs macro","438","Liechtenstein","6129","Croissance annuelle US$","22008","Produit Intérieur Brut","2023","2023","%","7.955967","X","Chiffre de source externe",""
"MK","Indicateurs macro","438","Liechtenstein","61290","Croissance annuelle US$ par habitant","22008","Produit Intérieur Brut","2023","2023","%","7.189877","X","Chiffre de source externe",""
"MK","Indicateurs macro","440","Lituanie","6110","Valeur US$","22008","Produit Intérieur Brut","2023","2023","Millions d’USD","79789.877416","X","Chiffre de source externe",""
"MK","Indicateurs macro","440","Lituanie","6119","Valeur US$ par habitant","22008","Produit Intérieur Brut","2023","2023","USD","27956.240276","X","Chiffre de source externe",""
"MK","Indicateurs macro","440","Lituanie","6129","Croissance annuelle US$","22008","Produit Intérieur Brut","2023","2023","%","12.326502","X","Chiffre de source externe",""
"MK","Indicateurs macro","440","Lituanie","61290","Croissance annuelle US$ par habitant","22008","Produit Intérieur Brut","2023","2023","%","10.863258","X","Chiffre de source externe",""
"MK","Indicateurs macro","442","Luxembourg","6110","Valeur US$","22008","Produit Intérieur Brut","2023","2023","Millions d’USD","85755.006124","X","Chiffre de source externe",""
"MK","Indicateurs macro","442","Luxembourg","6119","Valeur US$ par habitant","22008","Produit Intérieur Brut","2023","2023","USD","128935.895347","X","Chiffre de source externe",""
"MK","Indicateurs macro","442","Luxembourg","6129","Croissance annuelle US$","22008","Produit Intérieur Brut","2023","2023","%","5.038103","X","Chiffre de source externe",""
"MK","Indicateurs macro","442","Luxembourg","61290","Croissance annuelle US$ par habitant","22008","Produit Intérieur Brut","2023","2023","%","3.176833","X","Chiffre de source externe",""
"MK","Indicateurs macro","807","Macédoine du Nord","6110","Valeur US$","22008","Produit Intérieur Brut","2023","2023","Millions d’USD","15763.62194","X","Chiffre de source externe",""
"MK","Indicateurs macro","807","Macédoine du Nord","6119","Valeur US$ par habitant","22008","Produit Intérieur Brut","2023","2023","USD","8605.529551","X","Chiffre de source externe",""
"MK","Indicateurs macro","807","Macédoine du Nord","6129","Croissance annuelle US$","22008","Produit Intérieur Brut","2023","2023","%","13.143324","X","Chiffre de source externe",""
"MK","Indicateurs macro","807","Macédoine du Nord","61290","Croissance annuelle US$ par habitant","22008","Produit Intérieur Brut","2023","2023","%","13.664105","X","Chiffre de source externe",""
"MK","Indicateurs macro","450","Madagascar","6110","Valeur US$","22008","Produit Intérieur Brut","2023","2023","Millions d’USD","15869.945477","X","Chiffre de source externe",""
"MK","Indicateurs macro","450","Madagascar","6119","Valeur US$ par habitant","22008","Produit Intérieur Brut","2023","2023","USD","508.71842","X","Chiffre de source externe",""
"MK","Indicateurs macro","450","Madagascar","6129","Croissance annuelle US$","22008","Produit Intérieur Brut","2023","2023","%","3.551848","X","Chiffre de source externe",""
"MK","Indicateurs macro","450","Madagascar","61290","Croissance annuelle US$ par habitant","22008","Produit Intérieur Brut","2023","2023","%","1.033511","X","Chiffre de source externe",""
"MK","Indicateurs macro","458","Malaisie","6110","Valeur US$","22008","Produit Intérieur Brut","2023","2023","Millions d’USD","399648.650456","X","Chiffre de source externe",""
"MK","Indicateurs macro","458","Malaisie","6119","Valeur US$ par habitant","22008","Produit Intérieur Brut","2023","2023","USD","11377.477082","X","Chiffre de source externe",""
"MK","Indicateurs macro","458","Malaisie","6129","Croissance annuelle US$","22008","Produit Intérieur Brut","2023","2023","%","-1.812802","X","Chiffre de source externe",""
"MK","Indicateurs macro","458","Malaisie","61290","Croissance annuelle US$ par habitant","22008","Produit Intérieur Brut","2023","2023","%","-3.017015","X","Chiffre de source externe",""
"MK","Indicateurs macro","454","Malawi","6110","Valeur US$","22008","Produit Intérieur Brut","2023","2023","Millions d’USD","12626.675361","X","Chiffre de source externe",""
"MK","Indicateurs macro","454","Malawi","6119","Valeur US$ par habitant","22008","Produit Intérieur Brut","2023","2023","USD","598.293531","X","Chiffre de source externe",""
"MK","Indicateurs macro","454","Malawi","6129","Croissance annuelle US$","22008","Produit Intérieur Brut","2023","2023","%","1.12721","X","Chiffre de source externe",""
"MK","Indicateurs macro","454","Malawi","61290","Croissance annuelle US$ par habitant","22008","Produit Intérieur Brut","2023","2023","%","-1.439987","X","Chiffre de source externe",""
"MK","Indicateurs macro","462","Maldives","6110","Valeur US$","22008","Produit Intérieur Brut","2023","2023","Millions d’USD","6590.894148","X","Chiffre de source externe",""
"MK","Indicateurs macro","462","Maldives","6119","Valeur US$ par habitant","22008","Produit Intérieur Brut","2023","2023","USD","12530.359943","X","Chiffre de source externe",""
"MK","Indicateurs macro","462","Maldives","6129","Croissance annuelle US$","22008","Produit Intérieur Brut","2023","2023","%","6.698529","X","Chiffre de source externe",""
"MK","Indicateurs macro","462","Maldives","61290","Croissance annuelle US$ par habitant","22008","Produit Intérieur Brut","2023","2023","%","6.315647","X","Chiffre de source externe",""
"MK","Indicateurs macro","466","Mali","6110","Valeur US$","22008","Produit Intérieur Brut","2023","2023","Millions d’USD","20661.79459","X","Chiffre de source externe",""
"MK","Indicateurs macro","466","Mali","6119","Valeur US$ par habitant","22008","Produit Intérieur Brut","2023","2023","USD","869.270216","X","Chiffre de source externe",""
"MK","Indicateurs macro","466","Mali","6129","Croissance annuelle US$","22008","Produit Intérieur Brut","2023","2023","%","10.018318","X","Chiffre de source externe",""
"MK","Indicateurs macro","466","Mali","61290","Croissance annuelle US$ par habitant","22008","Produit Intérieur Brut","2023","2023","%","6.79454","X","Chiffre de source externe",""
"MK","Indicateurs macro","470","Malte","6110","Valeur US$","22008","Produit Intérieur Brut","2023","2023","Millions d’USD","22211.636399","X","Chiffre de source externe",""
"MK","Indicateurs macro","470","Malte","6119","Valeur US$ par habitant","22008","Produit Intérieur Brut","2023","2023","USD","41676.304233","X","Chiffre de source externe",""
"MK","Indicateurs macro","470","Malte","6129","Croissance annuelle US$","22008","Produit Intérieur Brut","2023","2023","%","15.473922","X","Chiffre de source externe",""
"MK","Indicateurs macro","470","Malte","61290","Croissance annuelle US$ par habitant","22008","Produit Intérieur Brut","2023","2023","%","14.441721","X","Chiffre de source externe",""
"MK","Indicateurs macro","504","Maroc","6110","Valeur US$","22008","Produit Intérieur Brut","2023","2023","Millions d’USD","144437.514125","X","Chiffre de source externe",""
"MK","Indicateurs macro","504","Maroc","6119","Valeur US$ par habitant","22008","Produit Intérieur Brut","2023","2023","USD","3829.963407","X","Chiffre de source externe",""
"MK","Indicateurs macro","504","Maroc","6129","Croissance annuelle US$","22008","Produit Intérieur Brut","2023","2023","%","10.298124","X","Chiffre de source externe",""
"MK","Indicateurs macro","504","Maroc","61290","Croissance annuelle US$ par habitant","22008","Produit Intérieur Brut","2023","2023","%","9.17667","X","Chiffre de source externe",""
"MK","Indicateurs macro","480","Maurice","6110","Valeur US$","22008","Produit Intérieur Brut","2023","2023","Millions d’USD","14397.127281","X","Chiffre de source externe",""
"MK","Indicateurs macro","480","Maurice","6119","Valeur US$ par habitant","22008","Produit Intérieur Brut","2023","2023","USD","11304.383585","X","Chiffre de source externe",""
"MK","Indicateurs macro","480","Maurice","6129","Croissance annuelle US$","22008","Produit Intérieur Brut","2023","2023","%","11.364096","X","Chiffre de source externe",""
"MK","Indicateurs macro","480","Maurice","61290","Croissance annuelle US$ par habitant","22008","Produit Intérieur Brut","2023","2023","%","11.586328","X","Chiffre de source externe",""
"MK","Indicateurs macro","478","Mauritanie","6110","Valeur US$","22008","Produit Intérieur Brut","2023","2023","Millions d’USD","10651.720374","X","Chiffre de source externe",""
"MK","Indicateurs macro","478","Mauritanie","6119","Valeur US$ par habitant","22008","Produit Intérieur Brut","2023","2023","USD","2120.825175","X","Chiffre de source externe",""
"MK","Indicateurs macro","478","Mauritanie","6129","Croissance annuelle US$","22008","Produit Intérieur Brut","2023","2023","%","11.443372","X","Chiffre de source externe",""
"MK","Indicateurs macro","478","Mauritanie","61290","Croissance annuelle US$ par habitant","22008","Produit Intérieur Brut","2023","2023","%","8.185926","X","Chiffre de source externe",""
"MK","Indicateurs macro","484","Mexique","6110","Valeur US$","22008","Produit Intérieur Brut","2023","2023","Millions d’USD","1793798.893182","X","Chiffre de source externe",""
"MK","Indicateurs macro","484","Mexique","6119","Valeur US$ par habitant","22008","Produit Intérieur Brut","2023","2023","USD","13826.130918","X","Chiffre de source externe",""
"MK","Indicateurs macro","484","Mexique","6129","Croissance annuelle US$","22008","Produit Intérieur Brut","2023","2023","%","22.321298","X","Chiffre de source externe",""
"MK","Indicateurs macro","484","Mexique","61290","Croissance annuelle US$ par habitant","22008","Produit Intérieur Brut","2023","2023","%","21.259077","X","Chiffre de source externe",""
"MK","Indicateurs macro","583","Micronésie (États fédérés de)","6110","Valeur US$","22008","Produit Intérieur Brut","2023","2023","Millions d’USD","460","X","Chiffre de source externe",""
"MK","Indicateurs macro","583","Micronésie (États fédérés de)","6119","Valeur US$ par habitant","22008","Produit Intérieur Brut","2023","2023","USD","4084.151273","X","Chiffre de source externe",""
"MK","Indicateurs macro","583","Micronésie (États fédérés de)","6129","Croissance annuelle US$","22008","Produit Intérieur Brut","2023","2023","%","6.976744","X","Chiffre de source externe",""
"MK","Indicateurs macro","583","Micronésie (États fédérés de)","61290","Croissance annuelle US$ par habitant","22008","Produit Intérieur Brut","2023","2023","%","6.485696","X","Chiffre de source externe",""
"MK","Indicateurs macro","492","Monaco","6110","Valeur US$","22008","Produit Intérieur Brut","2023","2023","Millions d’USD","9995.355319","X","Chiffre de source externe",""
"MK","Indicateurs macro","492","Monaco","6119","Valeur US$ par habitant","22008","Produit Intérieur Brut","2023","2023","USD","256577.344449","X","Chiffre de source externe",""
"MK","Indicateurs macro","492","Monaco","6129","Croissance annuelle US$","22008","Produit Intérieur Brut","2023","2023","%","13.577998","X","Chiffre de source externe",""
"MK","Indicateurs macro","492","Monaco","61290","Croissance annuelle US$ par habitant","22008","Produit Intérieur Brut","2023","2023","%","13.50511","X","Chiffre de source externe",""
"MK","Indicateurs macro","496","Mongolie","6110","Valeur US$","22008","Produit Intérieur Brut","2023","2023","Millions d’USD","19872.168377","X","Chiffre de source externe",""
"MK","Indicateurs macro","496","Mongolie","6119","Valeur US$ par habitant","22008","Produit Intérieur Brut","2023","2023","USD","5790.372735","X","Chiffre de source externe",""
"MK","Indicateurs macro","496","Mongolie","6129","Croissance annuelle US$","22008","Produit Intérieur Brut","2023","2023","%","15.896641","X","Chiffre de source externe",""
"MK","Indicateurs macro","496","Mongolie","61290","Croissance annuelle US$ par habitant","22008","Produit Intérieur Brut","2023","2023","%","14.346003","X","Chiffre de source externe",""
"MK","Indicateurs macro","499","Monténégro","6110","Valeur US$","22008","Produit Intérieur Brut","2023","2023","Millions d’USD","7529.538433","X","Chiffre de source externe",""
"MK","Indicateurs macro","499","Monténégro","6119","Valeur US$ par habitant","22008","Produit Intérieur Brut","2023","2023","USD","11884.641566","X","Chiffre de source externe",""
"MK","Indicateurs macro","499","Monténégro","6129","Croissance annuelle US$","22008","Produit Intérieur Brut","2023","2023","%","20.698967","X","Chiffre de source externe",""
"MK","Indicateurs macro","499","Monténégro","61290","Croissance annuelle US$ par habitant","22008","Produit Intérieur Brut","2023","2023","%","17.097442","X","Chiffre de source externe",""
"MK","Indicateurs macro","500","Montserrat","6110","Valeur US$","22008","Produit Intérieur Brut","2023","2023","Millions d’USD","80.42963","X","Chiffre de source externe",""
"MK","Indicateurs macro","500","Montserrat","6119","Valeur US$ par habitant","22008","Produit Intérieur Brut","2023","2023","USD","18194.690562","X","Chiffre de source externe",""
"MK","Indicateurs macro","500","Montserrat","6129","Croissance annuelle US$","22008","Produit Intérieur Brut","2023","2023","%","11.301317","X","Chiffre de source externe",""
"MK","Indicateurs macro","500","Montserrat","61290","Croissance annuelle US$ par habitant","22008","Produit Intérieur Brut","2023","2023","%","12.119617","X","Chiffre de source externe",""
"MK","Indicateurs macro","508","Mozambique","6110","Valeur US$","22008","Produit Intérieur Brut","2023","2023","Millions d’USD","20954.221178","X","Chiffre de source externe",""
"MK","Indicateurs macro","508","Mozambique","6119","Valeur US$ par habitant","22008","Produit Intérieur Brut","2023","2023","USD","622.985625","X","Chiffre de source externe",""
"MK","Indicateurs macro","508","Mozambique","6129","Croissance annuelle US$","22008","Produit Intérieur Brut","2023","2023","%","10.965598","X","Chiffre de source externe",""
"MK","Indicateurs macro","508","Mozambique","61290","Croissance annuelle US$ par habitant","22008","Produit Intérieur Brut","2023","2023","%","7.736068","X","Chiffre de source externe",""
"MK","Indicateurs macro","104","Myanmar","6110","Valeur US$","22008","Produit Intérieur Brut","2023","2023","Millions d’USD","62083.576813","X","Chiffre de source externe",""
"MK","Indicateurs macro","104","Myanmar","6119","Valeur US$ par habitant","22008","Produit Intérieur Brut","2023","2023","USD","1146.85427","X","Chiffre de source externe",""
"MK","Indicateurs macro","104","Myanmar","6129","Croissance annuelle US$","22008","Produit Intérieur Brut","2023","2023","%","-4.725084","X","Chiffre de source externe",""
"MK","Indicateurs macro","104","Myanmar","61290","Croissance annuelle US$ par habitant","22008","Produit Intérieur Brut","2023","2023","%","-5.388618","X","Chiffre de source externe",""
"MK","Indicateurs macro","516","Namibie","6110","Valeur US$","22008","Produit Intérieur Brut","2023","2023","Millions d’USD","12351.024844","X","Chiffre de source externe",""
"MK","Indicateurs macro","516","Namibie","6119","Valeur US$ par habitant","22008","Produit Intérieur Brut","2023","2023","USD","4168.285136","X","Chiffre de source externe",""
"MK","Indicateurs macro","516","Namibie","6129","Croissance annuelle US$","22008","Produit Intérieur Brut","2023","2023","%","-1.720707","X","Chiffre de source externe",""
"MK","Indicateurs macro","516","Namibie","61290","Croissance annuelle US$ par habitant","22008","Produit Intérieur Brut","2023","2023","%","-4.1563","X","Chiffre de source externe",""
"MK","Indicateurs macro","520","Nauru","6110","Valeur US$","22008","Produit Intérieur Brut","2023","2023","Millions d’USD","175.886764","X","Chiffre de source externe",""
"MK","Indicateurs macro","520","Nauru","6119","Valeur US$ par habitant","22008","Produit Intérieur Brut","2023","2023","USD","14811.516928","X","Chiffre de source externe",""
"MK","Indicateurs macro","520","Nauru","6129","Croissance annuelle US$","22008","Produit Intérieur Brut","2023","2023","%","3.45993","X","Chiffre de source externe",""
"MK","Indicateurs macro","520","Nauru","61290","Croissance annuelle US$ par habitant","22008","Produit Intérieur Brut","2023","2023","%","2.815212","X","Chiffre de source externe",""
"MK","Indicateurs macro","524","Népal","6110","Valeur US$","22008","Produit Intérieur Brut","2023","2023","Millions d’USD","40483.740483","X","Chiffre de source externe",""
"MK","Indicateurs macro","524","Népal","6119","Valeur US$ par habitant","22008","Produit Intérieur Brut","2023","2023","USD","1363.336119","X","Chiffre de source externe",""
"MK","Indicateurs macro","524","Népal","6129","Croissance annuelle US$","22008","Produit Intérieur Brut","2023","2023","%","1.848353","X","Chiffre de source externe",""
"MK","Indicateurs macro","524","Népal","61290","Croissance annuelle US$ par habitant","22008","Produit Intérieur Brut","2023","2023","%","1.919768","X","Chiffre de source externe",""
"MK","Indicateurs macro","558","Nicaragua","6110","Valeur US$","22008","Produit Intérieur Brut","2023","2023","Millions d’USD","17829.207905","X","Chiffre de source externe",""
"MK","Indicateurs macro","558","Nicaragua","6119","Valeur US$ par habitant","22008","Produit Intérieur Brut","2023","2023","USD","2612.869151","X","Chiffre de source externe",""
"MK","Indicateurs macro","558","Nicaragua","6129","Croissance annuelle US$","22008","Produit Intérieur Brut","2023","2023","%","13.925443","X","Chiffre de source externe",""
"MK","Indicateurs macro","558","Nicaragua","61290","Croissance annuelle US$ par habitant","22008","Produit Intérieur Brut","2023","2023","%","12.373413","X","Chiffre de source externe",""
"MK","Indicateurs macro","562","Niger","6110","Valeur US$","22008","Produit Intérieur Brut","2023","2023","Millions d’USD","16819.170421","X","Chiffre de source externe",""
"MK","Indicateurs macro","562","Niger","6119","Valeur US$ par habitant","22008","Produit Intérieur Brut","2023","2023","USD","642.937918","X","Chiffre de source externe",""
"MK","Indicateurs macro","562","Niger","6129","Croissance annuelle US$","22008","Produit Intérieur Brut","2023","2023","%","8.975839","X","Chiffre de source externe",""
"MK","Indicateurs macro","562","Niger","61290","Croissance annuelle US$ par habitant","22008","Produit Intérieur Brut","2023","2023","%","5.443712","X","Chiffre de source externe",""
"MK","Indicateurs macro","566","Nigéria","6110","Valeur US$","22008","Produit Intérieur Brut","2023","2023","Millions d’USD","374983.861069","X","Chiffre de source externe",""
"MK","Indicateurs macro","566","Nigéria","6119","Valeur US$ par habitant","22008","Produit Intérieur Brut","2023","2023","USD","1645.510861","X","Chiffre de source externe",""
"MK","Indicateurs macro","566","Nigéria","6129","Croissance annuelle US$","22008","Produit Intérieur Brut","2023","2023","%","-21.065743","X","Chiffre de source externe",""
"MK","Indicateurs macro","566","Nigéria","61290","Croissance annuelle US$ par habitant","22008","Produit Intérieur Brut","2023","2023","%","-22.704834","X","Chiffre de source externe",""
"MK","Indicateurs macro","578","Norvège","6110","Valeur US$","22008","Produit Intérieur Brut","2023","2023","Millions d’USD","485310.823604","X","Chiffre de source externe",""
"MK","Indicateurs macro","578","Norvège","6119","Valeur US$ par habitant","22008","Produit Intérieur Brut","2023","2023","USD","87931.896897","X","Chiffre de source externe",""
"MK","Indicateurs macro","578","Norvège","6129","Croissance annuelle US$","22008","Produit Intérieur Brut","2023","2023","%","-18.260269","X","Chiffre de source externe",""
"MK","Indicateurs macro","578","Norvège","61290","Croissance annuelle US$ par habitant","22008","Produit Intérieur Brut","2023","2023","%","-19.183912","X","Chiffre de source externe",""
"MK","Indicateurs macro","540","Nouvelle-Calédonie","6110","Valeur US$","22008","Produit Intérieur Brut","2023","2023","Millions d’USD","10139.988153","X","Chiffre de source externe",""
"MK","Indicateurs macro","540","Nouvelle-Calédonie","6119","Valeur US$ par habitant","22008","Produit Intérieur Brut","2023","2023","USD","34981.217938","X","Chiffre de source externe",""
"MK","Indicateurs macro","540","Nouvelle-Calédonie","6129","Croissance annuelle US$","22008","Produit Intérieur Brut","2023","2023","%","5.368932","X","Chiffre de source externe",""
"MK","Indicateurs macro","540","Nouvelle-Calédonie","61290","Croissance annuelle US$ par habitant","22008","Produit Intérieur Brut","2023","2023","%","4.370566","X","Chiffre de source externe",""
"MK","Indicateurs macro","554","Nouvelle-Zélande","6110","Valeur US$","22008","Produit Intérieur Brut","2023","2023","Millions d’USD","252175.50611","X","Chiffre de source externe",""
"MK","Indicateurs macro","554","Nouvelle-Zélande","6119","Valeur US$ par habitant","22008","Produit Intérieur Brut","2023","2023","USD","48749.951885","X","Chiffre de source externe",""
"MK","Indicateurs macro","554","Nouvelle-Zélande","6129","Croissance annuelle US$","22008","Produit Intérieur Brut","2023","2023","%","2.457052","X","Chiffre de source externe",""
"MK","Indicateurs macro","554","Nouvelle-Zélande","61290","Croissance annuelle US$ par habitant","22008","Produit Intérieur Brut","2023","2023","%","1.642965","X","Chiffre de source externe",""
"MK","Indicateurs macro","512","Oman","6110","Valeur US$","22008","Produit Intérieur Brut","2023","2023","Millions d’USD","105895.708713","X","Chiffre de source externe",""
"MK","Indicateurs macro","512","Oman","6119","Valeur US$ par habitant","22008","Produit Intérieur Brut","2023","2023","USD","20972.483089","X","Chiffre de source externe",""
"MK","Indicateurs macro","512","Oman","6129","Croissance annuelle US$","22008","Produit Intérieur Brut","2023","2023","%","-3.602172","X","Chiffre de source externe",""
"MK","Indicateurs macro","512","Oman","61290","Croissance annuelle US$ par habitant","22008","Produit Intérieur Brut","2023","2023","%","-9.693163","X","Chiffre de source externe",""
"MK","Indicateurs macro","800","Ouganda","6110","Valeur US$","22008","Produit Intérieur Brut","2023","2023","Millions d’USD","51022.54721","X","Chiffre de source externe",""
"MK","Indicateurs macro","800","Ouganda","6119","Valeur US$ par habitant","22008","Produit Intérieur Brut","2023","2023","USD","1048.625379","X","Chiffre de source externe",""
"MK","Indicateurs macro","800","Ouganda","6129","Croissance annuelle US$","22008","Produit Intérieur Brut","2023","2023","%","7.648242","X","Chiffre de source externe",""
"MK","Indicateurs macro","800","Ouganda","61290","Croissance annuelle US$ par habitant","22008","Produit Intérieur Brut","2023","2023","%","4.675027","X","Chiffre de source externe",""
"MK","Indicateurs macro","860","Ouzbékistan","6110","Valeur US$","22008","Produit Intérieur Brut","2023","2023","Millions d’USD","90889.149308","X","Chiffre de source externe",""
"MK","Indicateurs macro","860","Ouzbékistan","6119","Valeur US$ par habitant","22008","Produit Intérieur Brut","2023","2023","USD","2549.320281","X","Chiffre de source externe",""
"MK","Indicateurs macro","860","Ouzbékistan","6129","Croissance annuelle US$","22008","Produit Intérieur Brut","2023","2023","%","12.014083","X","Chiffre de source externe",""
"MK","Indicateurs macro","860","Ouzbékistan","61290","Croissance annuelle US$ par habitant","22008","Produit Intérieur Brut","2023","2023","%","9.772842","X","Chiffre de source externe",""
"MK","Indicateurs macro","586","Pakistan","6110","Valeur US$","22008","Produit Intérieur Brut","2023","2023","Millions d’USD","299864.177346","X","Chiffre de source externe",""
"MK","Indicateurs macro","586","Pakistan","6119","Valeur US$ par habitant","22008","Produit Intérieur Brut","2023","2023","USD","1211.550428","X","Chiffre de source externe",""
"MK","Indicateurs macro","586","Pakistan","6129","Croissance annuelle US$","22008","Produit Intérieur Brut","2023","2023","%","-7.814176","X","Chiffre de source externe",""
"MK","Indicateurs macro","586","Pakistan","61290","Croissance annuelle US$ par habitant","22008","Produit Intérieur Brut","2023","2023","%","-9.230955","X","Chiffre de source externe",""
"MK","Indicateurs macro","585","Palaos","6110","Valeur US$","22008","Produit Intérieur Brut","2023","2023","Millions d’USD","281.849063","X","Chiffre de source externe",""
"MK","Indicateurs macro","585","Palaos","6119","Valeur US$ par habitant","22008","Produit Intérieur Brut","2023","2023","USD","15898.97408","X","Chiffre de source externe",""
"MK","Indicateurs macro","585","Palaos","6129","Croissance annuelle US$","22008","Produit Intérieur Brut","2023","2023","%","10.273442","X","Chiffre de source externe",""
"MK","Indicateurs macro","585","Palaos","61290","Croissance annuelle US$ par habitant","22008","Produit Intérieur Brut","2023","2023","%","10.469387","X","Chiffre de source externe",""
"MK","Indicateurs macro","275","Palestine","6110","Valeur US$","22008","Produit Intérieur Brut","2023","2023","Millions d’USD","17396.283883","X","Chiffre de source externe",""
"MK","Indicateurs macro","275","Palestine","6119","Valeur US$ par habitant","22008","Produit Intérieur Brut","2023","2023","USD","3216.053956","X","Chiffre de source externe",""
"MK","Indicateurs macro","275","Palestine","6129","Croissance annuelle US$","22008","Produit Intérieur Brut","2023","2023","%","-9.231255","X","Chiffre de source externe",""
"MK","Indicateurs macro","275","Palestine","61290","Croissance annuelle US$ par habitant","22008","Produit Intérieur Brut","2023","2023","%","-10.97527","X","Chiffre de source externe",""
"MK","Indicateurs macro","591","Panama","6110","Valeur US$","22008","Produit Intérieur Brut","2023","2023","Millions d’USD","83382.4","X","Chiffre de source externe",""
"MK","Indicateurs macro","591","Panama","6119","Valeur US$ par habitant","22008","Produit Intérieur Brut","2023","2023","USD","18700.808902","X","Chiffre de source externe",""
"MK","Indicateurs macro","591","Panama","6129","Croissance annuelle US$","22008","Produit Intérieur Brut","2023","2023","%","8.964536","X","Chiffre de source externe",""
"MK","Indicateurs macro","591","Panama","61290","Croissance annuelle US$ par habitant","22008","Produit Intérieur Brut","2023","2023","%","7.547456","X","Chiffre de source externe",""
"MK","Indicateurs macro","598","Papouasie-Nouvelle-Guinée","6110","Valeur US$","22008","Produit Intérieur Brut","2023","2023","Millions d’USD","31020.195652","X","Chiffre de source externe",""
"MK","Indicateurs macro","598","Papouasie-Nouvelle-Guinée","6119","Valeur US$ par habitant","22008","Produit Intérieur Brut","2023","2023","USD","2985.686759","X","Chiffre de source externe",""
"MK","Indicateurs macro","598","Papouasie-Nouvelle-Guinée","6129","Croissance annuelle US$","22008","Produit Intérieur Brut","2023","2023","%","-1.864394","X","Chiffre de source externe",""
"MK","Indicateurs macro","598","Papouasie-Nouvelle-Guinée","61290","Croissance annuelle US$ par habitant","22008","Produit Intérieur Brut","2023","2023","%","-3.62566","X","Chiffre de source externe",""
"MK","Indicateurs macro","600","Paraguay","6110","Valeur US$","22008","Produit Intérieur Brut","2023","2023","Millions d’USD","42955.196096","X","Chiffre de source externe",""
"MK","Indicateurs macro","600","Paraguay","6119","Valeur US$ par habitant","22008","Produit Intérieur Brut","2023","2023","USD","6276.195174","X","Chiffre de source externe",""
"MK","Indicateurs macro","600","Paraguay","6129","Croissance annuelle US$","22008","Produit Intérieur Brut","2023","2023","%","2.389072","X","Chiffre de source externe",""
"MK","Indicateurs macro","600","Paraguay","61290","Croissance annuelle US$ par habitant","22008","Produit Intérieur Brut","2023","2023","%","1.137181","X","Chiffre de source externe",""
"MK","Indicateurs macro","528","Pays-Bas (Royaume des)","6110","Valeur US$","22008","Produit Intérieur Brut","2023","2023","Millions d’USD","1154361.305398","X","Chiffre de source externe",""
"MK","Indicateurs macro","528","Pays-Bas (Royaume des)","6119","Valeur US$ par habitant","22008","Produit Intérieur Brut","2023","2023","USD","63803.219136","X","Chiffre de source externe",""
"MK","Indicateurs macro","528","Pays-Bas (Royaume des)","6129","Croissance annuelle US$","22008","Produit Intérieur Brut","2023","2023","%","10.302561","X","Chiffre de source externe",""
"MK","Indicateurs macro","528","Pays-Bas (Royaume des)","61290","Croissance annuelle US$ par habitant","22008","Produit Intérieur Brut","2023","2023","%","9.155773","X","Chiffre de source externe",""
"MK","Indicateurs macro","604","Pérou","6110","Valeur US$","22008","Produit Intérieur Brut","2023","2023","Millions d’USD","267603.233674","X","Chiffre de source externe",""
"MK","Indicateurs macro","604","Pérou","6119","Valeur US$ par habitant","22008","Produit Intérieur Brut","2023","2023","USD","7906.584586","X","Chiffre de source externe",""
"MK","Indicateurs macro","604","Pérou","6129","Croissance annuelle US$","22008","Produit Intérieur Brut","2023","2023","%","8.566112","X","Chiffre de source externe",""
"MK","Indicateurs macro","604","Pérou","61290","Croissance annuelle US$ par habitant","22008","Produit Intérieur Brut","2023","2023","%","7.378694","X","Chiffre de source externe",""
"MK","Indicateurs macro","608","Philippines","6110","Valeur US$","22008","Produit Intérieur Brut","2023","2023","Millions d’USD","437146.370976","X","Chiffre de source externe",""
"MK","Indicateurs macro","608","Philippines","6119","Valeur US$ par habitant","22008","Produit Intérieur Brut","2023","2023","USD","3804.872564","X","Chiffre de source externe",""
"MK","Indicateurs macro","608","Philippines","6129","Croissance annuelle US$","22008","Produit Intérieur Brut","2023","2023","%","8.109986","X","Chiffre de source externe",""
"MK","Indicateurs macro","608","Philippines","61290","Croissance annuelle US$ par habitant","22008","Produit Intérieur Brut","2023","2023","%","7.237831","X","Chiffre de source externe",""
"MK","Indicateurs macro","616","Pologne","6110","Valeur US$","22008","Produit Intérieur Brut","2023","2023","Millions d’USD","809200.697804","X","Chiffre de source externe",""
"MK","Indicateurs macro","616","Pologne","6119","Valeur US$ par habitant","22008","Produit Intérieur Brut","2023","2023","USD","20875.67951","X","Chiffre de source externe",""
"MK","Indicateurs macro","616","Pologne","6129","Croissance annuelle US$","22008","Produit Intérieur Brut","2023","2023","%","16.330076","X","Chiffre de source externe",""
"MK","Indicateurs macro","616","Pologne","61290","Croissance annuelle US$ par habitant","22008","Produit Intérieur Brut","2023","2023","%","15.198358","X","Chiffre de source externe",""
"MK","Indicateurs macro","258","Polynésie française","6110","Valeur US$","22008","Produit Intérieur Brut","2023","2023","Millions d’USD","6397.989106","X","Chiffre de source externe",""
"MK","Indicateurs macro","258","Polynésie française","6119","Valeur US$ par habitant","22008","Produit Intérieur Brut","2023","2023","USD","22759.04683","X","Chiffre de source externe",""
"MK","Indicateurs macro","258","Polynésie française","6129","Croissance annuelle US$","22008","Produit Intérieur Brut","2023","2023","%","10.032019","X","Chiffre de source externe",""
"MK","Indicateurs macro","258","Polynésie française","61290","Croissance annuelle US$ par habitant","22008","Produit Intérieur Brut","2023","2023","%","9.742181","X","Chiffre de source externe",""
"MK","Indicateurs macro","630","Porto Rico","6110","Valeur US$","22008","Produit Intérieur Brut","2023","2023","Millions d’USD","117902.3","X","Chiffre de source externe",""
"MK","Indicateurs macro","630","Porto Rico","6119","Valeur US$ par habitant","22008","Produit Intérieur Brut","2023","2023","USD","36366.897515","X","Chiffre de source externe",""
"MK","Indicateurs macro","630","Porto Rico","6129","Croissance annuelle US$","22008","Produit Intérieur Brut","2023","2023","%","3.817211","X","Chiffre de source externe",""
"MK","Indicateurs macro","630","Porto Rico","61290","Croissance annuelle US$ par habitant","22008","Produit Intérieur Brut","2023","2023","%","3.78346","X","Chiffre de source externe",""
"MK","Indicateurs macro","620","Portugal","6110","Valeur US$","22008","Produit Intérieur Brut","2023","2023","Millions d’USD","289114.289664","X","Chiffre de source externe",""
"MK","Indicateurs macro","620","Portugal","6119","Valeur US$ par habitant","22008","Produit Intérieur Brut","2023","2023","USD","27717.529638","X","Chiffre de source externe",""
"MK","Indicateurs macro","620","Portugal","6129","Croissance annuelle US$","22008","Produit Intérieur Brut","2023","2023","%","12.540203","X","Chiffre de source externe",""
"MK","Indicateurs macro","620","Portugal","61290","Croissance annuelle US$ par habitant","22008","Produit Intérieur Brut","2023","2023","%","12.392762","X","Chiffre de source externe",""
"MK","Indicateurs macro","634","Qatar","6110","Valeur US$","22008","Produit Intérieur Brut","2023","2023","Millions d’USD","213002.80933","X","Chiffre de source externe",""
"MK","Indicateurs macro","634","Qatar","6119","Valeur US$ par habitant","22008","Produit Intérieur Brut","2023","2023","USD","71499.478474","X","Chiffre de source externe",""
"MK","Indicateurs macro","634","Qatar","6129","Croissance annuelle US$","22008","Produit Intérieur Brut","2023","2023","%","-9.63327","X","Chiffre de source externe",""
"MK","Indicateurs macro","634","Qatar","61290","Croissance annuelle US$ par habitant","22008","Produit Intérieur Brut","2023","2023","%","-12.260992","X","Chiffre de source externe",""
"MK","Indicateurs macro","760","République arabe syrienne","6110","Valeur US$","22008","Produit Intérieur Brut","2023","2023","Millions d’USD","29027.766176","X","Chiffre de source externe",""
"MK","Indicateurs macro","760","République arabe syrienne","6119","Valeur US$ par habitant","22008","Produit Intérieur Brut","2023","2023","USD","1230.270396","X","Chiffre de source externe",""
"MK","Indicateurs macro","760","République arabe syrienne","6129","Croissance annuelle US$","22008","Produit Intérieur Brut","2023","2023","%","-17.89609","X","Chiffre de source externe",""
"MK","Indicateurs macro","760","République arabe syrienne","61290","Croissance annuelle US$ par habitant","22008","Produit Intérieur Brut","2023","2023","%","-21.83676","X","Chiffre de source externe",""
"MK","Indicateurs macro","140","République centrafricaine","6110","Valeur US$","22008","Produit Intérieur Brut","2023","2023","Millions d’USD","2555.492085","X","Chiffre de source externe",""
"MK","Indicateurs macro","140","République centrafricaine","6119","Valeur US$ par habitant","22008","Produit Intérieur Brut","2023","2023","USD","495.978945","X","Chiffre de source externe",""
"MK","Indicateurs macro","140","République centrafricaine","6129","Croissance annuelle US$","22008","Produit Intérieur Brut","2023","2023","%","7.255608","X","Chiffre de source externe",""
"MK","Indicateurs macro","140","République centrafricaine","61290","Croissance annuelle US$ par habitant","22008","Produit Intérieur Brut","2023","2023","%","6.123583","X","Chiffre de source externe",""
"MK","Indicateurs macro","410","République de Corée","6110","Valeur US$","22008","Produit Intérieur Brut","2023","2023","Millions d’USD","1839058.255866","X","Chiffre de source externe",""
"MK","Indicateurs macro","410","République de Corée","6119","Valeur US$ par habitant","22008","Produit Intérieur Brut","2023","2023","USD","35538.223566","X","Chiffre de source externe",""
"MK","Indicateurs macro","410","République de Corée","6129","Croissance annuelle US$","22008","Produit Intérieur Brut","2023","2023","%","2.206066","X","Chiffre de source externe",""
"MK","Indicateurs macro","410","République de Corée","61290","Croissance annuelle US$ par habitant","22008","Produit Intérieur Brut","2023","2023","%","2.272768","X","Chiffre de source externe",""
"MK","Indicateurs macro","498","République de Moldova","6110","Valeur US$","22008","Produit Intérieur Brut","2023","2023","Millions d’USD","16541.911816","X","Chiffre de source externe",""
"MK","Indicateurs macro","498","République de Moldova","6119","Valeur US$ par habitant","22008","Produit Intérieur Brut","2023","2023","USD","5393.392331","X","Chiffre de source externe",""
"MK","Indicateurs macro","498","République de Moldova","6129","Croissance annuelle US$","22008","Produit Intérieur Brut","2023","2023","%","13.883147","X","Chiffre de source externe",""
"MK","Indicateurs macro","498","République de Moldova","61290","Croissance annuelle US$ par habitant","22008","Produit Intérieur Brut","2023","2023","%","12.877437","X","Chiffre de source externe",""
"MK","Indicateurs macro","180","République démocratique du Congo","6110","Valeur US$","22008","Produit Intérieur Brut","2023","2023","Millions d’USD","69338.271077","X","Chiffre de source externe",""
"MK","Indicateurs macro","180","République démocratique du Congo","6119","Valeur US$ par habitant","22008","Produit Intérieur Brut","2023","2023","USD","655.434796","X","Chiffre de source externe",""
"MK","Indicateurs macro","180","République démocratique du Congo","6129","Croissance annuelle US$","22008","Produit Intérieur Brut","2023","2023","%","11.596351","X","Chiffre de source externe",""
"MK","Indicateurs macro","180","République démocratique du Congo","61290","Croissance annuelle US$ par habitant","22008","Produit Intérieur Brut","2023","2023","%","8.017365","X","Chiffre de source externe",""
"MK","Indicateurs macro","418","République démocratique populaire lao","6110","Valeur US$","22008","Produit Intérieur Brut","2023","2023","Millions d’USD","15008.048669","X","Chiffre de source externe",""
"MK","Indicateurs macro","418","République démocratique populaire lao","6119","Valeur US$ par habitant","22008","Produit Intérieur Brut","2023","2023","USD","1957.999133","X","Chiffre de source externe",""
"MK","Indicateurs macro","418","République démocratique populaire lao","6129","Croissance annuelle US$","22008","Produit Intérieur Brut","2023","2023","%","-2.304183","X","Chiffre de source externe",""
"MK","Indicateurs macro","418","République démocratique populaire lao","61290","Croissance annuelle US$ par habitant","22008","Produit Intérieur Brut","2023","2023","%","-3.655037","X","Chiffre de source externe",""
"MK","Indicateurs macro","214","République dominicaine","6110","Valeur US$","22008","Produit Intérieur Brut","2023","2023","Millions d’USD","121444.279314","X","Chiffre de source externe",""
"MK","Indicateurs macro","214","République dominicaine","6119","Valeur US$ par habitant","22008","Produit Intérieur Brut","2023","2023","USD","10717.627198","X","Chiffre de source externe",""
"MK","Indicateurs macro","214","République dominicaine","6129","Croissance annuelle US$","22008","Produit Intérieur Brut","2023","2023","%","6.964133","X","Chiffre de source externe",""
"MK","Indicateurs macro","214","République dominicaine","61290","Croissance annuelle US$ par habitant","22008","Produit Intérieur Brut","2023","2023","%","6.015137","X","Chiffre de source externe",""
"MK","Indicateurs macro","408","République populaire démocratique de Corée","6110","Valeur US$","22008","Produit Intérieur Brut","2023","2023","Millions d’USD","16446.63229","X","Chiffre de source externe",""
"MK","Indicateurs macro","408","République populaire démocratique de Corée","6119","Valeur US$ par habitant","22008","Produit Intérieur Brut","2023","2023","USD","622.54922","X","Chiffre de source externe",""
"MK","Indicateurs macro","408","République populaire démocratique de Corée","6129","Croissance annuelle US$","22008","Produit Intérieur Brut","2023","2023","%","8.371682","X","Chiffre de source externe",""
"MK","Indicateurs macro","408","République populaire démocratique de Corée","61290","Croissance annuelle US$ par habitant","22008","Produit Intérieur Brut","2023","2023","%","8.005117","X","Chiffre de source externe",""
"MK","Indicateurs macro","834","République-Unie de Tanzanie","6110","Valeur US$","22008","Produit Intérieur Brut","2023","2023","Millions d’USD","80836.038056","X","Chiffre de source externe",""
"MK","Indicateurs macro","834","République-Unie de Tanzanie","6119","Valeur US$ par habitant","22008","Produit Intérieur Brut","2023","2023","USD","1213.43354","X","Chiffre de source externe",""
"MK","Indicateurs macro","834","République-Unie de Tanzanie","6129","Croissance annuelle US$","22008","Produit Intérieur Brut","2023","2023","%","6.16724","X","Chiffre de source externe",""
"MK","Indicateurs macro","834","République-Unie de Tanzanie","61290","Croissance annuelle US$ par habitant","22008","Produit Intérieur Brut","2023","2023","%","3.130025","X","Chiffre de source externe",""
"MK","Indicateurs macro","642","Roumanie","6110","Valeur US$","22008","Produit Intérieur Brut","2023","2023","Millions d’USD","350776.49545","X","Chiffre de source externe",""
"MK","Indicateurs macro","642","Roumanie","6119","Valeur US$ par habitant","22008","Produit Intérieur Brut","2023","2023","USD","18347.511045","X","Chiffre de source externe",""
"MK","Indicateurs macro","642","Roumanie","6129","Croissance annuelle US$","22008","Produit Intérieur Brut","2023","2023","%","18.363873","X","Chiffre de source externe",""
"MK","Indicateurs macro","642","Roumanie","61290","Croissance annuelle US$ par habitant","22008","Produit Intérieur Brut","2023","2023","%","18.662864","X","Chiffre de source externe",""
"MK","Indicateurs macro","826","Royaume-Uni de Grande-Bretagne et d'Irlande du Nord","6110","Valeur US$","22008","Produit Intérieur Brut","2023","2023","Millions d’USD","3380854.52081","X","Chiffre de source externe",""
"MK","Indicateurs macro","826","Royaume-Uni de Grande-Bretagne et d'Irlande du Nord","6119","Valeur US$ par habitant","22008","Produit Intérieur Brut","2023","2023","USD","49224.063694","X","Chiffre de source externe",""
"MK","Indicateurs macro","826","Royaume-Uni de Grande-Bretagne et d'Irlande du Nord","6129","Croissance annuelle US$","22008","Produit Intérieur Brut","2023","2023","%","8.568029","X","Chiffre de source externe",""
"MK","Indicateurs macro","826","Royaume-Uni de Grande-Bretagne et d'Irlande du Nord","61290","Croissance annuelle US$ par habitant","22008","Produit Intérieur Brut","2023","2023","%","7.771907","X","Chiffre de source externe",""
"MK","Indicateurs macro","646","Rwanda","6110","Valeur US$","22008","Produit Intérieur Brut","2023","2023","Millions d’USD","14097.938461","X","Chiffre de source externe",""
"MK","Indicateurs macro","646","Rwanda","6119","Valeur US$ par habitant","22008","Produit Intérieur Brut","2023","2023","USD","1010.281074","X","Chiffre de source externe",""
"MK","Indicateurs macro","646","Rwanda","6129","Croissance annuelle US$","22008","Produit Intérieur Brut","2023","2023","%","5.868972","X","Chiffre de source externe",""
"MK","Indicateurs macro","646","Rwanda","61290","Croissance annuelle US$ par habitant","22008","Produit Intérieur Brut","2023","2023","%","3.56684","X","Chiffre de source externe",""
"MK","Indicateurs macro","662","Sainte-Lucie","6110","Valeur US$","22008","Produit Intérieur Brut","2023","2023","Millions d’USD","2430.166667","X","Chiffre de source externe",""
"MK","Indicateurs macro","662","Sainte-Lucie","6119","Valeur US$ par habitant","22008","Produit Intérieur Brut","2023","2023","USD","13554.806281","X","Chiffre de source externe",""
"MK","Indicateurs macro","662","Sainte-Lucie","6129","Croissance annuelle US$","22008","Produit Intérieur Brut","2023","2023","%","3.732928","X","Chiffre de source externe",""
"MK","Indicateurs macro","662","Sainte-Lucie","61290","Croissance annuelle US$ par habitant","22008","Produit Intérieur Brut","2023","2023","%","3.441606","X","Chiffre de source externe",""
"MK","Indicateurs macro","659","Saint-Kitts-et-Nevis","6110","Valeur US$","22008","Produit Intérieur Brut","2023","2023","Millions d’USD","1057.896296","X","Chiffre de source externe",""
"MK","Indicateurs macro","659","Saint-Kitts-et-Nevis","6119","Valeur US$ par habitant","22008","Produit Intérieur Brut","2023","2023","USD","22624.926137","X","Chiffre de source externe",""
"MK","Indicateurs macro","659","Saint-Kitts-et-Nevis","6129","Croissance annuelle US$","22008","Produit Intérieur Brut","2023","2023","%","7.791355","X","Chiffre de source externe",""
"MK","Indicateurs macro","659","Saint-Kitts-et-Nevis","61290","Croissance annuelle US$ par habitant","22008","Produit Intérieur Brut","2023","2023","%","7.679548","X","Chiffre de source externe",""
"MK","Indicateurs macro","674","Saint-Marin","6110","Valeur US$","22008","Produit Intérieur Brut","2023","2023","Millions d’USD","1987.453376","X","Chiffre de source externe",""
"MK","Indicateurs macro","674","Saint-Marin","6119","Valeur US$ par habitant","22008","Produit Intérieur Brut","2023","2023","USD","58918.057549","X","Chiffre de source externe",""
"MK","Indicateurs macro","674","Saint-Marin","6129","Croissance annuelle US$","22008","Produit Intérieur Brut","2023","2023","%","8.503152","X","Chiffre de source externe",""
"MK","Indicateurs macro","674","Saint-Marin","61290","Croissance annuelle US$ par habitant","22008","Produit Intérieur Brut","2023","2023","%","9.653078","X","Chiffre de source externe",""
"MK","Indicateurs macro","670","Saint-Vincent-et-les Grenadines","6110","Valeur US$","22008","Produit Intérieur Brut","2023","2023","Millions d’USD","1090.995203","X","Chiffre de source externe",""
"MK","Indicateurs macro","670","Saint-Vincent-et-les Grenadines","6119","Valeur US$ par habitant","22008","Produit Intérieur Brut","2023","2023","USD","10767.551162","X","Chiffre de source externe",""
"MK","Indicateurs macro","670","Saint-Vincent-et-les Grenadines","6129","Croissance annuelle US$","22008","Produit Intérieur Brut","2023","2023","%","10.291892","X","Chiffre de source externe",""
"MK","Indicateurs macro","670","Saint-Vincent-et-les Grenadines","61290","Croissance annuelle US$ par habitant","22008","Produit Intérieur Brut","2023","2023","%","11.079438","X","Chiffre de source externe",""
"MK","Indicateurs macro","882","Samoa","6110","Valeur US$","22008","Produit Intérieur Brut","2023","2023","Millions d’USD","1032.331728","X","Chiffre de source externe",""
"MK","Indicateurs macro","882","Samoa","6119","Valeur US$ par habitant","22008","Produit Intérieur Brut","2023","2023","USD","4764.68861","X","Chiffre de source externe",""
"MK","Indicateurs macro","882","Samoa","6129","Croissance annuelle US$","22008","Produit Intérieur Brut","2023","2023","%","20.443001","X","Chiffre de source externe",""
"MK","Indicateurs macro","882","Samoa","61290","Croissance annuelle US$ par habitant","22008","Produit Intérieur Brut","2023","2023","%","19.663351","X","Chiffre de source externe",""
"MK","Indicateurs macro","678","Sao Tomé-et-Principe","6110","Valeur US$","22008","Produit Intérieur Brut","2023","2023","Millions d’USD","684.068648","X","Chiffre de source externe",""
"MK","Indicateurs macro","678","Sao Tomé-et-Principe","6119","Valeur US$ par habitant","22008","Produit Intérieur Brut","2023","2023","USD","2962.984377","X","Chiffre de source externe",""
"MK","Indicateurs macro","678","Sao Tomé-et-Principe","6129","Croissance annuelle US$","22008","Produit Intérieur Brut","2023","2023","%","25.548183","X","Chiffre de source externe",""
"MK","Indicateurs macro","678","Sao Tomé-et-Principe","61290","Croissance annuelle US$ par habitant","22008","Produit Intérieur Brut","2023","2023","%","23.064915","X","Chiffre de source externe",""
"MK","Indicateurs macro","686","Sénégal","6110","Valeur US$","22008","Produit Intérieur Brut","2023","2023","Millions d’USD","30408.127074","X","Chiffre de source externe",""
"MK","Indicateurs macro","686","Sénégal","6119","Valeur US$ par habitant","22008","Produit Intérieur Brut","2023","2023","USD","1682.091187","X","Chiffre de source externe",""
"MK","Indicateurs macro","686","Sénégal","6129","Croissance annuelle US$","22008","Produit Intérieur Brut","2023","2023","%","10.096671","X","Chiffre de source externe",""
"MK","Indicateurs macro","686","Sénégal","61290","Croissance annuelle US$ par habitant","22008","Produit Intérieur Brut","2023","2023","%","7.499366","X","Chiffre de source externe",""
"MK","Indicateurs macro","688","Serbie","6110","Valeur US$","22008","Produit Intérieur Brut","2023","2023","Millions d’USD","75187.12253","X","Chiffre de source externe",""
"MK","Indicateurs macro","688","Serbie","6119","Valeur US$ par habitant","22008","Produit Intérieur Brut","2023","2023","USD","11100.677882","X","Chiffre de source externe",""
"MK","Indicateurs macro","688","Serbie","6129","Croissance annuelle US$","22008","Produit Intérieur Brut","2023","2023","%","18.286798","X","Chiffre de source externe",""
"MK","Indicateurs macro","688","Serbie","61290","Croissance annuelle US$ par habitant","22008","Produit Intérieur Brut","2023","2023","%","18.601367","X","Chiffre de source externe",""
"MK","Indicateurs macro","690","Seychelles","6110","Valeur US$","22008","Produit Intérieur Brut","2023","2023","Millions d’USD","2141.222965","X","Chiffre de source externe",""
"MK","Indicateurs macro","690","Seychelles","6119","Valeur US$ par habitant","22008","Produit Intérieur Brut","2023","2023","USD","16734.776062","X","Chiffre de source externe",""
"MK","Indicateurs macro","690","Seychelles","6129","Croissance annuelle US$","22008","Produit Intérieur Brut","2023","2023","%","4.045332","X","Chiffre de source externe",""
"MK","Indicateurs macro","690","Seychelles","61290","Croissance annuelle US$ par habitant","22008","Produit Intérieur Brut","2023","2023","%","2.070959","X","Chiffre de source externe",""
"MK","Indicateurs macro","694","Sierra Leone","6110","Valeur US$","22008","Produit Intérieur Brut","2023","2023","Millions d’USD","6411.869504","X","Chiffre de source externe",""
"MK","Indicateurs macro","694","Sierra Leone","6119","Valeur US$ par habitant","22008","Produit Intérieur Brut","2023","2023","USD","757.858331","X","Chiffre de source externe",""
"MK","Indicateurs macro","694","Sierra Leone","6129","Croissance annuelle US$","22008","Produit Intérieur Brut","2023","2023","%","-9.934741","X","Chiffre de source externe",""
"MK","Indicateurs macro","694","Sierra Leone","61290","Croissance annuelle US$ par habitant","22008","Produit Intérieur Brut","2023","2023","%","-11.890354","X","Chiffre de source externe",""
"MK","Indicateurs macro","702","Singapour","6110","Valeur US$","22008","Produit Intérieur Brut","2023","2023","Millions d’USD","501427.624556","X","Chiffre de source externe",""
"MK","Indicateurs macro","702","Singapour","6119","Valeur US$ par habitant","22008","Produit Intérieur Brut","2023","2023","USD","86615.973817","X","Chiffre de source externe",""
"MK","Indicateurs macro","702","Singapour","6129","Croissance annuelle US$","22008","Produit Intérieur Brut","2023","2023","%","0.5924","X","Chiffre de source externe",""
"MK","Indicateurs macro","702","Singapour","61290","Croissance annuelle US$ par habitant","22008","Produit Intérieur Brut","2023","2023","%","-1.826455","X","Chiffre de source externe",""
"MK","Indicateurs macro","534","Sint Maarten (partie néerlandaise)","6110","Valeur US$","22008","Produit Intérieur Brut","2023","2023","Millions d’USD","1677.32434","X","Chiffre de source externe",""
"MK","Indicateurs macro","534","Sint Maarten (partie néerlandaise)","6119","Valeur US$ par habitant","22008","Produit Intérieur Brut","2023","2023","USD","39236.574896","X","Chiffre de source externe",""
"MK","Indicateurs macro","534","Sint Maarten (partie néerlandaise)","6129","Croissance annuelle US$","22008","Produit Intérieur Brut","2023","2023","%","6.914547","X","Chiffre de source externe",""
"MK","Indicateurs macro","534","Sint Maarten (partie néerlandaise)","61290","Croissance annuelle US$ par habitant","22008","Produit Intérieur Brut","2023","2023","%","5.387696","X","Chiffre de source externe",""
"MK","Indicateurs macro","703","Slovaquie","6110","Valeur US$","22008","Produit Intérieur Brut","2023","2023","Millions d’USD","132908.336234","X","Chiffre de source externe",""
"MK","Indicateurs macro","703","Slovaquie","6119","Valeur US$ par habitant","22008","Produit Intérieur Brut","2023","2023","USD","24086.08618","X","Chiffre de source externe",""
"MK","Indicateurs macro","703","Slovaquie","6129","Croissance annuelle US$","22008","Produit Intérieur Brut","2023","2023","%","14.646704","X","Chiffre de source externe",""
"MK","Indicateurs macro","703","Slovaquie","61290","Croissance annuelle US$ par habitant","22008","Produit Intérieur Brut","2023","2023","%","13.714704","X","Chiffre de source externe",""
"MK","Indicateurs macro","705","Slovénie","6110","Valeur US$","22008","Produit Intérieur Brut","2023","2023","Millions d’USD","69148.468417","X","Chiffre de source externe",""
"MK","Indicateurs macro","705","Slovénie","6119","Valeur US$ par habitant","22008","Produit Intérieur Brut","2023","2023","USD","32641.899068","X","Chiffre de source externe",""
"MK","Indicateurs macro","705","Slovénie","6129","Croissance annuelle US$","22008","Produit Intérieur Brut","2023","2023","%","15.386483","X","Chiffre de source externe",""
"MK","Indicateurs macro","705","Slovénie","61290","Croissance annuelle US$ par habitant","22008","Produit Intérieur Brut","2023","2023","%","15.213926","X","Chiffre de source externe",""
"MK","Indicateurs macro","706","Somalie","6110","Valeur US$","22008","Produit Intérieur Brut","2023","2023","Millions d’USD","10969","X","Chiffre de source externe",""
"MK","Indicateurs macro","706","Somalie","6119","Valeur US$ par habitant","22008","Produit Intérieur Brut","2023","2023","USD","597.485159","X","Chiffre de source externe",""
"MK","Indicateurs macro","706","Somalie","6129","Croissance annuelle US$","22008","Produit Intérieur Brut","2023","2023","%","7.507596","X","Chiffre de source externe",""
"MK","Indicateurs macro","706","Somalie","61290","Croissance annuelle US$ par habitant","22008","Produit Intérieur Brut","2023","2023","%","4.247469","X","Chiffre de source externe",""
"MK","Indicateurs macro","729","Soudan","6110","Valeur US$","22008","Produit Intérieur Brut","2023","2023","Millions d’USD","34021.224204","X","Chiffre de source externe",""
"MK","Indicateurs macro","729","Soudan","6119","Valeur US$ par habitant","22008","Produit Intérieur Brut","2023","2023","USD","679.842668","X","Chiffre de source externe",""
"MK","Indicateurs macro","729","Soudan","6129","Croissance annuelle US$","22008","Produit Intérieur Brut","2023","2023","%","-8.882064","X","Chiffre de source externe",""
"MK","Indicateurs macro","729","Soudan","61290","Croissance annuelle US$ par habitant","22008","Produit Intérieur Brut","2023","2023","%","-10.082782","X","Chiffre de source externe",""
"MK","Indicateurs macro","728","Soudan du Sud","6110","Valeur US$","22008","Produit Intérieur Brut","2023","2023","Millions d’USD","4629.151564","X","Chiffre de source externe",""
"MK","Indicateurs macro","728","Soudan du Sud","6119","Valeur US$ par habitant","22008","Produit Intérieur Brut","2023","2023","USD","403.117722","X","Chiffre de source externe",""
"MK","Indicateurs macro","728","Soudan du Sud","6129","Croissance annuelle US$","22008","Produit Intérieur Brut","2023","2023","%","6.223699","X","Chiffre de source externe",""
"MK","Indicateurs macro","728","Soudan du Sud","61290","Croissance annuelle US$ par habitant","22008","Produit Intérieur Brut","2023","2023","%","1.948281","X","Chiffre de source externe",""
"MK","Indicateurs macro","144","Sri Lanka","6110","Valeur US$","22008","Produit Intérieur Brut","2023","2023","Millions d’USD","84363.706602","X","Chiffre de source externe",""
"MK","Indicateurs macro","144","Sri Lanka","6119","Valeur US$ par habitant","22008","Produit Intérieur Brut","2023","2023","USD","3672.519292","X","Chiffre de source externe",""
"MK","Indicateurs macro","144","Sri Lanka","6129","Croissance annuelle US$","22008","Produit Intérieur Brut","2023","2023","%","13.109863","X","Chiffre de source externe",""
"MK","Indicateurs macro","144","Sri Lanka","61290","Croissance annuelle US$ par habitant","22008","Produit Intérieur Brut","2023","2023","%","12.437003","X","Chiffre de source externe",""
"MK","Indicateurs macro","752","Suède","6110","Valeur US$","22008","Produit Intérieur Brut","2023","2023","Millions d’USD","584960.475767","X","Chiffre de source externe",""
"MK","Indicateurs macro","752","Suède","6119","Valeur US$ par habitant","22008","Produit Intérieur Brut","2023","2023","USD","55438.639852","X","Chiffre de source externe",""
"MK","Indicateurs macro","752","Suède","6129","Croissance annuelle US$","22008","Produit Intérieur Brut","2023","2023","%","0.873391","X","Chiffre de source externe",""
"MK","Indicateurs macro","752","Suède","61290","Croissance annuelle US$ par habitant","22008","Produit Intérieur Brut","2023","2023","%","0.260053","X","Chiffre de source externe",""
"MK","Indicateurs macro","756","Suisse","6110","Valeur US$","22008","Produit Intérieur Brut","2023","2023","Millions d’USD","894424.821645","X","Chiffre de source externe",""
"MK","Indicateurs macro","756","Suisse","6119","Valeur US$ par habitant","22008","Produit Intérieur Brut","2023","2023","USD","100830.693983","X","Chiffre de source externe",""
"MK","Indicateurs macro","756","Suisse","6129","Croissance annuelle US$","22008","Produit Intérieur Brut","2023","2023","%","7.955967","X","Chiffre de source externe",""
"MK","Indicateurs macro","756","Suisse","61290","Croissance annuelle US$ par habitant","22008","Produit Intérieur Brut","2023","2023","%","7.002083","X","Chiffre de source externe",""
"MK","Indicateurs macro","740","Suriname","6110","Valeur US$","22008","Produit Intérieur Brut","2023","2023","Millions d’USD","3758.533893","X","Chiffre de source externe",""
"MK","Indicateurs macro","740","Suriname","6119","Valeur US$ par habitant","22008","Produit Intérieur Brut","2023","2023","USD","5976.494775","X","Chiffre de source externe",""
"MK","Indicateurs macro","740","Suriname","6129","Croissance annuelle US$","22008","Produit Intérieur Brut","2023","2023","%","3.798573","X","Chiffre de source externe",""
"MK","Indicateurs macro","740","Suriname","61290","Croissance annuelle US$ par habitant","22008","Produit Intérieur Brut","2023","2023","%","2.854148","X","Chiffre de source externe",""
"MK","Indicateurs macro","762","Tadjikistan","6110","Valeur US$","22008","Produit Intérieur Brut","2023","2023","Millions d’USD","12060.599427","X","Chiffre de source externe",""
"MK","Indicateurs macro","762","Tadjikistan","6119","Valeur US$ par habitant","22008","Produit Intérieur Brut","2023","2023","USD","1160.811678","X","Chiffre de source externe",""
"MK","Indicateurs macro","762","Tadjikistan","6129","Croissance annuelle US$","22008","Produit Intérieur Brut","2023","2023","%","12.573585","X","Chiffre de source externe",""
"MK","Indicateurs macro","762","Tadjikistan","61290","Croissance annuelle US$ par habitant","22008","Produit Intérieur Brut","2023","2023","%","10.324492","X","Chiffre de source externe",""
"MK","Indicateurs macro","148","Tchad","6110","Valeur US$","22008","Produit Intérieur Brut","2023","2023","Millions d’USD","17643.171952","X","Chiffre de source externe",""
"MK","Indicateurs macro","148","Tchad","6119","Valeur US$ par habitant","22008","Produit Intérieur Brut","2023","2023","USD","913.251902","X","Chiffre de source externe",""
"MK","Indicateurs macro","148","Tchad","6129","Croissance annuelle US$","22008","Produit Intérieur Brut","2023","2023","%","8.484496","X","Chiffre de source externe",""
"MK","Indicateurs macro","148","Tchad","61290","Croissance annuelle US$ par habitant","22008","Produit Intérieur Brut","2023","2023","%","3.634193","X","Chiffre de source externe",""
"MK","Indicateurs macro","203","Tchéquie","6110","Valeur US$","22008","Produit Intérieur Brut","2023","2023","Millions d’USD","343207.874554","X","Chiffre de source externe",""
"MK","Indicateurs macro","203","Tchéquie","6119","Valeur US$ par habitant","22008","Produit Intérieur Brut","2023","2023","USD","31749.943713","X","Chiffre de source externe",""
"MK","Indicateurs macro","203","Tchéquie","6129","Croissance annuelle US$","22008","Produit Intérieur Brut","2023","2023","%","13.708537","X","Chiffre de source externe",""
"MK","Indicateurs macro","203","Tchéquie","61290","Croissance annuelle US$ par habitant","22008","Produit Intérieur Brut","2023","2023","%","12.272648","X","Chiffre de source externe",""
"MK","Indicateurs macro","764","Thaïlande","6110","Valeur US$","22008","Produit Intérieur Brut","2023","2023","Millions d’USD","514945.000036","X","Chiffre de source externe",""
"MK","Indicateurs macro","764","Thaïlande","6119","Valeur US$ par habitant","22008","Produit Intérieur Brut","2023","2023","USD","7181.694737","X","Chiffre de source externe",""
"MK","Indicateurs macro","764","Thaïlande","6129","Croissance annuelle US$","22008","Produit Intérieur Brut","2023","2023","%","3.893712","X","Chiffre de source externe",""
"MK","Indicateurs macro","764","Thaïlande","61290","Croissance annuelle US$ par habitant","22008","Produit Intérieur Brut","2023","2023","%","3.941374","X","Chiffre de source externe",""
"MK","Indicateurs macro","626","Timor-Leste","6110","Valeur US$","22008","Produit Intérieur Brut","2023","2023","Millions d’USD","2079.916909","X","Chiffre de source externe",""
"MK","Indicateurs macro","626","Timor-Leste","6119","Valeur US$ par habitant","22008","Produit Intérieur Brut","2023","2023","USD","1502.519645","X","Chiffre de source externe",""
"MK","Indicateurs macro","626","Timor-Leste","6129","Croissance annuelle US$","22008","Produit Intérieur Brut","2023","2023","%","-35.176687","X","Chiffre de source externe",""
"MK","Indicateurs macro","626","Timor-Leste","61290","Croissance annuelle US$ par habitant","22008","Produit Intérieur Brut","2023","2023","%","-35.878662","X","Chiffre de source externe",""
"MK","Indicateurs macro","768","Togo","6110","Valeur US$","22008","Produit Intérieur Brut","2023","2023","Millions d’USD","9277.52962","X","Chiffre de source externe",""
"MK","Indicateurs macro","768","Togo","6119","Valeur US$ par habitant","22008","Produit Intérieur Brut","2023","2023","USD","997.118776","X","Chiffre de source externe",""
"MK","Indicateurs macro","768","Togo","6129","Croissance annuelle US$","22008","Produit Intérieur Brut","2023","2023","%","12.262545","X","Chiffre de source externe",""
"MK","Indicateurs macro","768","Togo","61290","Croissance annuelle US$ par habitant","22008","Produit Intérieur Brut","2023","2023","%","9.673276","X","Chiffre de source externe",""
"MK","Indicateurs macro","776","Tonga","6110","Valeur US$","22008","Produit Intérieur Brut","2023","2023","Millions d’USD","508.288117","X","Chiffre de source externe",""
"MK","Indicateurs macro","776","Tonga","6119","Valeur US$ par habitant","22008","Produit Intérieur Brut","2023","2023","USD","4859.467165","X","Chiffre de source externe",""
"MK","Indicateurs macro","776","Tonga","6129","Croissance annuelle US$","22008","Produit Intérieur Brut","2023","2023","%","0.516748","X","Chiffre de source externe",""
"MK","Indicateurs macro","776","Tonga","61290","Croissance annuelle US$ par habitant","22008","Produit Intérieur Brut","2023","2023","%","0.943907","X","Chiffre de source externe",""
"MK","Indicateurs macro","780","Trinité-et-Tobago","6110","Valeur US$","22008","Produit Intérieur Brut","2023","2023","Millions d’USD","25489.371966","X","Chiffre de source externe",""
"MK","Indicateurs macro","780","Trinité-et-Tobago","6119","Valeur US$ par habitant","22008","Produit Intérieur Brut","2023","2023","USD","16959.758316","X","Chiffre de source externe",""
"MK","Indicateurs macro","780","Trinité-et-Tobago","6129","Croissance annuelle US$","22008","Produit Intérieur Brut","2023","2023","%","-10.596007","X","Chiffre de source externe",""
"MK","Indicateurs macro","780","Trinité-et-Tobago","61290","Croissance annuelle US$ par habitant","22008","Produit Intérieur Brut","2023","2023","%","-11.013066","X","Chiffre de source externe",""
"MK","Indicateurs macro","788","Tunisie","6110","Valeur US$","22008","Produit Intérieur Brut","2023","2023","Millions d’USD","48541.052745","X","Chiffre de source externe",""
"MK","Indicateurs macro","788","Tunisie","6119","Valeur US$ par habitant","22008","Produit Intérieur Brut","2023","2023","USD","3978.634258","X","Chiffre de source externe",""
"MK","Indicateurs macro","788","Tunisie","6129","Croissance annuelle US$","22008","Produit Intérieur Brut","2023","2023","%","8.840263","X","Chiffre de source externe",""
"MK","Indicateurs macro","788","Tunisie","61290","Croissance annuelle US$ par habitant","22008","Produit Intérieur Brut","2023","2023","%","8.11679","X","Chiffre de source externe",""
"MK","Indicateurs macro","792","Türkiye","6110","Valeur US$","22008","Produit Intérieur Brut","2023","2023","Millions d’USD","1118252.882823","X","Chiffre de source externe",""
"MK","Indicateurs macro","792","Türkiye","6119","Valeur US$ par habitant","22008","Produit Intérieur Brut","2023","2023","USD","12813.641077","X","Chiffre de source externe",""
"MK","Indicateurs macro","792","Türkiye","6129","Croissance annuelle US$","22008","Produit Intérieur Brut","2023","2023","%","23.27526","X","Chiffre de source externe",""
"MK","Indicateurs macro","792","Türkiye","61290","Croissance annuelle US$ par habitant","22008","Produit Intérieur Brut","2023","2023","%","22.975756","X","Chiffre de source externe",""
"MK","Indicateurs macro","795","Turkménistan","6110","Valeur US$","22008","Produit Intérieur Brut","2023","2023","Millions d’USD","59887.334843","X","Chiffre de source externe",""
"MK","Indicateurs macro","795","Turkménistan","6119","Valeur US$ par habitant","22008","Produit Intérieur Brut","2023","2023","USD","8131.962662","X","Chiffre de source externe",""
"MK","Indicateurs macro","795","Turkménistan","6129","Croissance annuelle US$","22008","Produit Intérieur Brut","2023","2023","%","5.914943","X","Chiffre de source externe",""
"MK","Indicateurs macro","795","Turkménistan","61290","Croissance annuelle US$ par habitant","22008","Produit Intérieur Brut","2023","2023","%","3.984239","X","Chiffre de source externe",""
"MK","Indicateurs macro","798","Tuvalu","6110","Valeur US$","22008","Produit Intérieur Brut","2023","2023","Millions d’USD","67.534216","X","Chiffre de source externe",""
"MK","Indicateurs macro","798","Tuvalu","6119","Valeur US$ par habitant","22008","Produit Intérieur Brut","2023","2023","USD","6880.364352","X","Chiffre de source externe",""
"MK","Indicateurs macro","798","Tuvalu","6129","Croissance annuelle US$","22008","Produit Intérieur Brut","2023","2023","%","6.290043","X","Chiffre de source externe",""
"MK","Indicateurs macro","798","Tuvalu","61290","Croissance annuelle US$ par habitant","22008","Produit Intérieur Brut","2023","2023","%","8.201325","X","Chiffre de source externe",""
"MK","Indicateurs macro","804","Ukraine","6110","Valeur US$","22008","Produit Intérieur Brut","2023","2023","Millions d’USD","178757.021395","X","Chiffre de source externe",""
"MK","Indicateurs macro","804","Ukraine","6119","Valeur US$ par habitant","22008","Produit Intérieur Brut","2023","2023","USD","4737.439395","X","Chiffre de source externe",""
"MK","Indicateurs macro","804","Ukraine","6129","Croissance annuelle US$","22008","Produit Intérieur Brut","2023","2023","%","10.350977","X","Chiffre de source externe",""
"MK","Indicateurs macro","804","Ukraine","61290","Croissance annuelle US$ par habitant","22008","Produit Intérieur Brut","2023","2023","%","20.04853","X","Chiffre de source externe",""
"MK","Indicateurs macro","858","Uruguay","6110","Valeur US$","22008","Produit Intérieur Brut","2023","2023","Millions d’USD","77235.750315","X","Chiffre de source externe",""
"MK","Indicateurs macro","858","Uruguay","6119","Valeur US$ par habitant","22008","Produit Intérieur Brut","2023","2023","USD","22796.314998","X","Chiffre de source externe",""
"MK","Indicateurs macro","858","Uruguay","6129","Croissance annuelle US$","22008","Produit Intérieur Brut","2023","2023","%","10.087114","X","Chiffre de source externe",""
"MK","Indicateurs macro","858","Uruguay","61290","Croissance annuelle US$ par habitant","22008","Produit Intérieur Brut","2023","2023","%","10.179149","X","Chiffre de source externe",""
"MK","Indicateurs macro","548","Vanuatu","6110","Valeur US$","22008","Produit Intérieur Brut","2023","2023","Millions d’USD","1118.84674","X","Chiffre de source externe",""
"MK","Indicateurs macro","548","Vanuatu","6119","Valeur US$ par habitant","22008","Produit Intérieur Brut","2023","2023","USD","3491.938384","X","Chiffre de source externe",""
"MK","Indicateurs macro","548","Vanuatu","6129","Croissance annuelle US$","22008","Produit Intérieur Brut","2023","2023","%","5.890385","X","Chiffre de source externe",""
"MK","Indicateurs macro","548","Vanuatu","61290","Croissance annuelle US$ par habitant","22008","Produit Intérieur Brut","2023","2023","%","3.45735","X","Chiffre de source externe",""
"MK","Indicateurs macro","862","Venezuela (République bolivarienne du)","6110","Valeur US$","22008","Produit Intérieur Brut","2023","2023","Millions d’USD","139394.905066","X","Chiffre de source externe",""
"MK","Indicateurs macro","862","Venezuela (République bolivarienne du)","6119","Valeur US$ par habitant","22008","Produit Intérieur Brut","2023","2023","USD","4925.466386","X","Chiffre de source externe",""
"MK","Indicateurs macro","862","Venezuela (République bolivarienne du)","6129","Croissance annuelle US$","22008","Produit Intérieur Brut","2023","2023","%","7.745677","X","Chiffre de source externe",""
"MK","Indicateurs macro","862","Venezuela (République bolivarienne du)","61290","Croissance annuelle US$ par habitant","22008","Produit Intérieur Brut","2023","2023","%","7.411267","X","Chiffre de source externe",""
"MK","Indicateurs macro","704","Viet Nam","6110","Valeur US$","22008","Produit Intérieur Brut","2023","2023","Millions d’USD","429716.96905","X","Chiffre de source externe",""
"MK","Indicateurs macro","704","Viet Nam","6119","Valeur US$ par habitant","22008","Produit Intérieur Brut","2023","2023","USD","4282.088539","X","Chiffre de source externe",""
"MK","Indicateurs macro","704","Viet Nam","6129","Croissance annuelle US$","22008","Produit Intérieur Brut","2023","2023","%","4.72625","X","Chiffre de source externe",""
"MK","Indicateurs macro","704","Viet Nam","61290","Croissance annuelle US$ par habitant","22008","Produit Intérieur Brut","2023","2023","%","4.025443","X","Chiffre de source externe",""
"MK","Indicateurs macro","887","Yémen","6110","Valeur US$","22008","Produit Intérieur Brut","2023","2023","Millions d’USD","8757.93965","X","Chiffre de source externe",""
"MK","Indicateurs macro","887","Yémen","6119","Valeur US$ par habitant","22008","Produit Intérieur Brut","2023","2023","USD","222.334654","X","Chiffre de source externe",""
"MK","Indicateurs macro","887","Yémen","6129","Croissance annuelle US$","22008","Produit Intérieur Brut","2023","2023","%","-20.091784","X","Chiffre de source externe",""
"MK","Indicateurs macro","887","Yémen","61290","Croissance annuelle US$ par habitant","22008","Produit Intérieur Brut","2023","2023","%","-22.461035","X","Chiffre de source externe",""
"MK","Indicateurs macro","894","Zambie","6110","Valeur US$","22008","Produit Intérieur Brut","2023","2023","Millions d’USD","27577.956651","X","Chiffre de source externe",""
"MK","Indicateurs macro","894","Zambie","6119","Valeur US$ par habitant","22008","Produit Intérieur Brut","2023","2023","USD","1330.727814","X","Chiffre de source externe",""
"MK","Indicateurs macro","894","Zambie","6129","Croissance annuelle US$","22008","Produit Intérieur Brut","2023","2023","%","-5.349643","X","Chiffre de source externe",""
"MK","Indicateurs macro","894","Zambie","61290","Croissance annuelle US$ par habitant","22008","Produit Intérieur Brut","2023","2023","%","-7.957634","X","Chiffre de source externe",""
"MK","Indicateurs macro","716","Zimbabwe","6110","Valeur US$","22008","Produit Intérieur Brut","2023","2023","Millions d’USD","30368.203559","X","Chiffre de source externe",""
"MK","Indicateurs macro","716","Zimbabwe","6119","Valeur US$ par habitant","22008","Produit Intérieur Brut","2023","2023","USD","1858.425757","X","Chiffre de source externe",""
"MK","Indicateurs macro","716","Zimbabwe","6129","Croissance annuelle US$","22008","Produit Intérieur Brut","2023","2023","%","14.950117","X","Chiffre de source externe",""
"MK","Indicateurs macro","716","Zimbabwe","61290","Croissance annuelle US$ par habitant","22008","Produit Intérieur Brut","2023","2023","%","13.038369","X","Chiffre de source externe",""
