Code Domaine,Domaine,Code zone (M49),Zone,Code Élément,Élément,Code Produit,Produit,Code année,Année,Unité,Valeur,Symbole,Description du Symbole,Note
"OA","Séries temporelles annuelles","004","Afghanistan","511","Population totale","3010","Population-Estimations","2023","2023","1000 No","41454.761","X","Chiffre de source externe",""
"OA","Séries temporelles annuelles","004","Afghanistan","551","Population rurale","3010","Population-Estimations","2023","2023","1000 No","29701.149","X","Chiffre de source externe",""
"OA","Séries temporelles annuelles","004","Afghanistan","561","Population urbaine","3010","Population-Estimations","2023","2023","1000 No","10948.055","X","Chiffre de source externe",""
"OA","Séries temporelles annuelles","710","Afrique du Sud","511","Population totale","3010","Population-Estimations","2023","2023","1000 No","63212.384","X","Chiffre de source externe",""
"OA","Séries temporelles annuelles","710","Afrique du Sud","551","Population rurale","3010","Population-Estimations","2023","2023","1000 No","18898.9","X","Chiffre de source externe",""
"OA","Séries temporelles annuelles","710","Afrique du Sud","561","Population urbaine","3010","Population-Estimations","2023","2023","1000 No","41711.727","X","Chiffre de source externe",""
"OA","Séries temporelles annuelles","008","Albanie","511","Population totale","3010","Population-Estimations","2023","2023","1000 No","2811.655","X","Chiffre de source externe",""
"OA","Séries temporelles annuelles","008","Albanie","551","Population rurale","3010","Population-Estimations","2023","2023","1000 No","1043.276","X","Chiffre de source externe",""
"OA","Séries temporelles annuelles","008","Albanie","561","Population urbaine","3010","Population-Estimations","2023","2023","1000 No","1904.065","X","Chiffre de source externe",""
"OA","Séries temporelles annuelles","012","Algérie","511","Population totale","3010","Population-Estimations","2023","2023","1000 No","46164.219","X","Chiffre de source externe",""
"OA","Séries temporelles annuelles","012","Algérie","551","Population rurale","3010","Population-Estimations","2023","2023","1000 No","11173.795","X","Chiffre de source externe",""
"OA","Séries temporelles annuelles","012","Algérie","561","Population urbaine","3010","Population-Estimations","2023","2023","1000 No","34005.054","X","Chiffre de source externe",""
"OA","Séries temporelles annuelles","276","Allemagne","511","Population totale","3010","Population-Estimations","2023","2023","1000 No","84548.231","X","Chiffre de source externe",""
"OA","Séries temporelles annuelles","276","Allemagne","551","Population rurale","3010","Population-Estimations","2023","2023","1000 No","18356.449","X","Chiffre de source externe",""
"OA","Séries temporelles annuelles","276","Allemagne","561","Population urbaine","3010","Population-Estimations","2023","2023","1000 No","64200.283","X","Chiffre de source externe",""
"OA","Séries temporelles annuelles","020","Andorre","511","Population totale","3010","Population-Estimations","2023","2023","1000 No","80.856","X","Chiffre de source externe",""
"OA","Séries temporelles annuelles","020","Andorre","551","Population rurale","3010","Population-Estimations","2023","2023","1000 No","9.478","X","Chiffre de source externe",""
"OA","Séries temporelles annuelles","020","Andorre","561","Population urbaine","3010","Population-Estimations","2023","2023","1000 No","68.043","X","Chiffre de source externe",""
"OA","Séries temporelles annuelles","024","Angola","511","Population totale","3010","Population-Estimations","2023","2023","1000 No","36749.906","X","Chiffre de source externe",""
"OA","Séries temporelles annuelles","024","Angola","551","Population rurale","3010","Population-Estimations","2023","2023","1000 No","11306.633","X","Chiffre de source externe",""
"OA","Séries temporelles annuelles","024","Angola","561","Population urbaine","3010","Population-Estimations","2023","2023","1000 No","24802.445","X","Chiffre de source externe",""
"OA","Séries temporelles annuelles","660","Anguilla","511","Population totale","3010","Population-Estimations","2023","2023","1000 No","14.41","X","Chiffre de source externe",""
"OA","Séries temporelles annuelles","660","Anguilla","551","Population rurale","3010","Population-Estimations","2023","2023","1000 No","0","X","Chiffre de source externe",""
"OA","Séries temporelles annuelles","660","Anguilla","561","Population urbaine","3010","Population-Estimations","2023","2023","1000 No","15.521","X","Chiffre de source externe",""
"OA","Séries temporelles annuelles","028","Antigua-et-Barbuda","511","Population totale","3010","Population-Estimations","2023","2023","1000 No","93.316","X","Chiffre de source externe",""
"OA","Séries temporelles annuelles","028","Antigua-et-Barbuda","551","Population rurale","3010","Population-Estimations","2023","2023","1000 No","81.825","X","Chiffre de source externe",""
"OA","Séries temporelles annuelles","028","Antigua-et-Barbuda","561","Population urbaine","3010","Population-Estimations","2023","2023","1000 No","26.313","X","Chiffre de source externe",""
"OA","Séries temporelles annuelles","682","Arabie saoudite","511","Population totale","3010","Population-Estimations","2023","2023","1000 No","33264.292","X","Chiffre de source externe",""
"OA","Séries temporelles annuelles","682","Arabie saoudite","551","Population rurale","3010","Population-Estimations","2023","2023","1000 No","5464.682","X","Chiffre de source externe",""
"OA","Séries temporelles annuelles","682","Arabie saoudite","561","Population urbaine","3010","Population-Estimations","2023","2023","1000 No","30846.442","X","Chiffre de source externe",""
"OA","Séries temporelles annuelles","032","Argentine","511","Population totale","3010","Population-Estimations","2023","2023","1000 No","45538.401","X","Chiffre de source externe",""
"OA","Séries temporelles annuelles","032","Argentine","551","Population rurale","3010","Population-Estimations","2023","2023","1000 No","3520.257","X","Chiffre de source externe",""
"OA","Séries temporelles annuelles","032","Argentine","561","Population urbaine","3010","Population-Estimations","2023","2023","1000 No","43186.763","X","Chiffre de source externe",""
"OA","Séries temporelles annuelles","051","Arménie","511","Population totale","3010","Population-Estimations","2023","2023","1000 No","2943.393","X","Chiffre de source externe",""
"OA","Séries temporelles annuelles","051","Arménie","551","Population rurale","3010","Population-Estimations","2023","2023","1000 No","1065.772","X","Chiffre de source externe",""
"OA","Séries temporelles annuelles","051","Arménie","561","Population urbaine","3010","Population-Estimations","2023","2023","1000 No","1873.397","X","Chiffre de source externe",""
"OA","Séries temporelles annuelles","533","Aruba","511","Population totale","3010","Population-Estimations","2023","2023","1000 No","107.939","X","Chiffre de source externe",""
"OA","Séries temporelles annuelles","533","Aruba","551","Population rurale","3010","Population-Estimations","2023","2023","1000 No","59.918","X","Chiffre de source externe",""
"OA","Séries temporelles annuelles","533","Aruba","561","Population urbaine","3010","Population-Estimations","2023","2023","1000 No","47.566","X","Chiffre de source externe",""
"OA","Séries temporelles annuelles","654","Ascension, Sainte-Hélène et Tristan da Cunha","511","Population totale","3010","Population-Estimations","2023","2023","1000 No","5.289","X","Chiffre de source externe",""
"OA","Séries temporelles annuelles","654","Ascension, Sainte-Hélène et Tristan da Cunha","551","Population rurale","3010","Population-Estimations","2023","2023","1000 No","2.485","X","Chiffre de source externe",""
"OA","Séries temporelles annuelles","654","Ascension, Sainte-Hélène et Tristan da Cunha","561","Population urbaine","3010","Population-Estimations","2023","2023","1000 No","1.702","X","Chiffre de source externe",""
"OA","Séries temporelles annuelles","036","Australie","511","Population totale","3010","Population-Estimations","2023","2023","1000 No","26451.124","X","Chiffre de source externe",""
"OA","Séries temporelles annuelles","036","Australie","551","Population rurale","3010","Population-Estimations","2023","2023","1000 No","3517.928","X","Chiffre de source externe",""
"OA","Séries temporelles annuelles","036","Australie","561","Population urbaine","3010","Population-Estimations","2023","2023","1000 No","22768.759","X","Chiffre de source externe",""
"OA","Séries temporelles annuelles","040","Autriche","511","Population totale","3010","Population-Estimations","2023","2023","1000 No","9130.429","X","Chiffre de source externe",""
"OA","Séries temporelles annuelles","040","Autriche","551","Population rurale","3010","Population-Estimations","2023","2023","1000 No","3577.856","X","Chiffre de source externe",""
"OA","Séries temporelles annuelles","040","Autriche","561","Population urbaine","3010","Population-Estimations","2023","2023","1000 No","5263.01","X","Chiffre de source externe",""
"OA","Séries temporelles annuelles","031","Azerbaïdjan","511","Population totale","3010","Population-Estimations","2023","2023","1000 No","10318.207","X","Chiffre de source externe",""
"OA","Séries temporelles annuelles","031","Azerbaïdjan","551","Population rurale","3010","Population-Estimations","2023","2023","1000 No","4378.246","X","Chiffre de source externe",""
"OA","Séries temporelles annuelles","031","Azerbaïdjan","561","Population urbaine","3010","Population-Estimations","2023","2023","1000 No","5942.187","X","Chiffre de source externe",""
"OA","Séries temporelles annuelles","044","Bahamas","511","Population totale","3010","Population-Estimations","2023","2023","1000 No","399.44","X","Chiffre de source externe",""
"OA","Séries temporelles annuelles","044","Bahamas","551","Population rurale","3010","Population-Estimations","2023","2023","1000 No","68.421","X","Chiffre de source externe",""
"OA","Séries temporelles annuelles","044","Bahamas","561","Population urbaine","3010","Population-Estimations","2023","2023","1000 No","349.415","X","Chiffre de source externe",""
"OA","Séries temporelles annuelles","048","Bahreïn","511","Population totale","3010","Population-Estimations","2023","2023","1000 No","1569.666","X","Chiffre de source externe",""
"OA","Séries temporelles annuelles","048","Bahreïn","551","Population rurale","3010","Population-Estimations","2023","2023","1000 No","183.211","X","Chiffre de source externe",""
"OA","Séries temporelles annuelles","048","Bahreïn","561","Population urbaine","3010","Population-Estimations","2023","2023","1000 No","1625.232","X","Chiffre de source externe",""
"OA","Séries temporelles annuelles","050","Bangladesh","511","Population totale","3010","Population-Estimations","2023","2023","1000 No","171466.99","X","Chiffre de source externe",""
"OA","Séries temporelles annuelles","050","Bangladesh","551","Population rurale","3010","Population-Estimations","2023","2023","1000 No","104140.792","X","Chiffre de source externe",""
"OA","Séries temporelles annuelles","050","Bangladesh","561","Population urbaine","3010","Population-Estimations","2023","2023","1000 No","70806.614","X","Chiffre de source externe",""
"OA","Séries temporelles annuelles","052","Barbade","511","Population totale","3010","Population-Estimations","2023","2023","1000 No","282.336","X","Chiffre de source externe",""
"OA","Séries temporelles annuelles","052","Barbade","551","Population rurale","3010","Population-Estimations","2023","2023","1000 No","198.133","X","Chiffre de source externe",""
"OA","Séries temporelles annuelles","052","Barbade","561","Population urbaine","3010","Population-Estimations","2023","2023","1000 No","90.795","X","Chiffre de source externe",""
"OA","Séries temporelles annuelles","112","Bélarus","511","Population totale","3010","Population-Estimations","2023","2023","1000 No","9115.68","X","Chiffre de source externe",""
"OA","Séries temporelles annuelles","112","Bélarus","551","Population rurale","3010","Population-Estimations","2023","2023","1000 No","1803.173","X","Chiffre de source externe",""
"OA","Séries temporelles annuelles","112","Bélarus","561","Population urbaine","3010","Population-Estimations","2023","2023","1000 No","7554.508","X","Chiffre de source externe",""
"OA","Séries temporelles annuelles","056","Belgique","511","Population totale","3010","Population-Estimations","2023","2023","1000 No","11712.893","X","Chiffre de source externe",""
"OA","Séries temporelles annuelles","056","Belgique","551","Population rurale","3010","Population-Estimations","2023","2023","1000 No","212.749","X","Chiffre de source externe",""
"OA","Séries temporelles annuelles","056","Belgique","561","Population urbaine","3010","Population-Estimations","2023","2023","1000 No","11535.808","X","Chiffre de source externe",""
"OA","Séries temporelles annuelles","084","Belize","511","Population totale","3010","Population-Estimations","2023","2023","1000 No","411.106","X","Chiffre de source externe",""
"OA","Séries temporelles annuelles","084","Belize","551","Population rurale","3010","Population-Estimations","2023","2023","1000 No","224.893","X","Chiffre de source externe",""
"OA","Séries temporelles annuelles","084","Belize","561","Population urbaine","3010","Population-Estimations","2023","2023","1000 No","196.317","X","Chiffre de source externe",""
"OA","Séries temporelles annuelles","204","Bénin","511","Population totale","3010","Population-Estimations","2023","2023","1000 No","14111.034","X","Chiffre de source externe",""
"OA","Séries temporelles annuelles","204","Bénin","551","Population rurale","3010","Population-Estimations","2023","2023","1000 No","6546.285","X","Chiffre de source externe",""
"OA","Séries temporelles annuelles","204","Bénin","561","Population urbaine","3010","Population-Estimations","2023","2023","1000 No","6572.44","X","Chiffre de source externe",""
"OA","Séries temporelles annuelles","060","Bermudes","511","Population totale","3010","Population-Estimations","2023","2023","1000 No","64.698","X","Chiffre de source externe",""
"OA","Séries temporelles annuelles","060","Bermudes","551","Population rurale","3010","Population-Estimations","2023","2023","1000 No","0","X","Chiffre de source externe",""
"OA","Séries temporelles annuelles","060","Bermudes","561","Population urbaine","3010","Population-Estimations","2023","2023","1000 No","60.256","X","Chiffre de source externe",""
"OA","Séries temporelles annuelles","064","Bhoutan","511","Population totale","3010","Population-Estimations","2023","2023","1000 No","786.385","X","Chiffre de source externe",""
"OA","Séries temporelles annuelles","064","Bhoutan","551","Population rurale","3010","Population-Estimations","2023","2023","1000 No","479.424","X","Chiffre de source externe",""
"OA","Séries temporelles annuelles","064","Bhoutan","561","Population urbaine","3010","Population-Estimations","2023","2023","1000 No","382.078","X","Chiffre de source externe",""
"OA","Séries temporelles annuelles","068","Bolivie (État plurinational de)","511","Population totale","3010","Population-Estimations","2023","2023","1000 No","12244.159","X","Chiffre de source externe",""
"OA","Séries temporelles annuelles","068","Bolivie (État plurinational de)","551","Population rurale","3010","Population-Estimations","2023","2023","1000 No","3467.659","X","Chiffre de source externe",""
"OA","Séries temporelles annuelles","068","Bolivie (État plurinational de)","561","Population urbaine","3010","Population-Estimations","2023","2023","1000 No","8567.158","X","Chiffre de source externe",""
"OA","Séries temporelles annuelles","535","Bonaire, Saint-Eustache et Saba","511","Population totale","3010","Population-Estimations","2023","2023","1000 No","29.898","X","Chiffre de source externe",""
"OA","Séries temporelles annuelles","535","Bonaire, Saint-Eustache et Saba","551","Population rurale","3010","Population-Estimations","2023","2023","1000 No","6.608","X","Chiffre de source externe",""
"OA","Séries temporelles annuelles","535","Bonaire, Saint-Eustache et Saba","561","Population urbaine","3010","Population-Estimations","2023","2023","1000 No","20.219","X","Chiffre de source externe",""
"OA","Séries temporelles annuelles","070","Bosnie-Herzégovine","511","Population totale","3010","Population-Estimations","2023","2023","1000 No","3185.073","X","Chiffre de source externe",""
"OA","Séries temporelles annuelles","070","Bosnie-Herzégovine","551","Population rurale","3010","Population-Estimations","2023","2023","1000 No","1728.254","X","Chiffre de source externe",""
"OA","Séries temporelles annuelles","070","Bosnie-Herzégovine","561","Population urbaine","3010","Population-Estimations","2023","2023","1000 No","1746.955","X","Chiffre de source externe",""
"OA","Séries temporelles annuelles","072","Botswana","511","Population totale","3010","Population-Estimations","2023","2023","1000 No","2480.244","X","Chiffre de source externe",""
"OA","Séries temporelles annuelles","072","Botswana","551","Population rurale","3010","Population-Estimations","2023","2023","1000 No","688.191","X","Chiffre de source externe",""
"OA","Séries temporelles annuelles","072","Botswana","561","Population urbaine","3010","Population-Estimations","2023","2023","1000 No","1848.155","X","Chiffre de source externe",""
"OA","Séries temporelles annuelles","076","Brésil","511","Population totale","3010","Population-Estimations","2023","2023","1000 No","211140.729","X","Chiffre de source externe",""
"OA","Séries temporelles annuelles","076","Brésil","551","Population rurale","3010","Population-Estimations","2023","2023","1000 No","26614.424","X","Chiffre de source externe",""
"OA","Séries temporelles annuelles","076","Brésil","561","Population urbaine","3010","Population-Estimations","2023","2023","1000 No","191322.786","X","Chiffre de source externe",""
"OA","Séries temporelles annuelles","096","Brunéi Darussalam","511","Population totale","3010","Population-Estimations","2023","2023","1000 No","458.949","X","Chiffre de source externe",""
"OA","Séries temporelles annuelles","096","Brunéi Darussalam","551","Population rurale","3010","Population-Estimations","2023","2023","1000 No","95.801","X","Chiffre de source externe",""
"OA","Séries temporelles annuelles","096","Brunéi Darussalam","561","Population urbaine","3010","Population-Estimations","2023","2023","1000 No","363.647","X","Chiffre de source externe",""
"OA","Séries temporelles annuelles","100","Bulgarie","511","Population totale","3010","Population-Estimations","2023","2023","1000 No","6795.803","X","Chiffre de source externe",""
"OA","Séries temporelles annuelles","100","Bulgarie","551","Population rurale","3010","Population-Estimations","2023","2023","1000 No","1583.081","X","Chiffre de source externe",""
"OA","Séries temporelles annuelles","100","Bulgarie","561","Population urbaine","3010","Population-Estimations","2023","2023","1000 No","5211.414","X","Chiffre de source externe",""
"OA","Séries temporelles annuelles","854","Burkina Faso","511","Population totale","3010","Population-Estimations","2023","2023","1000 No","23025.776","X","Chiffre de source externe",""
"OA","Séries temporelles annuelles","854","Burkina Faso","551","Population rurale","3010","Population-Estimations","2023","2023","1000 No","15331.318","X","Chiffre de source externe",""
"OA","Séries temporelles annuelles","854","Burkina Faso","561","Population urbaine","3010","Population-Estimations","2023","2023","1000 No","7388.364","X","Chiffre de source externe",""
"OA","Séries temporelles annuelles","108","Burundi","511","Population totale","3010","Population-Estimations","2023","2023","1000 No","13689.45","X","Chiffre de source externe",""
"OA","Séries temporelles annuelles","108","Burundi","551","Population rurale","3010","Population-Estimations","2023","2023","1000 No","11120.085","X","Chiffre de source externe",""
"OA","Séries temporelles annuelles","108","Burundi","561","Population urbaine","3010","Population-Estimations","2023","2023","1000 No","1929.218","X","Chiffre de source externe",""
"OA","Séries temporelles annuelles","132","Cabo Verde","511","Population totale","3010","Population-Estimations","2023","2023","1000 No","522.331","X","Chiffre de source externe",""
"OA","Séries temporelles annuelles","132","Cabo Verde","551","Population rurale","3010","Population-Estimations","2023","2023","1000 No","188.312","X","Chiffre de source externe",""
"OA","Séries temporelles annuelles","132","Cabo Verde","561","Population urbaine","3010","Population-Estimations","2023","2023","1000 No","399.834","X","Chiffre de source externe",""
"OA","Séries temporelles annuelles","116","Cambodge","511","Population totale","3010","Population-Estimations","2023","2023","1000 No","17423.88","X","Chiffre de source externe",""
"OA","Séries temporelles annuelles","116","Cambodge","551","Population rurale","3010","Population-Estimations","2023","2023","1000 No","12939.941","X","Chiffre de source externe",""
"OA","Séries temporelles annuelles","116","Cambodge","561","Population urbaine","3010","Population-Estimations","2023","2023","1000 No","4445.36","X","Chiffre de source externe",""
"OA","Séries temporelles annuelles","120","Cameroun","511","Population totale","3010","Population-Estimations","2023","2023","1000 No","28372.687","X","Chiffre de source externe",""
"OA","Séries temporelles annuelles","120","Cameroun","551","Population rurale","3010","Population-Estimations","2023","2023","1000 No","11373.878","X","Chiffre de source externe",""
"OA","Séries temporelles annuelles","120","Cameroun","561","Population urbaine","3010","Population-Estimations","2023","2023","1000 No","16581.877","X","Chiffre de source externe",""
"OA","Séries temporelles annuelles","124","Canada","511","Population totale","3010","Population-Estimations","2023","2023","1000 No","39299.105","X","Chiffre de source externe",""
"OA","Séries temporelles annuelles","124","Canada","551","Population rurale","3010","Population-Estimations","2023","2023","1000 No","6993.543","X","Chiffre de source externe",""
"OA","Séries temporelles annuelles","124","Canada","561","Population urbaine","3010","Population-Estimations","2023","2023","1000 No","31563.358","X","Chiffre de source externe",""
"OA","Séries temporelles annuelles","152","Chili","511","Population totale","3010","Population-Estimations","2023","2023","1000 No","19658.835","X","Chiffre de source externe",""
"OA","Séries temporelles annuelles","152","Chili","551","Population rurale","3010","Population-Estimations","2023","2023","1000 No","2260.874","X","Chiffre de source externe",""
"OA","Séries temporelles annuelles","152","Chili","561","Population urbaine","3010","Population-Estimations","2023","2023","1000 No","16597.903","X","Chiffre de source externe",""
"OA","Séries temporelles annuelles","159","Chine","511","Population totale","3010","Population-Estimations","2023","2023","1000 No","1454058.724","X","Chiffre de source externe",""
"OA","Séries temporelles annuelles","159","Chine","551","Population rurale","3010","Population-Estimations","2023","2023","1000 No","513079.075","X","Chiffre de source externe",""
"OA","Séries temporelles annuelles","159","Chine","561","Population urbaine","3010","Population-Estimations","2023","2023","1000 No","953931.777","X","Chiffre de source externe",""
"OA","Séries temporelles annuelles","344","Chine - RAS de Hong-Kong","511","Population totale","3010","Population-Estimations","2023","2023","1000 No","7442.734","X","Chiffre de source externe",""
"OA","Séries temporelles annuelles","344","Chine - RAS de Hong-Kong","551","Population rurale","3010","Population-Estimations","2023","2023","1000 No","0","X","Chiffre de source externe",""
"OA","Séries temporelles annuelles","344","Chine - RAS de Hong-Kong","561","Population urbaine","3010","Population-Estimations","2023","2023","1000 No","7684.801","X","Chiffre de source externe",""
"OA","Séries temporelles annuelles","446","Chine - RAS de Macao","511","Population totale","3010","Population-Estimations","2023","2023","1000 No","713.912","X","Chiffre de source externe",""
"OA","Séries temporelles annuelles","446","Chine - RAS de Macao","551","Population rurale","3010","Population-Estimations","2023","2023","1000 No","0","X","Chiffre de source externe",""
"OA","Séries temporelles annuelles","446","Chine - RAS de Macao","561","Population urbaine","3010","Population-Estimations","2023","2023","1000 No","681.876","X","Chiffre de source externe",""
"OA","Séries temporelles annuelles","156","Chine, continentale","511","Population totale","3010","Population-Estimations","2023","2023","1000 No","1422584.933","X","Chiffre de source externe",""
"OA","Séries temporelles annuelles","156","Chine, continentale","551","Population rurale","3010","Population-Estimations","2023","2023","1000 No","508300.305","X","Chiffre de source externe",""
"OA","Séries temporelles annuelles","156","Chine, continentale","561","Population urbaine","3010","Population-Estimations","2023","2023","1000 No","926375.811","X","Chiffre de source externe",""
"OA","Séries temporelles annuelles","158","Chine, Taiwan Province de","511","Population totale","3010","Population-Estimations","2023","2023","1000 No","23317.145","X","Chiffre de source externe",""
"OA","Séries temporelles annuelles","158","Chine, Taiwan Province de","551","Population rurale","3010","Population-Estimations","2023","2023","1000 No","4778.77","X","Chiffre de source externe",""
"OA","Séries temporelles annuelles","158","Chine, Taiwan Province de","561","Population urbaine","3010","Population-Estimations","2023","2023","1000 No","19189.289","X","Chiffre de source externe",""
"OA","Séries temporelles annuelles","196","Chypre","511","Population totale","3010","Population-Estimations","2023","2023","1000 No","1344.976","X","Chiffre de source externe",""
"OA","Séries temporelles annuelles","196","Chypre","551","Population rurale","3010","Population-Estimations","2023","2023","1000 No","406.702","X","Chiffre de source externe",""
"OA","Séries temporelles annuelles","196","Chypre","561","Population urbaine","3010","Population-Estimations","2023","2023","1000 No","825.235","X","Chiffre de source externe",""
"OA","Séries temporelles annuelles","170","Colombie","511","Population totale","3010","Population-Estimations","2023","2023","1000 No","52321.152","X","Chiffre de source externe",""
"OA","Séries temporelles annuelles","170","Colombie","551","Population rurale","3010","Population-Estimations","2023","2023","1000 No","9042.494","X","Chiffre de source externe",""
"OA","Séries temporelles annuelles","170","Colombie","561","Population urbaine","3010","Population-Estimations","2023","2023","1000 No","42201.325","X","Chiffre de source externe",""
"OA","Séries temporelles annuelles","174","Comores","511","Population totale","3010","Population-Estimations","2023","2023","1000 No","850.387","X","Chiffre de source externe",""
"OA","Séries temporelles annuelles","174","Comores","551","Population rurale","3010","Population-Estimations","2023","2023","1000 No","647.197","X","Chiffre de source externe",""
"OA","Séries temporelles annuelles","174","Comores","561","Population urbaine","3010","Population-Estimations","2023","2023","1000 No","279.115","X","Chiffre de source externe",""
"OA","Séries temporelles annuelles","178","Congo","511","Population totale","3010","Population-Estimations","2023","2023","1000 No","6182.885","X","Chiffre de source externe",""
"OA","Séries temporelles annuelles","178","Congo","551","Population rurale","3010","Population-Estimations","2023","2023","1000 No","1891.102","X","Chiffre de source externe",""
"OA","Séries temporelles annuelles","178","Congo","561","Population urbaine","3010","Population-Estimations","2023","2023","1000 No","4246.426","X","Chiffre de source externe",""
"OA","Séries temporelles annuelles","188","Costa Rica","511","Population totale","3010","Population-Estimations","2023","2023","1000 No","5105.525","X","Chiffre de source externe",""
"OA","Séries temporelles annuelles","188","Costa Rica","551","Population rurale","3010","Population-Estimations","2023","2023","1000 No","898.466","X","Chiffre de source externe",""
"OA","Séries temporelles annuelles","188","Costa Rica","561","Population urbaine","3010","Population-Estimations","2023","2023","1000 No","4271.646","X","Chiffre de source externe",""
"OA","Séries temporelles annuelles","384","Côte d'Ivoire","511","Population totale","3010","Population-Estimations","2023","2023","1000 No","31165.654","X","Chiffre de source externe",""
"OA","Séries temporelles annuelles","384","Côte d'Ivoire","551","Population rurale","3010","Population-Estimations","2023","2023","1000 No","13203.638","X","Chiffre de source externe",""
"OA","Séries temporelles annuelles","384","Côte d'Ivoire","561","Population urbaine","3010","Population-Estimations","2023","2023","1000 No","14978.681","X","Chiffre de source externe",""
"OA","Séries temporelles annuelles","191","Croatie","511","Population totale","3010","Population-Estimations","2023","2023","1000 No","3896.023","X","Chiffre de source externe",""
"OA","Séries temporelles annuelles","191","Croatie","551","Population rurale","3010","Population-Estimations","2023","2023","1000 No","1676.471","X","Chiffre de source externe",""
"OA","Séries temporelles annuelles","191","Croatie","561","Population urbaine","3010","Population-Estimations","2023","2023","1000 No","2370.512","X","Chiffre de source externe",""
"OA","Séries temporelles annuelles","192","Cuba","511","Population totale","3010","Population-Estimations","2023","2023","1000 No","11019.931","X","Chiffre de source externe",""
"OA","Séries temporelles annuelles","192","Cuba","551","Population rurale","3010","Population-Estimations","2023","2023","1000 No","2586.646","X","Chiffre de source externe",""
"OA","Séries temporelles annuelles","192","Cuba","561","Population urbaine","3010","Population-Estimations","2023","2023","1000 No","8921.445","X","Chiffre de source externe",""
"OA","Séries temporelles annuelles","531","Curaçao","511","Population totale","3010","Population-Estimations","2023","2023","1000 No","185.427","X","Chiffre de source externe",""
"OA","Séries temporelles annuelles","531","Curaçao","551","Population rurale","3010","Population-Estimations","2023","2023","1000 No","18.266","X","Chiffre de source externe",""
"OA","Séries temporelles annuelles","531","Curaçao","561","Population urbaine","3010","Population-Estimations","2023","2023","1000 No","148.134","X","Chiffre de source externe",""
"OA","Séries temporelles annuelles","208","Danemark","511","Population totale","3010","Population-Estimations","2023","2023","1000 No","5948.136","X","Chiffre de source externe",""
"OA","Séries temporelles annuelles","208","Danemark","551","Population rurale","3010","Population-Estimations","2023","2023","1000 No","674.86","X","Chiffre de source externe",""
"OA","Séries temporelles annuelles","208","Danemark","561","Population urbaine","3010","Population-Estimations","2023","2023","1000 No","5191.155","X","Chiffre de source externe",""
"OA","Séries temporelles annuelles","262","Djibouti","511","Population totale","3010","Population-Estimations","2023","2023","1000 No","1152.944","X","Chiffre de source externe",""
"OA","Séries temporelles annuelles","262","Djibouti","551","Population rurale","3010","Population-Estimations","2023","2023","1000 No","223.462","X","Chiffre de source externe",""
"OA","Séries temporelles annuelles","262","Djibouti","561","Population urbaine","3010","Population-Estimations","2023","2023","1000 No","818.418","X","Chiffre de source externe",""
"OA","Séries temporelles annuelles","212","Dominique","511","Population totale","3010","Population-Estimations","2023","2023","1000 No","66.51","X","Chiffre de source externe",""
"OA","Séries temporelles annuelles","212","Dominique","551","Population rurale","3010","Population-Estimations","2023","2023","1000 No","21.295","X","Chiffre de source externe",""
"OA","Séries temporelles annuelles","212","Dominique","561","Population urbaine","3010","Population-Estimations","2023","2023","1000 No","54.775","X","Chiffre de source externe",""
"OA","Séries temporelles annuelles","818","Égypte","511","Population totale","3010","Population-Estimations","2023","2023","1000 No","114535.772","X","Chiffre de source externe",""
"OA","Séries temporelles annuelles","818","Égypte","551","Population rurale","3010","Population-Estimations","2023","2023","1000 No","61519.029","X","Chiffre de source externe",""
"OA","Séries temporelles annuelles","818","Égypte","561","Population urbaine","3010","Population-Estimations","2023","2023","1000 No","46597.953","X","Chiffre de source externe",""
"OA","Séries temporelles annuelles","222","El Salvador","511","Population totale","3010","Population-Estimations","2023","2023","1000 No","6309.624","X","Chiffre de source externe",""
"OA","Séries temporelles annuelles","222","El Salvador","551","Population rurale","3010","Population-Estimations","2023","2023","1000 No","1618.517","X","Chiffre de source externe",""
"OA","Séries temporelles annuelles","222","El Salvador","561","Population urbaine","3010","Population-Estimations","2023","2023","1000 No","4959.044","X","Chiffre de source externe",""
"OA","Séries temporelles annuelles","784","Émirats arabes unis","511","Population totale","3010","Population-Estimations","2023","2023","1000 No","10642.081","X","Chiffre de source externe",""
"OA","Séries temporelles annuelles","784","Émirats arabes unis","551","Population rurale","3010","Population-Estimations","2023","2023","1000 No","1244.904","X","Chiffre de source externe",""
"OA","Séries temporelles annuelles","784","Émirats arabes unis","561","Population urbaine","3010","Population-Estimations","2023","2023","1000 No","8941.577","X","Chiffre de source externe",""
"OA","Séries temporelles annuelles","218","Équateur","511","Population totale","3010","Population-Estimations","2023","2023","1000 No","17980.083","X","Chiffre de source externe",""
"OA","Séries temporelles annuelles","218","Équateur","551","Population rurale","3010","Population-Estimations","2023","2023","1000 No","6347.364","X","Chiffre de source externe",""
"OA","Séries temporelles annuelles","218","Équateur","561","Population urbaine","3010","Population-Estimations","2023","2023","1000 No","11681.07","X","Chiffre de source externe",""
"OA","Séries temporelles annuelles","232","Érythrée","511","Population totale","3010","Population-Estimations","2023","2023","1000 No","3470.39","X","Chiffre de source externe",""
"OA","Séries temporelles annuelles","232","Érythrée","551","Population rurale","3010","Population-Estimations","2023","2023","1000 No","3292.413","X","Chiffre de source externe",""
"OA","Séries temporelles annuelles","232","Érythrée","561","Population urbaine","3010","Population-Estimations","2023","2023","1000 No","2510.963","X","Chiffre de source externe",""
"OA","Séries temporelles annuelles","724","Espagne","511","Population totale","3010","Population-Estimations","2023","2023","1000 No","47911.579","X","Chiffre de source externe",""
"OA","Séries temporelles annuelles","724","Espagne","551","Population rurale","3010","Population-Estimations","2023","2023","1000 No","8557.3","X","Chiffre de source externe",""
"OA","Séries temporelles annuelles","724","Espagne","561","Population urbaine","3010","Population-Estimations","2023","2023","1000 No","37829.585","X","Chiffre de source externe",""
"OA","Séries temporelles annuelles","233","Estonie","511","Population totale","3010","Population-Estimations","2023","2023","1000 No","1367.196","X","Chiffre de source externe",""
"OA","Séries temporelles annuelles","233","Estonie","551","Population rurale","3010","Population-Estimations","2023","2023","1000 No","389.188","X","Chiffre de source externe",""
"OA","Séries temporelles annuelles","233","Estonie","561","Population urbaine","3010","Population-Estimations","2023","2023","1000 No","899.951","X","Chiffre de source externe",""
"OA","Séries temporelles annuelles","748","Eswatini","511","Population totale","3010","Population-Estimations","2023","2023","1000 No","1230.506","X","Chiffre de source externe",""
"OA","Séries temporelles annuelles","748","Eswatini","551","Population rurale","3010","Population-Estimations","2023","2023","1000 No","1135.344","X","Chiffre de source externe",""
"OA","Séries temporelles annuelles","748","Eswatini","561","Population urbaine","3010","Population-Estimations","2023","2023","1000 No","374.223","X","Chiffre de source externe",""
"OA","Séries temporelles annuelles","840","États-Unis d'Amérique","511","Population totale","3010","Population-Estimations","2023","2023","1000 No","343477.335","X","Chiffre de source externe",""
"OA","Séries temporelles annuelles","840","États-Unis d'Amérique","551","Population rurale","3010","Population-Estimations","2023","2023","1000 No","56539.549","X","Chiffre de source externe",""
"OA","Séries temporelles annuelles","840","États-Unis d'Amérique","561","Population urbaine","3010","Population-Estimations","2023","2023","1000 No","281984.165","X","Chiffre de source externe",""
"OA","Séries temporelles annuelles","231","Éthiopie","511","Population totale","3010","Population-Estimations","2023","2023","1000 No","128691.692","X","Chiffre de source externe",""
"OA","Séries temporelles annuelles","231","Éthiopie","551","Population rurale","3010","Population-Estimations","2023","2023","1000 No","92781.43","X","Chiffre de source externe",""
"OA","Séries temporelles annuelles","231","Éthiopie","561","Population urbaine","3010","Population-Estimations","2023","2023","1000 No","27959.894","X","Chiffre de source externe",""
"OA","Séries temporelles annuelles","643","Fédération de Russie","511","Population totale","3010","Population-Estimations","2023","2023","1000 No","145440.5","X","Chiffre de source externe",""
"OA","Séries temporelles annuelles","643","Fédération de Russie","551","Population rurale","3010","Population-Estimations","2023","2023","1000 No","35326.882","X","Chiffre de source externe",""
"OA","Séries temporelles annuelles","643","Fédération de Russie","561","Population urbaine","3010","Population-Estimations","2023","2023","1000 No","107876.661","X","Chiffre de source externe",""
"OA","Séries temporelles annuelles","242","Fidji","511","Population totale","3010","Population-Estimations","2023","2023","1000 No","924.145","X","Chiffre de source externe",""
"OA","Séries temporelles annuelles","242","Fidji","551","Population rurale","3010","Population-Estimations","2023","2023","1000 No","388.538","X","Chiffre de source externe",""
"OA","Séries temporelles annuelles","242","Fidji","561","Population urbaine","3010","Population-Estimations","2023","2023","1000 No","552.523","X","Chiffre de source externe",""
"OA","Séries temporelles annuelles","246","Finlande","511","Population totale","3010","Population-Estimations","2023","2023","1000 No","5601.185","X","Chiffre de source externe",""
"OA","Séries temporelles annuelles","246","Finlande","551","Population rurale","3010","Population-Estimations","2023","2023","1000 No","801.699","X","Chiffre de source externe",""
"OA","Séries temporelles annuelles","246","Finlande","561","Population urbaine","3010","Population-Estimations","2023","2023","1000 No","4833.463","X","Chiffre de source externe",""
"OA","Séries temporelles annuelles","250","France","511","Population totale","3010","Population-Estimations","2023","2023","1000 No","66438.822","X","Chiffre de source externe",""
"OA","Séries temporelles annuelles","250","France","551","Population rurale","3010","Population-Estimations","2023","2023","1000 No","12101.328","X","Chiffre de source externe",""
"OA","Séries temporelles annuelles","250","France","561","Population urbaine","3010","Population-Estimations","2023","2023","1000 No","54303.895","X","Chiffre de source externe",""
"OA","Séries temporelles annuelles","266","Gabon","511","Population totale","3010","Population-Estimations","2023","2023","1000 No","2484.789","X","Chiffre de source externe",""
"OA","Séries temporelles annuelles","266","Gabon","551","Population rurale","3010","Population-Estimations","2023","2023","1000 No","204.764","X","Chiffre de source externe",""
"OA","Séries temporelles annuelles","266","Gabon","561","Population urbaine","3010","Population-Estimations","2023","2023","1000 No","2077.77","X","Chiffre de source externe",""
"OA","Séries temporelles annuelles","270","Gambie","511","Population totale","3010","Population-Estimations","2023","2023","1000 No","2697.845","X","Chiffre de source externe",""
"OA","Séries temporelles annuelles","270","Gambie","551","Population rurale","3010","Population-Estimations","2023","2023","1000 No","886.748","X","Chiffre de source externe",""
"OA","Séries temporelles annuelles","270","Gambie","561","Population urbaine","3010","Population-Estimations","2023","2023","1000 No","1609.155","X","Chiffre de source externe",""
"OA","Séries temporelles annuelles","268","Géorgie","511","Population totale","3010","Population-Estimations","2023","2023","1000 No","3807.492","X","Chiffre de source externe",""
"OA","Séries temporelles annuelles","268","Géorgie","551","Population rurale","3010","Population-Estimations","2023","2023","1000 No","1516.251","X","Chiffre de source externe",""
"OA","Séries temporelles annuelles","268","Géorgie","561","Population urbaine","3010","Population-Estimations","2023","2023","1000 No","2344.532","X","Chiffre de source externe",""
"OA","Séries temporelles annuelles","288","Ghana","511","Population totale","3010","Population-Estimations","2023","2023","1000 No","33787.914","X","Chiffre de source externe",""
"OA","Séries temporelles annuelles","288","Ghana","551","Population rurale","3010","Population-Estimations","2023","2023","1000 No","13314.948","X","Chiffre de source externe",""
"OA","Séries temporelles annuelles","288","Ghana","561","Population urbaine","3010","Population-Estimations","2023","2023","1000 No","19350.121","X","Chiffre de source externe",""
"OA","Séries temporelles annuelles","292","Gibraltar","511","Population totale","3010","Population-Estimations","2023","2023","1000 No","38.471","X","Chiffre de source externe",""
"OA","Séries temporelles annuelles","292","Gibraltar","551","Population rurale","3010","Population-Estimations","2023","2023","1000 No","0","X","Chiffre de source externe",""
"OA","Séries temporelles annuelles","292","Gibraltar","561","Population urbaine","3010","Population-Estimations","2023","2023","1000 No","35.327","X","Chiffre de source externe",""
"OA","Séries temporelles annuelles","300","Grèce","511","Population totale","3010","Population-Estimations","2023","2023","1000 No","10242.908","X","Chiffre de source externe",""
"OA","Séries temporelles annuelles","300","Grèce","551","Population rurale","3010","Population-Estimations","2023","2023","1000 No","2128.24","X","Chiffre de source externe",""
"OA","Séries temporelles annuelles","300","Grèce","561","Population urbaine","3010","Population-Estimations","2023","2023","1000 No","8883.362","X","Chiffre de source externe",""
"OA","Séries temporelles annuelles","308","Grenade","511","Population totale","3010","Population-Estimations","2023","2023","1000 No","117.081","X","Chiffre de source externe",""
"OA","Séries temporelles annuelles","308","Grenade","551","Population rurale","3010","Population-Estimations","2023","2023","1000 No","69.585","X","Chiffre de source externe",""
"OA","Séries temporelles annuelles","308","Grenade","561","Population urbaine","3010","Population-Estimations","2023","2023","1000 No","40.971","X","Chiffre de source externe",""
"OA","Séries temporelles annuelles","304","Groenland","511","Population totale","3010","Population-Estimations","2023","2023","1000 No","55.922","X","Chiffre de source externe",""
"OA","Séries temporelles annuelles","304","Groenland","551","Population rurale","3010","Population-Estimations","2023","2023","1000 No","6.885","X","Chiffre de source externe",""
"OA","Séries temporelles annuelles","304","Groenland","561","Population urbaine","3010","Population-Estimations","2023","2023","1000 No","50.205","X","Chiffre de source externe",""
"OA","Séries temporelles annuelles","312","Guadeloupe","511","Population totale","3010","Population-Estimations","2023","2023","1000 No","376.517","X","Chiffre de source externe",""
"OA","Séries temporelles annuelles","312","Guadeloupe","551","Population rurale","3010","Population-Estimations","2023","2023","1000 No","6.527","X","Chiffre de source externe",""
"OA","Séries temporelles annuelles","312","Guadeloupe","561","Population urbaine","3010","Population-Estimations","2023","2023","1000 No","441","X","Chiffre de source externe",""
"OA","Séries temporelles annuelles","316","Guam","511","Population totale","3010","Population-Estimations","2023","2023","1000 No","166.506","X","Chiffre de source externe",""
"OA","Séries temporelles annuelles","316","Guam","551","Population rurale","3010","Population-Estimations","2023","2023","1000 No","8.351","X","Chiffre de source externe",""
"OA","Séries temporelles annuelles","316","Guam","561","Population urbaine","3010","Population-Estimations","2023","2023","1000 No","164.397","X","Chiffre de source externe",""
"OA","Séries temporelles annuelles","320","Guatemala","511","Population totale","3010","Population-Estimations","2023","2023","1000 No","18124.838","X","Chiffre de source externe",""
"OA","Séries temporelles annuelles","320","Guatemala","551","Population rurale","3010","Population-Estimations","2023","2023","1000 No","8868.988","X","Chiffre de source externe",""
"OA","Séries temporelles annuelles","320","Guatemala","561","Population urbaine","3010","Population-Estimations","2023","2023","1000 No","10040.727","X","Chiffre de source externe",""
"OA","Séries temporelles annuelles","324","Guinée","511","Population totale","3010","Population-Estimations","2023","2023","1000 No","14405.468","X","Chiffre de source externe",""
"OA","Séries temporelles annuelles","324","Guinée","551","Population rurale","3010","Population-Estimations","2023","2023","1000 No","9192.61","X","Chiffre de source externe",""
"OA","Séries temporelles annuelles","324","Guinée","561","Population urbaine","3010","Population-Estimations","2023","2023","1000 No","5654.534","X","Chiffre de source externe",""
"OA","Séries temporelles annuelles","226","Guinée équatoriale","511","Population totale","3010","Population-Estimations","2023","2023","1000 No","1847.549","X","Chiffre de source externe",""
"OA","Séries temporelles annuelles","226","Guinée équatoriale","551","Population rurale","3010","Population-Estimations","2023","2023","1000 No","394.576","X","Chiffre de source externe",""
"OA","Séries temporelles annuelles","226","Guinée équatoriale","561","Population urbaine","3010","Population-Estimations","2023","2023","1000 No","1149.627","X","Chiffre de source externe",""
"OA","Séries temporelles annuelles","624","Guinée-Bissau","511","Population totale","3010","Population-Estimations","2023","2023","1000 No","2153.339","X","Chiffre de source externe",""
"OA","Séries temporelles annuelles","624","Guinée-Bissau","551","Population rurale","3010","Population-Estimations","2023","2023","1000 No","1169.345","X","Chiffre de source externe",""
"OA","Séries temporelles annuelles","624","Guinée-Bissau","561","Population urbaine","3010","Population-Estimations","2023","2023","1000 No","974.902","X","Chiffre de source externe",""
"OA","Séries temporelles annuelles","328","Guyana","511","Population totale","3010","Population-Estimations","2023","2023","1000 No","826.353","X","Chiffre de source externe",""
"OA","Séries temporelles annuelles","328","Guyana","551","Population rurale","3010","Population-Estimations","2023","2023","1000 No","584.976","X","Chiffre de source externe",""
"OA","Séries temporelles annuelles","328","Guyana","561","Population urbaine","3010","Population-Estimations","2023","2023","1000 No","218.143","X","Chiffre de source externe",""
"OA","Séries temporelles annuelles","254","Guyane française","511","Population totale","3010","Population-Estimations","2023","2023","1000 No","303.402","X","Chiffre de source externe",""
"OA","Séries temporelles annuelles","254","Guyane française","551","Population rurale","3010","Population-Estimations","2023","2023","1000 No","43.894","X","Chiffre de source externe",""
"OA","Séries temporelles annuelles","254","Guyane française","561","Population urbaine","3010","Population-Estimations","2023","2023","1000 No","281.92","X","Chiffre de source externe",""
"OA","Séries temporelles annuelles","332","Haïti","511","Population totale","3010","Population-Estimations","2023","2023","1000 No","11637.398","X","Chiffre de source externe",""
"OA","Séries temporelles annuelles","332","Haïti","551","Population rurale","3010","Population-Estimations","2023","2023","1000 No","4738.874","X","Chiffre de source externe",""
"OA","Séries temporelles annuelles","332","Haïti","561","Population urbaine","3010","Population-Estimations","2023","2023","1000 No","7007.289","X","Chiffre de source externe",""
"OA","Séries temporelles annuelles","340","Honduras","511","Population totale","3010","Population-Estimations","2023","2023","1000 No","10644.851","X","Chiffre de source externe",""
"OA","Séries temporelles annuelles","340","Honduras","551","Population rurale","3010","Population-Estimations","2023","2023","1000 No","4044.279","X","Chiffre de source externe",""
"OA","Séries temporelles annuelles","340","Honduras","561","Population urbaine","3010","Population-Estimations","2023","2023","1000 No","6120.36","X","Chiffre de source externe",""
"OA","Séries temporelles annuelles","348","Hongrie","511","Population totale","3010","Population-Estimations","2023","2023","1000 No","9686.463","X","Chiffre de source externe",""
"OA","Séries temporelles annuelles","348","Hongrie","551","Population rurale","3010","Population-Estimations","2023","2023","1000 No","2581.915","X","Chiffre de source externe",""
"OA","Séries temporelles annuelles","348","Hongrie","561","Population urbaine","3010","Population-Estimations","2023","2023","1000 No","6932.703","X","Chiffre de source externe",""
"OA","Séries temporelles annuelles","833","Île de Man","511","Population totale","3010","Population-Estimations","2023","2023","1000 No","84.165","X","Chiffre de source externe",""
"OA","Séries temporelles annuelles","833","Île de Man","551","Population rurale","3010","Population-Estimations","2023","2023","1000 No","40.666","X","Chiffre de source externe",""
"OA","Séries temporelles annuelles","833","Île de Man","561","Population urbaine","3010","Population-Estimations","2023","2023","1000 No","46.753","X","Chiffre de source externe",""
"OA","Séries temporelles annuelles","830","Îles Anglo-Normandes","551","Population rurale","3010","Population-Estimations","2023","2023","1000 No","116.84","X","Chiffre de source externe",""
"OA","Séries temporelles annuelles","830","Îles Anglo-Normandes","561","Population urbaine","3010","Population-Estimations","2023","2023","1000 No","52.884","X","Chiffre de source externe",""
"OA","Séries temporelles annuelles","136","Îles Caïmanes","511","Population totale","3010","Population-Estimations","2023","2023","1000 No","73.038","X","Chiffre de source externe",""
"OA","Séries temporelles annuelles","136","Îles Caïmanes","551","Population rurale","3010","Population-Estimations","2023","2023","1000 No","0","X","Chiffre de source externe",""
"OA","Séries temporelles annuelles","136","Îles Caïmanes","561","Population urbaine","3010","Population-Estimations","2023","2023","1000 No","66.135","X","Chiffre de source externe",""
"OA","Séries temporelles annuelles","184","Îles Cook","511","Population totale","3010","Population-Estimations","2023","2023","1000 No","14.222","X","Chiffre de source externe",""
"OA","Séries temporelles annuelles","184","Îles Cook","551","Population rurale","3010","Population-Estimations","2023","2023","1000 No","4.2","X","Chiffre de source externe",""
"OA","Séries temporelles annuelles","184","Îles Cook","561","Population urbaine","3010","Population-Estimations","2023","2023","1000 No","13.43","X","Chiffre de source externe",""
"OA","Séries temporelles annuelles","238","Îles Falkland (Malvinas)","511","Population totale","3010","Population-Estimations","2023","2023","1000 No","3.477","X","Chiffre de source externe",""
"OA","Séries temporelles annuelles","238","Îles Falkland (Malvinas)","551","Population rurale","3010","Population-Estimations","2023","2023","1000 No","0.595","X","Chiffre de source externe",""
"OA","Séries temporelles annuelles","238","Îles Falkland (Malvinas)","561","Population urbaine","3010","Population-Estimations","2023","2023","1000 No","2.334","X","Chiffre de source externe",""
"OA","Séries temporelles annuelles","234","Îles Féroé","511","Population totale","3010","Population-Estimations","2023","2023","1000 No","54.714","X","Chiffre de source externe",""
"OA","Séries temporelles annuelles","234","Îles Féroé","551","Population rurale","3010","Population-Estimations","2023","2023","1000 No","28.796","X","Chiffre de source externe",""
"OA","Séries temporelles annuelles","234","Îles Féroé","561","Population urbaine","3010","Population-Estimations","2023","2023","1000 No","21.711","X","Chiffre de source externe",""
"OA","Séries temporelles annuelles","580","Îles Mariannes du Nord","511","Population totale","3010","Population-Estimations","2023","2023","1000 No","45.143","X","Chiffre de source externe",""
"OA","Séries temporelles annuelles","580","Îles Mariannes du Nord","551","Population rurale","3010","Population-Estimations","2023","2023","1000 No","4.419","X","Chiffre de source externe",""
"OA","Séries temporelles annuelles","580","Îles Mariannes du Nord","561","Population urbaine","3010","Population-Estimations","2023","2023","1000 No","51.346","X","Chiffre de source externe",""
"OA","Séries temporelles annuelles","584","Îles Marshall","511","Population totale","3010","Population-Estimations","2023","2023","1000 No","38.827","X","Chiffre de source externe",""
"OA","Séries temporelles annuelles","584","Îles Marshall","551","Population rurale","3010","Population-Estimations","2023","2023","1000 No","11.284","X","Chiffre de source externe",""
"OA","Séries temporelles annuelles","584","Îles Marshall","561","Population urbaine","3010","Population-Estimations","2023","2023","1000 No","42.116","X","Chiffre de source externe",""
"OA","Séries temporelles annuelles","090","Îles Salomon","511","Population totale","3010","Population-Estimations","2023","2023","1000 No","800.005","X","Chiffre de source externe",""
"OA","Séries temporelles annuelles","090","Îles Salomon","551","Population rurale","3010","Population-Estimations","2023","2023","1000 No","505.804","X","Chiffre de source externe",""
"OA","Séries temporelles annuelles","090","Îles Salomon","561","Population urbaine","3010","Population-Estimations","2023","2023","1000 No","178.057","X","Chiffre de source externe",""
"OA","Séries temporelles annuelles","796","Îles Turques-et-Caïques","511","Population totale","3010","Population-Estimations","2023","2023","1000 No","46.198","X","Chiffre de source externe",""
"OA","Séries temporelles annuelles","796","Îles Turques-et-Caïques","551","Population rurale","3010","Population-Estimations","2023","2023","1000 No","2.209","X","Chiffre de source externe",""
"OA","Séries temporelles annuelles","796","Îles Turques-et-Caïques","561","Population urbaine","3010","Population-Estimations","2023","2023","1000 No","36.185","X","Chiffre de source externe",""
"OA","Séries temporelles annuelles","850","Îles Vierges américaines","511","Population totale","3010","Population-Estimations","2023","2023","1000 No","85.701","X","Chiffre de source externe",""
"OA","Séries temporelles annuelles","850","Îles Vierges américaines","551","Population rurale","3010","Population-Estimations","2023","2023","1000 No","3.936","X","Chiffre de source externe",""
"OA","Séries temporelles annuelles","850","Îles Vierges américaines","561","Population urbaine","3010","Population-Estimations","2023","2023","1000 No","100.394","X","Chiffre de source externe",""
"OA","Séries temporelles annuelles","092","Îles Vierges britanniques","511","Population totale","3010","Population-Estimations","2023","2023","1000 No","38.985","X","Chiffre de source externe",""
"OA","Séries temporelles annuelles","092","Îles Vierges britanniques","551","Population rurale","3010","Population-Estimations","2023","2023","1000 No","16.886","X","Chiffre de source externe",""
"OA","Séries temporelles annuelles","092","Îles Vierges britanniques","561","Population urbaine","3010","Population-Estimations","2023","2023","1000 No","16.717","X","Chiffre de source externe",""
"OA","Séries temporelles annuelles","876","Îles Wallis-et-Futuna","511","Population totale","3010","Population-Estimations","2023","2023","1000 No","11.37","X","Chiffre de source externe",""
"OA","Séries temporelles annuelles","876","Îles Wallis-et-Futuna","551","Population rurale","3010","Population-Estimations","2023","2023","1000 No","11.415","X","Chiffre de source externe",""
"OA","Séries temporelles annuelles","876","Îles Wallis-et-Futuna","561","Population urbaine","3010","Population-Estimations","2023","2023","1000 No","0","X","Chiffre de source externe",""
"OA","Séries temporelles annuelles","356","Inde","511","Population totale","3010","Population-Estimations","2023","2023","1000 No","1438069.596","X","Chiffre de source externe",""
"OA","Séries temporelles annuelles","356","Inde","551","Population rurale","3010","Population-Estimations","2023","2023","1000 No","906919.359","X","Chiffre de source externe",""
"OA","Séries temporelles annuelles","356","Inde","561","Population urbaine","3010","Population-Estimations","2023","2023","1000 No","518239.122","X","Chiffre de source externe",""
"OA","Séries temporelles annuelles","360","Indonésie","511","Population totale","3010","Population-Estimations","2023","2023","1000 No","281190.067","X","Chiffre de source externe",""
"OA","Séries temporelles annuelles","360","Indonésie","551","Population rurale","3010","Population-Estimations","2023","2023","1000 No","115970.606","X","Chiffre de source externe",""
"OA","Séries temporelles annuelles","360","Indonésie","561","Population urbaine","3010","Population-Estimations","2023","2023","1000 No","163963.233","X","Chiffre de source externe",""
"OA","Séries temporelles annuelles","364","Iran (République islamique d')","511","Population totale","3010","Population-Estimations","2023","2023","1000 No","90608.707","X","Chiffre de source externe",""
"OA","Séries temporelles annuelles","364","Iran (République islamique d')","551","Population rurale","3010","Population-Estimations","2023","2023","1000 No","19469.648","X","Chiffre de source externe",""
"OA","Séries temporelles annuelles","364","Iran (République islamique d')","561","Population urbaine","3010","Population-Estimations","2023","2023","1000 No","66139.22","X","Chiffre de source externe",""
"OA","Séries temporelles annuelles","368","Iraq","511","Population totale","3010","Population-Estimations","2023","2023","1000 No","45074.049","X","Chiffre de source externe",""
"OA","Séries temporelles annuelles","368","Iraq","551","Population rurale","3010","Population-Estimations","2023","2023","1000 No","12745.184","X","Chiffre de source externe",""
"OA","Séries temporelles annuelles","368","Iraq","561","Population urbaine","3010","Population-Estimations","2023","2023","1000 No","32130.222","X","Chiffre de source externe",""
"OA","Séries temporelles annuelles","372","Irlande","511","Population totale","3010","Population-Estimations","2023","2023","1000 No","5196.63","X","Chiffre de source externe",""
"OA","Séries temporelles annuelles","372","Irlande","551","Population rurale","3010","Population-Estimations","2023","2023","1000 No","1775.586","X","Chiffre de source externe",""
"OA","Séries temporelles annuelles","372","Irlande","561","Population urbaine","3010","Population-Estimations","2023","2023","1000 No","3221.262","X","Chiffre de source externe",""
"OA","Séries temporelles annuelles","352","Islande","511","Population totale","3010","Population-Estimations","2023","2023","1000 No","387.558","X","Chiffre de source externe",""
"OA","Séries temporelles annuelles","352","Islande","551","Population rurale","3010","Population-Estimations","2023","2023","1000 No","20.889","X","Chiffre de source externe",""
"OA","Séries temporelles annuelles","352","Islande","561","Population urbaine","3010","Population-Estimations","2023","2023","1000 No","329.708","X","Chiffre de source externe",""
"OA","Séries temporelles annuelles","376","Israël","511","Population totale","3010","Population-Estimations","2023","2023","1000 No","9256.314","X","Chiffre de source externe",""
"OA","Séries temporelles annuelles","376","Israël","551","Population rurale","3010","Population-Estimations","2023","2023","1000 No","650.025","X","Chiffre de source externe",""
"OA","Séries temporelles annuelles","376","Israël","561","Population urbaine","3010","Population-Estimations","2023","2023","1000 No","8445.858","X","Chiffre de source externe",""
"OA","Séries temporelles annuelles","380","Italie","511","Population totale","3010","Population-Estimations","2023","2023","1000 No","59499.453","X","Chiffre de source externe",""
"OA","Séries temporelles annuelles","380","Italie","551","Population rurale","3010","Population-Estimations","2023","2023","1000 No","16489.348","X","Chiffre de source externe",""
"OA","Séries temporelles annuelles","380","Italie","561","Population urbaine","3010","Population-Estimations","2023","2023","1000 No","42343.688","X","Chiffre de source externe",""
"OA","Séries temporelles annuelles","388","Jamaïque","511","Population totale","3010","Population-Estimations","2023","2023","1000 No","2839.786","X","Chiffre de source externe",""
"OA","Séries temporelles annuelles","388","Jamaïque","551","Population rurale","3010","Population-Estimations","2023","2023","1000 No","1248.173","X","Chiffre de source externe",""
"OA","Séries temporelles annuelles","388","Jamaïque","561","Population urbaine","3010","Population-Estimations","2023","2023","1000 No","1680.272","X","Chiffre de source externe",""
"OA","Séries temporelles annuelles","392","Japon","511","Population totale","3010","Population-Estimations","2023","2023","1000 No","124370.947","X","Chiffre de source externe",""
"OA","Séries temporelles annuelles","392","Japon","551","Population rurale","3010","Population-Estimations","2023","2023","1000 No","9966.311","X","Chiffre de source externe",""
"OA","Séries temporelles annuelles","392","Japon","561","Population urbaine","3010","Population-Estimations","2023","2023","1000 No","115292.289","X","Chiffre de source externe",""
"OA","Séries temporelles annuelles","400","Jordanie","511","Population totale","3010","Population-Estimations","2023","2023","1000 No","11439.213","X","Chiffre de source externe",""
"OA","Séries temporelles annuelles","400","Jordanie","551","Population rurale","3010","Population-Estimations","2023","2023","1000 No","835.849","X","Chiffre de source externe",""
"OA","Séries temporelles annuelles","400","Jordanie","561","Population urbaine","3010","Population-Estimations","2023","2023","1000 No","9638.086","X","Chiffre de source externe",""
"OA","Séries temporelles annuelles","398","Kazakhstan","511","Population totale","3010","Population-Estimations","2023","2023","1000 No","20330.104","X","Chiffre de source externe",""
"OA","Séries temporelles annuelles","398","Kazakhstan","551","Population rurale","3010","Population-Estimations","2023","2023","1000 No","8070.172","X","Chiffre de source externe",""
"OA","Séries temporelles annuelles","398","Kazakhstan","561","Population urbaine","3010","Population-Estimations","2023","2023","1000 No","11226.799","X","Chiffre de source externe",""
"OA","Séries temporelles annuelles","404","Kenya","511","Population totale","3010","Population-Estimations","2023","2023","1000 No","55339.002","X","Chiffre de source externe",""
"OA","Séries temporelles annuelles","404","Kenya","551","Population rurale","3010","Population-Estimations","2023","2023","1000 No","40451.978","X","Chiffre de source externe",""
"OA","Séries temporelles annuelles","404","Kenya","561","Population urbaine","3010","Population-Estimations","2023","2023","1000 No","16943.167","X","Chiffre de source externe",""
"OA","Séries temporelles annuelles","417","Kirghizistan","511","Population totale","3010","Population-Estimations","2023","2023","1000 No","7073.516","X","Chiffre de source externe",""
"OA","Séries temporelles annuelles","417","Kirghizistan","551","Population rurale","3010","Population-Estimations","2023","2023","1000 No","4063.718","X","Chiffre de source externe",""
"OA","Séries temporelles annuelles","417","Kirghizistan","561","Population urbaine","3010","Population-Estimations","2023","2023","1000 No","2469.676","X","Chiffre de source externe",""
"OA","Séries temporelles annuelles","296","Kiribati","511","Population totale","3010","Population-Estimations","2023","2023","1000 No","132.53","X","Chiffre de source externe",""
"OA","Séries temporelles annuelles","296","Kiribati","551","Population rurale","3010","Population-Estimations","2023","2023","1000 No","54.228","X","Chiffre de source externe",""
"OA","Séries temporelles annuelles","296","Kiribati","561","Population urbaine","3010","Population-Estimations","2023","2023","1000 No","74.16","X","Chiffre de source externe",""
"OA","Séries temporelles annuelles","414","Koweït","511","Population totale","3010","Population-Estimations","2023","2023","1000 No","4838.782","X","Chiffre de source externe",""
"OA","Séries temporelles annuelles","414","Koweït","551","Population rurale","3010","Population-Estimations","2023","2023","1000 No","0","X","Chiffre de source externe",""
"OA","Séries temporelles annuelles","414","Koweït","561","Population urbaine","3010","Population-Estimations","2023","2023","1000 No","4483.898","X","Chiffre de source externe",""
"OA","Séries temporelles annuelles","426","Lesotho","511","Population totale","3010","Population-Estimations","2023","2023","1000 No","2311.472","X","Chiffre de source externe",""
"OA","Séries temporelles annuelles","426","Lesotho","551","Population rurale","3010","Population-Estimations","2023","2023","1000 No","1676.472","X","Chiffre de source externe",""
"OA","Séries temporelles annuelles","426","Lesotho","561","Population urbaine","3010","Population-Estimations","2023","2023","1000 No","732.775","X","Chiffre de source externe",""
"OA","Séries temporelles annuelles","428","Lettonie","511","Population totale","3010","Population-Estimations","2023","2023","1000 No","1882.396","X","Chiffre de source externe",""
"OA","Séries temporelles annuelles","428","Lettonie","551","Population rurale","3010","Population-Estimations","2023","2023","1000 No","577.282","X","Chiffre de source externe",""
"OA","Séries temporelles annuelles","428","Lettonie","561","Population urbaine","3010","Population-Estimations","2023","2023","1000 No","1265.376","X","Chiffre de source externe",""
"OA","Séries temporelles annuelles","422","Liban","511","Population totale","3010","Population-Estimations","2023","2023","1000 No","5773.493","X","Chiffre de source externe",""
"OA","Séries temporelles annuelles","422","Liban","551","Population rurale","3010","Population-Estimations","2023","2023","1000 No","611.114","X","Chiffre de source externe",""
"OA","Séries temporelles annuelles","422","Liban","561","Population urbaine","3010","Population-Estimations","2023","2023","1000 No","5171.646","X","Chiffre de source externe",""
"OA","Séries temporelles annuelles","430","Libéria","511","Population totale","3010","Population-Estimations","2023","2023","1000 No","5493.031","X","Chiffre de source externe",""
"OA","Séries temporelles annuelles","430","Libéria","551","Population rurale","3010","Population-Estimations","2023","2023","1000 No","2552.037","X","Chiffre de source externe",""
"OA","Séries temporelles annuelles","430","Libéria","561","Population urbaine","3010","Population-Estimations","2023","2023","1000 No","2944.14","X","Chiffre de source externe",""
"OA","Séries temporelles annuelles","434","Libye","511","Population totale","3010","Population-Estimations","2023","2023","1000 No","7305.659","X","Chiffre de source externe",""
"OA","Séries temporelles annuelles","434","Libye","551","Population rurale","3010","Population-Estimations","2023","2023","1000 No","1268.203","X","Chiffre de source externe",""
"OA","Séries temporelles annuelles","434","Libye","561","Population urbaine","3010","Population-Estimations","2023","2023","1000 No","5626.565","X","Chiffre de source externe",""
"OA","Séries temporelles annuelles","438","Liechtenstein","511","Population totale","3010","Population-Estimations","2023","2023","1000 No","39.598","X","Chiffre de source externe",""
"OA","Séries temporelles annuelles","438","Liechtenstein","551","Population rurale","3010","Population-Estimations","2023","2023","1000 No","33.614","X","Chiffre de source externe",""
"OA","Séries temporelles annuelles","438","Liechtenstein","561","Population urbaine","3010","Population-Estimations","2023","2023","1000 No","5.754","X","Chiffre de source externe",""
"OA","Séries temporelles annuelles","440","Lituanie","511","Population totale","3010","Population-Estimations","2023","2023","1000 No","2854.099","X","Chiffre de source externe",""
"OA","Séries temporelles annuelles","440","Lituanie","551","Population rurale","3010","Population-Estimations","2023","2023","1000 No","881.015","X","Chiffre de source externe",""
"OA","Séries temporelles annuelles","440","Lituanie","561","Population urbaine","3010","Population-Estimations","2023","2023","1000 No","1933.23","X","Chiffre de source externe",""
"OA","Séries temporelles annuelles","442","Luxembourg","511","Population totale","3010","Population-Estimations","2023","2023","1000 No","665.098","X","Chiffre de source externe",""
"OA","Séries temporelles annuelles","442","Luxembourg","551","Population rurale","3010","Population-Estimations","2023","2023","1000 No","49.652","X","Chiffre de source externe",""
"OA","Séries temporelles annuelles","442","Luxembourg","561","Population urbaine","3010","Population-Estimations","2023","2023","1000 No","577.139","X","Chiffre de source externe",""
"OA","Séries temporelles annuelles","807","Macédoine du Nord","511","Population totale","3010","Population-Estimations","2023","2023","1000 No","1831.802","X","Chiffre de source externe",""
"OA","Séries temporelles annuelles","807","Macédoine du Nord","551","Population rurale","3010","Population-Estimations","2023","2023","1000 No","846.7","X","Chiffre de source externe",""
"OA","Séries temporelles annuelles","807","Macédoine du Nord","561","Population urbaine","3010","Population-Estimations","2023","2023","1000 No","1242.855","X","Chiffre de source externe",""
"OA","Séries temporelles annuelles","450","Madagascar","511","Population totale","3010","Population-Estimations","2023","2023","1000 No","31195.932","X","Chiffre de source externe",""
"OA","Séries temporelles annuelles","450","Madagascar","551","Population rurale","3010","Population-Estimations","2023","2023","1000 No","17796.275","X","Chiffre de source externe",""
"OA","Séries temporelles annuelles","450","Madagascar","561","Population urbaine","3010","Population-Estimations","2023","2023","1000 No","12141.777","X","Chiffre de source externe",""
"OA","Séries temporelles annuelles","458","Malaisie","511","Population totale","3010","Population-Estimations","2023","2023","1000 No","35126.298","X","Chiffre de source externe",""
"OA","Séries temporelles annuelles","458","Malaisie","551","Population rurale","3010","Population-Estimations","2023","2023","1000 No","7264.482","X","Chiffre de source externe",""
"OA","Séries temporelles annuelles","458","Malaisie","561","Population urbaine","3010","Population-Estimations","2023","2023","1000 No","26866.688","X","Chiffre de source externe",""
"OA","Séries temporelles annuelles","454","Malawi","511","Population totale","3010","Population-Estimations","2023","2023","1000 No","21104.482","X","Chiffre de source externe",""
"OA","Séries temporelles annuelles","454","Malawi","551","Population rurale","3010","Population-Estimations","2023","2023","1000 No","18013.68","X","Chiffre de source externe",""
"OA","Séries temporelles annuelles","454","Malawi","561","Population urbaine","3010","Population-Estimations","2023","2023","1000 No","4029.578","X","Chiffre de source externe",""
"OA","Séries temporelles annuelles","462","Maldives","511","Population totale","3010","Population-Estimations","2023","2023","1000 No","525.994","X","Chiffre de source externe",""
"OA","Séries temporelles annuelles","462","Maldives","551","Population rurale","3010","Population-Estimations","2023","2023","1000 No","277.674","X","Chiffre de source externe",""
"OA","Séries temporelles annuelles","462","Maldives","561","Population urbaine","3010","Population-Estimations","2023","2023","1000 No","200.834","X","Chiffre de source externe",""
"OA","Séries temporelles annuelles","466","Mali","511","Population totale","3010","Population-Estimations","2023","2023","1000 No","23769.127","X","Chiffre de source externe",""
"OA","Séries temporelles annuelles","466","Mali","551","Population rurale","3010","Population-Estimations","2023","2023","1000 No","11920.604","X","Chiffre de source externe",""
"OA","Séries temporelles annuelles","466","Mali","561","Population urbaine","3010","Population-Estimations","2023","2023","1000 No","10232.281","X","Chiffre de source externe",""
"OA","Séries temporelles annuelles","470","Malte","511","Population totale","3010","Population-Estimations","2023","2023","1000 No","532.956","X","Chiffre de source externe",""
"OA","Séries temporelles annuelles","470","Malte","551","Population rurale","3010","Population-Estimations","2023","2023","1000 No","22.134","X","Chiffre de source externe",""
"OA","Séries temporelles annuelles","470","Malte","561","Population urbaine","3010","Population-Estimations","2023","2023","1000 No","415.375","X","Chiffre de source externe",""
"OA","Séries temporelles annuelles","504","Maroc","511","Population totale","3010","Population-Estimations","2023","2023","1000 No","37712.505","X","Chiffre de source externe",""
"OA","Séries temporelles annuelles","504","Maroc","551","Population rurale","3010","Population-Estimations","2023","2023","1000 No","13365.371","X","Chiffre de source externe",""
"OA","Séries temporelles annuelles","504","Maroc","561","Population urbaine","3010","Population-Estimations","2023","2023","1000 No","24954.355","X","Chiffre de source externe",""
"OA","Séries temporelles annuelles","474","Martinique","511","Population totale","3010","Population-Estimations","2023","2023","1000 No","346.002","X","Chiffre de source externe",""
"OA","Séries temporelles annuelles","474","Martinique","551","Population rurale","3010","Population-Estimations","2023","2023","1000 No","41.044","X","Chiffre de source externe",""
"OA","Séries temporelles annuelles","474","Martinique","561","Population urbaine","3010","Population-Estimations","2023","2023","1000 No","344.019","X","Chiffre de source externe",""
"OA","Séries temporelles annuelles","480","Maurice","511","Population totale","3010","Population-Estimations","2023","2023","1000 No","1273.588","X","Chiffre de source externe",""
"OA","Séries temporelles annuelles","480","Maurice","551","Population rurale","3010","Population-Estimations","2023","2023","1000 No","757.089","X","Chiffre de source externe",""
"OA","Séries temporelles annuelles","480","Maurice","561","Population urbaine","3010","Population-Estimations","2023","2023","1000 No","523.224","X","Chiffre de source externe",""
"OA","Séries temporelles annuelles","478","Mauritanie","511","Population totale","3010","Population-Estimations","2023","2023","1000 No","5022.441","X","Chiffre de source externe",""
"OA","Séries temporelles annuelles","478","Mauritanie","551","Population rurale","3010","Population-Estimations","2023","2023","1000 No","2182.785","X","Chiffre de source externe",""
"OA","Séries temporelles annuelles","478","Mauritanie","561","Population urbaine","3010","Population-Estimations","2023","2023","1000 No","2977.287","X","Chiffre de source externe",""
"OA","Séries temporelles annuelles","175","Mayotte","511","Population totale","3010","Population-Estimations","2023","2023","1000 No","316.015","X","Chiffre de source externe",""
"OA","Séries temporelles annuelles","175","Mayotte","551","Population rurale","3010","Population-Estimations","2023","2023","1000 No","160.272","X","Chiffre de source externe",""
"OA","Séries temporelles annuelles","175","Mayotte","561","Population urbaine","3010","Population-Estimations","2023","2023","1000 No","133.282","X","Chiffre de source externe",""
"OA","Séries temporelles annuelles","484","Mexique","511","Population totale","3010","Population-Estimations","2023","2023","1000 No","129739.759","X","Chiffre de source externe",""
"OA","Séries temporelles annuelles","484","Mexique","551","Population rurale","3010","Population-Estimations","2023","2023","1000 No","25476.737","X","Chiffre de source externe",""
"OA","Séries temporelles annuelles","484","Mexique","561","Population urbaine","3010","Population-Estimations","2023","2023","1000 No","112846.229","X","Chiffre de source externe",""
"OA","Séries temporelles annuelles","583","Micronésie (États fédérés de)","511","Population totale","3010","Population-Estimations","2023","2023","1000 No","112.63","X","Chiffre de source externe",""
"OA","Séries temporelles annuelles","583","Micronésie (États fédérés de)","551","Population rurale","3010","Population-Estimations","2023","2023","1000 No","84.565","X","Chiffre de source externe",""
"OA","Séries temporelles annuelles","583","Micronésie (États fédérés de)","561","Population urbaine","3010","Population-Estimations","2023","2023","1000 No","25.802","X","Chiffre de source externe",""
"OA","Séries temporelles annuelles","492","Monaco","511","Population totale","3010","Population-Estimations","2023","2023","1000 No","38.956","X","Chiffre de source externe",""
"OA","Séries temporelles annuelles","492","Monaco","551","Population rurale","3010","Population-Estimations","2023","2023","1000 No","0","X","Chiffre de source externe",""
"OA","Séries temporelles annuelles","492","Monaco","561","Population urbaine","3010","Population-Estimations","2023","2023","1000 No","39.89","X","Chiffre de source externe",""
"OA","Séries temporelles annuelles","496","Mongolie","511","Population totale","3010","Population-Estimations","2023","2023","1000 No","3431.932","X","Chiffre de source externe",""
"OA","Séries temporelles annuelles","496","Mongolie","551","Population rurale","3010","Population-Estimations","2023","2023","1000 No","1029.267","X","Chiffre de source externe",""
"OA","Séries temporelles annuelles","496","Mongolie","561","Population urbaine","3010","Population-Estimations","2023","2023","1000 No","2300.479","X","Chiffre de source externe",""
"OA","Séries temporelles annuelles","499","Monténégro","511","Population totale","3010","Population-Estimations","2023","2023","1000 No","633.552","X","Chiffre de source externe",""
"OA","Séries temporelles annuelles","499","Monténégro","551","Population rurale","3010","Population-Estimations","2023","2023","1000 No","198.088","X","Chiffre de source externe",""
"OA","Séries temporelles annuelles","499","Monténégro","561","Population urbaine","3010","Population-Estimations","2023","2023","1000 No","430.805","X","Chiffre de source externe",""
"OA","Séries temporelles annuelles","500","Montserrat","511","Population totale","3010","Population-Estimations","2023","2023","1000 No","4.42","X","Chiffre de source externe",""
"OA","Séries temporelles annuelles","500","Montserrat","551","Population rurale","3010","Population-Estimations","2023","2023","1000 No","4.804","X","Chiffre de source externe",""
"OA","Séries temporelles annuelles","500","Montserrat","561","Population urbaine","3010","Population-Estimations","2023","2023","1000 No","0.49","X","Chiffre de source externe",""
"OA","Séries temporelles annuelles","508","Mozambique","511","Population totale","3010","Population-Estimations","2023","2023","1000 No","33635.16","X","Chiffre de source externe",""
"OA","Séries temporelles annuelles","508","Mozambique","551","Population rurale","3010","Population-Estimations","2023","2023","1000 No","21516.806","X","Chiffre de source externe",""
"OA","Séries temporelles annuelles","508","Mozambique","561","Population urbaine","3010","Population-Estimations","2023","2023","1000 No","13614.614","X","Chiffre de source externe",""
"OA","Séries temporelles annuelles","104","Myanmar","511","Population totale","3010","Population-Estimations","2023","2023","1000 No","54133.798","X","Chiffre de source externe",""
"OA","Séries temporelles annuelles","104","Myanmar","551","Population rurale","3010","Population-Estimations","2023","2023","1000 No","38122.975","X","Chiffre de source externe",""
"OA","Séries temporelles annuelles","104","Myanmar","561","Population urbaine","3010","Population-Estimations","2023","2023","1000 No","18032.802","X","Chiffre de source externe",""
"OA","Séries temporelles annuelles","516","Namibie","511","Population totale","3010","Population-Estimations","2023","2023","1000 No","2963.095","X","Chiffre de source externe",""
"OA","Séries temporelles annuelles","516","Namibie","551","Population rurale","3010","Population-Estimations","2023","2023","1000 No","1290.516","X","Chiffre de source externe",""
"OA","Séries temporelles annuelles","516","Namibie","561","Population urbaine","3010","Population-Estimations","2023","2023","1000 No","1570.077","X","Chiffre de source externe",""
"OA","Séries temporelles annuelles","520","Nauru","511","Population totale","3010","Population-Estimations","2023","2023","1000 No","11.875","X","Chiffre de source externe",""
"OA","Séries temporelles annuelles","520","Nauru","551","Population rurale","3010","Population-Estimations","2023","2023","1000 No","0","X","Chiffre de source externe",""
"OA","Séries temporelles annuelles","520","Nauru","561","Population urbaine","3010","Population-Estimations","2023","2023","1000 No","11.261","X","Chiffre de source externe",""
"OA","Séries temporelles annuelles","524","Népal","511","Population totale","3010","Population-Estimations","2023","2023","1000 No","29694.614","X","Chiffre de source externe",""
"OA","Séries temporelles annuelles","524","Népal","551","Population rurale","3010","Population-Estimations","2023","2023","1000 No","24372.262","X","Chiffre de source externe",""
"OA","Séries temporelles annuelles","524","Népal","561","Population urbaine","3010","Population-Estimations","2023","2023","1000 No","6835.484","X","Chiffre de source externe",""
"OA","Séries temporelles annuelles","558","Nicaragua","511","Population totale","3010","Population-Estimations","2023","2023","1000 No","6823.613","X","Chiffre de source externe",""
"OA","Séries temporelles annuelles","558","Nicaragua","551","Population rurale","3010","Population-Estimations","2023","2023","1000 No","2652.58","X","Chiffre de source externe",""
"OA","Séries temporelles annuelles","558","Nicaragua","561","Population urbaine","3010","Population-Estimations","2023","2023","1000 No","3953.958","X","Chiffre de source externe",""
"OA","Séries temporelles annuelles","562","Niger","511","Population totale","3010","Population-Estimations","2023","2023","1000 No","26159.867","X","Chiffre de source externe",""
"OA","Séries temporelles annuelles","562","Niger","551","Population rurale","3010","Population-Estimations","2023","2023","1000 No","22372.019","X","Chiffre de source externe",""
"OA","Séries temporelles annuelles","562","Niger","561","Population urbaine","3010","Population-Estimations","2023","2023","1000 No","4599.736","X","Chiffre de source externe",""
"OA","Séries temporelles annuelles","566","Nigéria","511","Population totale","3010","Population-Estimations","2023","2023","1000 No","227882.945","X","Chiffre de source externe",""
"OA","Séries temporelles annuelles","566","Nigéria","551","Population rurale","3010","Population-Estimations","2023","2023","1000 No","101651.655","X","Chiffre de source externe",""
"OA","Séries temporelles annuelles","566","Nigéria","561","Population urbaine","3010","Population-Estimations","2023","2023","1000 No","120696.717","X","Chiffre de source externe",""
"OA","Séries temporelles annuelles","570","Nioué","511","Population totale","3010","Population-Estimations","2023","2023","1000 No","1.817","X","Chiffre de source externe",""
"OA","Séries temporelles annuelles","570","Nioué","551","Population rurale","3010","Population-Estimations","2023","2023","1000 No","0.846","X","Chiffre de source externe",""
"OA","Séries temporelles annuelles","570","Nioué","561","Population urbaine","3010","Population-Estimations","2023","2023","1000 No","0.789","X","Chiffre de source externe",""
"OA","Séries temporelles annuelles","578","Norvège","511","Population totale","3010","Population-Estimations","2023","2023","1000 No","5519.167","X","Chiffre de source externe",""
"OA","Séries temporelles annuelles","578","Norvège","551","Population rurale","3010","Population-Estimations","2023","2023","1000 No","896.844","X","Chiffre de source externe",""
"OA","Séries temporelles annuelles","578","Norvège","561","Population urbaine","3010","Population-Estimations","2023","2023","1000 No","4706.745","X","Chiffre de source externe",""
"OA","Séries temporelles annuelles","540","Nouvelle-Calédonie","511","Population totale","3010","Population-Estimations","2023","2023","1000 No","289.87","X","Chiffre de source externe",""
"OA","Séries temporelles annuelles","540","Nouvelle-Calédonie","551","Population rurale","3010","Population-Estimations","2023","2023","1000 No","81.136","X","Chiffre de source externe",""
"OA","Séries temporelles annuelles","540","Nouvelle-Calédonie","561","Population urbaine","3010","Population-Estimations","2023","2023","1000 No","216.273","X","Chiffre de source externe",""
"OA","Séries temporelles annuelles","554","Nouvelle-Zélande","511","Population totale","3010","Population-Estimations","2023","2023","1000 No","5172.836","X","Chiffre de source externe",""
"OA","Séries temporelles annuelles","554","Nouvelle-Zélande","551","Population rurale","3010","Population-Estimations","2023","2023","1000 No","644.943","X","Chiffre de source externe",""
"OA","Séries temporelles annuelles","554","Nouvelle-Zélande","561","Population urbaine","3010","Population-Estimations","2023","2023","1000 No","4310.389","X","Chiffre de source externe",""
"OA","Séries temporelles annuelles","512","Oman","511","Population totale","3010","Population-Estimations","2023","2023","1000 No","5049.269","X","Chiffre de source externe",""
"OA","Séries temporelles annuelles","512","Oman","551","Population rurale","3010","Population-Estimations","2023","2023","1000 No","630.996","X","Chiffre de source externe",""
"OA","Séries temporelles annuelles","512","Oman","561","Population urbaine","3010","Population-Estimations","2023","2023","1000 No","4808.591","X","Chiffre de source externe",""
"OA","Séries temporelles annuelles","800","Ouganda","511","Population totale","3010","Population-Estimations","2023","2023","1000 No","48656.601","X","Chiffre de source externe",""
"OA","Séries temporelles annuelles","800","Ouganda","551","Population rurale","3010","Population-Estimations","2023","2023","1000 No","37948.628","X","Chiffre de source externe",""
"OA","Séries temporelles annuelles","800","Ouganda","561","Population urbaine","3010","Population-Estimations","2023","2023","1000 No","13873.5","X","Chiffre de source externe",""
"OA","Séries temporelles annuelles","860","Ouzbékistan","511","Population totale","3010","Population-Estimations","2023","2023","1000 No","35652.307","X","Chiffre de source externe",""
"OA","Séries temporelles annuelles","860","Ouzbékistan","551","Population rurale","3010","Population-Estimations","2023","2023","1000 No","17030.764","X","Chiffre de source externe",""
"OA","Séries temporelles annuelles","860","Ouzbékistan","561","Population urbaine","3010","Population-Estimations","2023","2023","1000 No","17396.968","X","Chiffre de source externe",""
"OA","Séries temporelles annuelles","586","Pakistan","511","Population totale","3010","Population-Estimations","2023","2023","1000 No","247504.495","X","Chiffre de source externe",""
"OA","Séries temporelles annuelles","586","Pakistan","551","Population rurale","3010","Population-Estimations","2023","2023","1000 No","136008.8","X","Chiffre de source externe",""
"OA","Séries temporelles annuelles","586","Pakistan","561","Population urbaine","3010","Population-Estimations","2023","2023","1000 No","83500.516","X","Chiffre de source externe",""
"OA","Séries temporelles annuelles","585","Palaos","511","Population totale","3010","Population-Estimations","2023","2023","1000 No","17.727","X","Chiffre de source externe",""
"OA","Séries temporelles annuelles","585","Palaos","551","Population rurale","3010","Population-Estimations","2023","2023","1000 No","4.075","X","Chiffre de source externe",""
"OA","Séries temporelles annuelles","585","Palaos","561","Population urbaine","3010","Population-Estimations","2023","2023","1000 No","19.089","X","Chiffre de source externe",""
"OA","Séries temporelles annuelles","275","Palestine","511","Population totale","3010","Population-Estimations","2023","2023","1000 No","5409.202","X","Chiffre de source externe",""
"OA","Séries temporelles annuelles","275","Palestine","551","Population rurale","3010","Population-Estimations","2023","2023","1000 No","1286.621","X","Chiffre de source externe",""
"OA","Séries temporelles annuelles","275","Palestine","561","Population urbaine","3010","Population-Estimations","2023","2023","1000 No","4452.704","X","Chiffre de source externe",""
"OA","Séries temporelles annuelles","591","Panama","511","Population totale","3010","Population-Estimations","2023","2023","1000 No","4458.759","X","Chiffre de source externe",""
"OA","Séries temporelles annuelles","591","Panama","551","Population rurale","3010","Population-Estimations","2023","2023","1000 No","1364.427","X","Chiffre de source externe",""
"OA","Séries temporelles annuelles","591","Panama","561","Population urbaine","3010","Population-Estimations","2023","2023","1000 No","3110.929","X","Chiffre de source externe",""
"OA","Séries temporelles annuelles","598","Papouasie-Nouvelle-Guinée","511","Population totale","3010","Population-Estimations","2023","2023","1000 No","10389.635","X","Chiffre de source externe",""
"OA","Séries temporelles annuelles","598","Papouasie-Nouvelle-Guinée","551","Population rurale","3010","Population-Estimations","2023","2023","1000 No","7996.654","X","Chiffre de source externe",""
"OA","Séries temporelles annuelles","598","Papouasie-Nouvelle-Guinée","561","Population urbaine","3010","Population-Estimations","2023","2023","1000 No","1271.933","X","Chiffre de source externe",""
"OA","Séries temporelles annuelles","600","Paraguay","511","Population totale","3010","Population-Estimations","2023","2023","1000 No","6844.146","X","Chiffre de source externe",""
"OA","Séries temporelles annuelles","600","Paraguay","551","Population rurale","3010","Population-Estimations","2023","2023","1000 No","2695.221","X","Chiffre de source externe",""
"OA","Séries temporelles annuelles","600","Paraguay","561","Population urbaine","3010","Population-Estimations","2023","2023","1000 No","4618.686","X","Chiffre de source externe",""
"OA","Séries temporelles annuelles","528","Pays-Bas (Royaume des)","511","Population totale","3010","Population-Estimations","2023","2023","1000 No","18092.524","X","Chiffre de source externe",""
"OA","Séries temporelles annuelles","528","Pays-Bas (Royaume des)","551","Population rurale","3010","Population-Estimations","2023","2023","1000 No","1181.714","X","Chiffre de source externe",""
"OA","Séries temporelles annuelles","528","Pays-Bas (Royaume des)","561","Population urbaine","3010","Population-Estimations","2023","2023","1000 No","16143.184","X","Chiffre de source externe",""
"OA","Séries temporelles annuelles","604","Pérou","511","Population totale","3010","Population-Estimations","2023","2023","1000 No","33845.617","X","Chiffre de source externe",""
"OA","Séries temporelles annuelles","604","Pérou","551","Population rurale","3010","Population-Estimations","2023","2023","1000 No","7255.002","X","Chiffre de source externe",""
"OA","Séries temporelles annuelles","604","Pérou","561","Population urbaine","3010","Population-Estimations","2023","2023","1000 No","27163.976","X","Chiffre de source externe",""
"OA","Séries temporelles annuelles","608","Philippines","511","Population totale","3010","Population-Estimations","2023","2023","1000 No","114891.199","X","Chiffre de source externe",""
"OA","Séries temporelles annuelles","608","Philippines","551","Population rurale","3010","Population-Estimations","2023","2023","1000 No","59209.351","X","Chiffre de source externe",""
"OA","Séries temporelles annuelles","608","Philippines","561","Population urbaine","3010","Population-Estimations","2023","2023","1000 No","55287.662","X","Chiffre de source externe",""
"OA","Séries temporelles annuelles","616","Pologne","511","Population totale","3010","Population-Estimations","2023","2023","1000 No","38762.844","X","Chiffre de source externe",""
"OA","Séries temporelles annuelles","616","Pologne","551","Population rurale","3010","Population-Estimations","2023","2023","1000 No","14968.393","X","Chiffre de source externe",""
"OA","Séries temporelles annuelles","616","Pologne","561","Population urbaine","3010","Population-Estimations","2023","2023","1000 No","22658.118","X","Chiffre de source externe",""
"OA","Séries temporelles annuelles","258","Polynésie française","511","Population totale","3010","Population-Estimations","2023","2023","1000 No","281.118","X","Chiffre de source externe",""
"OA","Séries temporelles annuelles","258","Polynésie française","551","Population rurale","3010","Population-Estimations","2023","2023","1000 No","111.231","X","Chiffre de source externe",""
"OA","Séries temporelles annuelles","258","Polynésie française","561","Population urbaine","3010","Population-Estimations","2023","2023","1000 No","183.719","X","Chiffre de source externe",""
"OA","Séries temporelles annuelles","630","Porto Rico","511","Population totale","3010","Population-Estimations","2023","2023","1000 No","3242.023","X","Chiffre de source externe",""
"OA","Séries temporelles annuelles","630","Porto Rico","551","Population rurale","3010","Population-Estimations","2023","2023","1000 No","231.404","X","Chiffre de source externe",""
"OA","Séries temporelles annuelles","630","Porto Rico","561","Population urbaine","3010","Population-Estimations","2023","2023","1000 No","3403.344","X","Chiffre de source externe",""
"OA","Séries temporelles annuelles","620","Portugal","511","Population totale","3010","Population-Estimations","2023","2023","1000 No","10430.738","X","Chiffre de source externe",""
"OA","Séries temporelles annuelles","620","Portugal","551","Population rurale","3010","Population-Estimations","2023","2023","1000 No","3246.151","X","Chiffre de source externe",""
"OA","Séries temporelles annuelles","620","Portugal","561","Population urbaine","3010","Population-Estimations","2023","2023","1000 No","6868.313","X","Chiffre de source externe",""
"OA","Séries temporelles annuelles","634","Qatar","511","Population totale","3010","Population-Estimations","2023","2023","1000 No","2979.082","X","Chiffre de source externe",""
"OA","Séries temporelles annuelles","634","Qatar","551","Population rurale","3010","Population-Estimations","2023","2023","1000 No","18.979","X","Chiffre de source externe",""
"OA","Séries temporelles annuelles","634","Qatar","561","Population urbaine","3010","Population-Estimations","2023","2023","1000 No","2918.18","X","Chiffre de source externe",""
"OA","Séries temporelles annuelles","760","République arabe syrienne","511","Population totale","3010","Population-Estimations","2023","2023","1000 No","23594.623","X","Chiffre de source externe",""
"OA","Séries temporelles annuelles","760","République arabe syrienne","551","Population rurale","3010","Population-Estimations","2023","2023","1000 No","9146.49","X","Chiffre de source externe",""
"OA","Séries temporelles annuelles","760","République arabe syrienne","561","Population urbaine","3010","Population-Estimations","2023","2023","1000 No","12328.787","X","Chiffre de source externe",""
"OA","Séries temporelles annuelles","140","République centrafricaine","511","Population totale","3010","Population-Estimations","2023","2023","1000 No","5152.421","X","Chiffre de source externe",""
"OA","Séries temporelles annuelles","140","République centrafricaine","551","Population rurale","3010","Population-Estimations","2023","2023","1000 No","2958.891","X","Chiffre de source externe",""
"OA","Séries temporelles annuelles","140","République centrafricaine","561","Population urbaine","3010","Population-Estimations","2023","2023","1000 No","2288.695","X","Chiffre de source externe",""
"OA","Séries temporelles annuelles","410","République de Corée","511","Population totale","3010","Population-Estimations","2023","2023","1000 No","51748.739","X","Chiffre de source externe",""
"OA","Séries temporelles annuelles","410","République de Corée","551","Population rurale","3010","Population-Estimations","2023","2023","1000 No","9635.539","X","Chiffre de source externe",""
"OA","Séries temporelles annuelles","410","République de Corée","561","Population urbaine","3010","Population-Estimations","2023","2023","1000 No","42323.569","X","Chiffre de source externe",""
"OA","Séries temporelles annuelles","498","République de Moldova","511","Population totale","3010","Population-Estimations","2023","2023","1000 No","3067.07","X","Chiffre de source externe",""
"OA","Séries temporelles annuelles","498","République de Moldova","551","Population rurale","3010","Population-Estimations","2023","2023","1000 No","2251.551","X","Chiffre de source externe",""
"OA","Séries temporelles annuelles","498","République de Moldova","561","Population urbaine","3010","Population-Estimations","2023","2023","1000 No","1724.562","X","Chiffre de source externe",""
"OA","Séries temporelles annuelles","180","République démocratique du Congo","511","Population totale","3010","Population-Estimations","2023","2023","1000 No","105789.731","X","Chiffre de source externe",""
"OA","Séries temporelles annuelles","180","République démocratique du Congo","551","Population rurale","3010","Population-Estimations","2023","2023","1000 No","51589.277","X","Chiffre de source externe",""
"OA","Séries temporelles annuelles","180","République démocratique du Congo","561","Population urbaine","3010","Population-Estimations","2023","2023","1000 No","46571.127","X","Chiffre de source externe",""
"OA","Séries temporelles annuelles","418","République démocratique populaire lao","511","Population totale","3010","Population-Estimations","2023","2023","1000 No","7664.993","X","Chiffre de source externe",""
"OA","Séries temporelles annuelles","418","République démocratique populaire lao","551","Population rurale","3010","Population-Estimations","2023","2023","1000 No","4600.433","X","Chiffre de source externe",""
"OA","Séries temporelles annuelles","418","République démocratique populaire lao","561","Population urbaine","3010","Population-Estimations","2023","2023","1000 No","2849.332","X","Chiffre de source externe",""
"OA","Séries temporelles annuelles","214","République dominicaine","511","Population totale","3010","Population-Estimations","2023","2023","1000 No","11331.265","X","Chiffre de source externe",""
"OA","Séries temporelles annuelles","214","République dominicaine","551","Population rurale","3010","Population-Estimations","2023","2023","1000 No","1777.658","X","Chiffre de source externe",""
"OA","Séries temporelles annuelles","214","République dominicaine","561","Population urbaine","3010","Population-Estimations","2023","2023","1000 No","9651.617","X","Chiffre de source externe",""
"OA","Séries temporelles annuelles","408","République populaire démocratique de Corée","511","Population totale","3010","Population-Estimations","2023","2023","1000 No","26418.204","X","Chiffre de source externe",""
"OA","Séries temporelles annuelles","408","République populaire démocratique de Corée","551","Population rurale","3010","Population-Estimations","2023","2023","1000 No","9625.647","X","Chiffre de source externe",""
"OA","Séries temporelles annuelles","408","République populaire démocratique de Corée","561","Population urbaine","3010","Population-Estimations","2023","2023","1000 No","16533.344","X","Chiffre de source externe",""
"OA","Séries temporelles annuelles","834","République-Unie de Tanzanie","511","Population totale","3010","Population-Estimations","2023","2023","1000 No","66617.606","X","Chiffre de source externe",""
"OA","Séries temporelles annuelles","834","République-Unie de Tanzanie","551","Population rurale","3010","Population-Estimations","2023","2023","1000 No","42931.803","X","Chiffre de source externe",""
"OA","Séries temporelles annuelles","834","République-Unie de Tanzanie","561","Population urbaine","3010","Population-Estimations","2023","2023","1000 No","25659.393","X","Chiffre de source externe",""
"OA","Séries temporelles annuelles","638","Réunion","511","Population totale","3010","Population-Estimations","2023","2023","1000 No","874.883","X","Chiffre de source externe",""
"OA","Séries temporelles annuelles","638","Réunion","551","Population rurale","3010","Population-Estimations","2023","2023","1000 No","2.266","X","Chiffre de source externe",""
"OA","Séries temporelles annuelles","638","Réunion","561","Population urbaine","3010","Population-Estimations","2023","2023","1000 No","913.712","X","Chiffre de source externe",""
"OA","Séries temporelles annuelles","642","Roumanie","511","Population totale","3010","Population-Estimations","2023","2023","1000 No","19118.479","X","Chiffre de source externe",""
"OA","Séries temporelles annuelles","642","Roumanie","551","Population rurale","3010","Population-Estimations","2023","2023","1000 No","8662.243","X","Chiffre de source externe",""
"OA","Séries temporelles annuelles","642","Roumanie","561","Population urbaine","3010","Population-Estimations","2023","2023","1000 No","10448.074","X","Chiffre de source externe",""
"OA","Séries temporelles annuelles","826","Royaume-Uni de Grande-Bretagne et d'Irlande du Nord","511","Population totale","3010","Population-Estimations","2023","2023","1000 No","68682.962","X","Chiffre de source externe",""
"OA","Séries temporelles annuelles","826","Royaume-Uni de Grande-Bretagne et d'Irlande du Nord","551","Population rurale","3010","Population-Estimations","2023","2023","1000 No","10505.374","X","Chiffre de source externe",""
"OA","Séries temporelles annuelles","826","Royaume-Uni de Grande-Bretagne et d'Irlande du Nord","561","Population urbaine","3010","Population-Estimations","2023","2023","1000 No","57900.076","X","Chiffre de source externe",""
"OA","Séries temporelles annuelles","646","Rwanda","511","Population totale","3010","Population-Estimations","2023","2023","1000 No","13954.471","X","Chiffre de source externe",""
"OA","Séries temporelles annuelles","646","Rwanda","551","Population rurale","3010","Population-Estimations","2023","2023","1000 No","11462.678","X","Chiffre de source externe",""
"OA","Séries temporelles annuelles","646","Rwanda","561","Population urbaine","3010","Population-Estimations","2023","2023","1000 No","2497.854","X","Chiffre de source externe",""
"OA","Séries temporelles annuelles","732","Sahara occidental","511","Population totale","3010","Population-Estimations","2023","2023","1000 No","579.729","X","Chiffre de source externe",""
"OA","Séries temporelles annuelles","732","Sahara occidental","551","Population rurale","3010","Population-Estimations","2023","2023","1000 No","82.697","X","Chiffre de source externe",""
"OA","Séries temporelles annuelles","732","Sahara occidental","561","Population urbaine","3010","Population-Estimations","2023","2023","1000 No","557.431","X","Chiffre de source externe",""
"OA","Séries temporelles annuelles","652","Saint-Barthélemy","511","Population totale","3010","Population-Estimations","2023","2023","1000 No","11.085","X","Chiffre de source externe",""
"OA","Séries temporelles annuelles","662","Sainte-Lucie","511","Population totale","3010","Population-Estimations","2023","2023","1000 No","179.285","X","Chiffre de source externe",""
"OA","Séries temporelles annuelles","662","Sainte-Lucie","551","Population rurale","3010","Population-Estimations","2023","2023","1000 No","148.067","X","Chiffre de source externe",""
"OA","Séries temporelles annuelles","662","Sainte-Lucie","561","Population urbaine","3010","Population-Estimations","2023","2023","1000 No","35.121","X","Chiffre de source externe",""
"OA","Séries temporelles annuelles","659","Saint-Kitts-et-Nevis","511","Population totale","3010","Population-Estimations","2023","2023","1000 No","46.758","X","Chiffre de source externe",""
"OA","Séries temporelles annuelles","659","Saint-Kitts-et-Nevis","551","Population rurale","3010","Population-Estimations","2023","2023","1000 No","40.05","X","Chiffre de source externe",""
"OA","Séries temporelles annuelles","659","Saint-Kitts-et-Nevis","561","Population urbaine","3010","Population-Estimations","2023","2023","1000 No","18.074","X","Chiffre de source externe",""
"OA","Séries temporelles annuelles","674","Saint-Marin","511","Population totale","3010","Population-Estimations","2023","2023","1000 No","33.733","X","Chiffre de source externe",""
"OA","Séries temporelles annuelles","674","Saint-Marin","551","Population rurale","3010","Population-Estimations","2023","2023","1000 No","0.739","X","Chiffre de source externe",""
"OA","Séries temporelles annuelles","674","Saint-Marin","561","Population urbaine","3010","Population-Estimations","2023","2023","1000 No","33.399","X","Chiffre de source externe",""
"OA","Séries temporelles annuelles","663","Saint-Martin (partie française)","511","Population totale","3010","Population-Estimations","2023","2023","1000 No","27.515","X","Chiffre de source externe",""
"OA","Séries temporelles annuelles","666","Saint-Pierre-et-Miquelon","511","Population totale","3010","Population-Estimations","2023","2023","1000 No","5.681","X","Chiffre de source externe",""
"OA","Séries temporelles annuelles","666","Saint-Pierre-et-Miquelon","551","Population rurale","3010","Population-Estimations","2023","2023","1000 No","0.644","X","Chiffre de source externe",""
"OA","Séries temporelles annuelles","666","Saint-Pierre-et-Miquelon","561","Population urbaine","3010","Population-Estimations","2023","2023","1000 No","5.909","X","Chiffre de source externe",""
"OA","Séries temporelles annuelles","336","Saint-Siège","551","Population rurale","3010","Population-Estimations","2023","2023","1000 No","0","X","Chiffre de source externe",""
"OA","Séries temporelles annuelles","336","Saint-Siège","561","Population urbaine","3010","Population-Estimations","2023","2023","1000 No","0.799","X","Chiffre de source externe",""
"OA","Séries temporelles annuelles","670","Saint-Vincent-et-les Grenadines","511","Population totale","3010","Population-Estimations","2023","2023","1000 No","101.323","X","Chiffre de source externe",""
"OA","Séries temporelles annuelles","670","Saint-Vincent-et-les Grenadines","551","Population rurale","3010","Population-Estimations","2023","2023","1000 No","50.887","X","Chiffre de source externe",""
"OA","Séries temporelles annuelles","670","Saint-Vincent-et-les Grenadines","561","Population urbaine","3010","Population-Estimations","2023","2023","1000 No","60.461","X","Chiffre de source externe",""
"OA","Séries temporelles annuelles","882","Samoa","511","Population totale","3010","Population-Estimations","2023","2023","1000 No","216.663","X","Chiffre de source externe",""
"OA","Séries temporelles annuelles","882","Samoa","551","Population rurale","3010","Population-Estimations","2023","2023","1000 No","168.037","X","Chiffre de source externe",""
"OA","Séries temporelles annuelles","882","Samoa","561","Population urbaine","3010","Population-Estimations","2023","2023","1000 No","35.665","X","Chiffre de source externe",""
"OA","Séries temporelles annuelles","016","Samoa américaines","511","Population totale","3010","Population-Estimations","2023","2023","1000 No","47.521","X","Chiffre de source externe",""
"OA","Séries temporelles annuelles","016","Samoa américaines","551","Population rurale","3010","Population-Estimations","2023","2023","1000 No","7.165","X","Chiffre de source externe",""
"OA","Séries temporelles annuelles","016","Samoa américaines","561","Population urbaine","3010","Population-Estimations","2023","2023","1000 No","48.967","X","Chiffre de source externe",""
"OA","Séries temporelles annuelles","678","Sao Tomé-et-Principe","511","Population totale","3010","Population-Estimations","2023","2023","1000 No","230.871","X","Chiffre de source externe",""
"OA","Séries temporelles annuelles","678","Sao Tomé-et-Principe","551","Population rurale","3010","Population-Estimations","2023","2023","1000 No","54.83","X","Chiffre de source externe",""
"OA","Séries temporelles annuelles","678","Sao Tomé-et-Principe","561","Population urbaine","3010","Population-Estimations","2023","2023","1000 No","177.512","X","Chiffre de source externe",""
"OA","Séries temporelles annuelles","686","Sénégal","511","Population totale","3010","Population-Estimations","2023","2023","1000 No","18077.573","X","Chiffre de source externe",""
"OA","Séries temporelles annuelles","686","Sénégal","551","Population rurale","3010","Population-Estimations","2023","2023","1000 No","9381.797","X","Chiffre de source externe",""
"OA","Séries temporelles annuelles","686","Sénégal","561","Population urbaine","3010","Population-Estimations","2023","2023","1000 No","9225.165","X","Chiffre de source externe",""
"OA","Séries temporelles annuelles","688","Serbie","511","Population totale","3010","Population-Estimations","2023","2023","1000 No","6773.201","X","Chiffre de source externe",""
"OA","Séries temporelles annuelles","688","Serbie","551","Population rurale","3010","Population-Estimations","2023","2023","1000 No","3692.157","X","Chiffre de source externe",""
"OA","Séries temporelles annuelles","688","Serbie","561","Population urbaine","3010","Population-Estimations","2023","2023","1000 No","4916.95","X","Chiffre de source externe",""
"OA","Séries temporelles annuelles","690","Seychelles","511","Population totale","3010","Population-Estimations","2023","2023","1000 No","127.951","X","Chiffre de source externe",""
"OA","Séries temporelles annuelles","690","Seychelles","551","Population rurale","3010","Population-Estimations","2023","2023","1000 No","39.949","X","Chiffre de source externe",""
"OA","Séries temporelles annuelles","690","Seychelles","561","Population urbaine","3010","Population-Estimations","2023","2023","1000 No","57.062","X","Chiffre de source externe",""
"OA","Séries temporelles annuelles","694","Sierra Leone","511","Population totale","3010","Population-Estimations","2023","2023","1000 No","8460.512","X","Chiffre de source externe",""
"OA","Séries temporelles annuelles","694","Sierra Leone","551","Population rurale","3010","Population-Estimations","2023","2023","1000 No","4757.257","X","Chiffre de source externe",""
"OA","Séries temporelles annuelles","694","Sierra Leone","561","Population urbaine","3010","Population-Estimations","2023","2023","1000 No","3783.663","X","Chiffre de source externe",""
"OA","Séries temporelles annuelles","702","Singapour","511","Population totale","3010","Population-Estimations","2023","2023","1000 No","5789.09","X","Chiffre de source externe",""
"OA","Séries temporelles annuelles","702","Singapour","551","Population rurale","3010","Population-Estimations","2023","2023","1000 No","0","X","Chiffre de source externe",""
"OA","Séries temporelles annuelles","702","Singapour","561","Population urbaine","3010","Population-Estimations","2023","2023","1000 No","6080.859","X","Chiffre de source externe",""
"OA","Séries temporelles annuelles","534","Sint Maarten (partie néerlandaise)","511","Population totale","3010","Population-Estimations","2023","2023","1000 No","42.749","X","Chiffre de source externe",""
"OA","Séries temporelles annuelles","534","Sint Maarten (partie néerlandaise)","551","Population rurale","3010","Population-Estimations","2023","2023","1000 No","0","X","Chiffre de source externe",""
"OA","Séries temporelles annuelles","534","Sint Maarten (partie néerlandaise)","561","Population urbaine","3010","Population-Estimations","2023","2023","1000 No","42.839","X","Chiffre de source externe",""
"OA","Séries temporelles annuelles","703","Slovaquie","511","Population totale","3010","Population-Estimations","2023","2023","1000 No","5518.055","X","Chiffre de source externe",""
"OA","Séries temporelles annuelles","703","Slovaquie","551","Population rurale","3010","Population-Estimations","2023","2023","1000 No","2504.24","X","Chiffre de source externe",""
"OA","Séries temporelles annuelles","703","Slovaquie","561","Population urbaine","3010","Population-Estimations","2023","2023","1000 No","2942.912","X","Chiffre de source externe",""
"OA","Séries temporelles annuelles","705","Slovénie","511","Population totale","3010","Population-Estimations","2023","2023","1000 No","2118.396","X","Chiffre de source externe",""
"OA","Séries temporelles annuelles","705","Slovénie","551","Population rurale","3010","Population-Estimations","2023","2023","1000 No","913.322","X","Chiffre de source externe",""
"OA","Séries temporelles annuelles","705","Slovénie","561","Population urbaine","3010","Population-Estimations","2023","2023","1000 No","1166.548","X","Chiffre de source externe",""
"OA","Séries temporelles annuelles","706","Somalie","511","Population totale","3010","Population-Estimations","2023","2023","1000 No","18358.615","X","Chiffre de source externe",""
"OA","Séries temporelles annuelles","706","Somalie","551","Population rurale","3010","Population-Estimations","2023","2023","1000 No","9166.777","X","Chiffre de source externe",""
"OA","Séries temporelles annuelles","706","Somalie","561","Population urbaine","3010","Population-Estimations","2023","2023","1000 No","8434.61","X","Chiffre de source externe",""
"OA","Séries temporelles annuelles","729","Soudan","511","Population totale","3010","Population-Estimations","2023","2023","1000 No","50042.791","X","Chiffre de source externe",""
"OA","Séries temporelles annuelles","729","Soudan","551","Population rurale","3010","Population-Estimations","2023","2023","1000 No","29766.862","X","Chiffre de source externe",""
"OA","Séries temporelles annuelles","729","Soudan","561","Population urbaine","3010","Population-Estimations","2023","2023","1000 No","16993.683","X","Chiffre de source externe",""
"OA","Séries temporelles annuelles","728","Soudan du Sud","511","Population totale","3010","Population-Estimations","2023","2023","1000 No","11483.374","X","Chiffre de source externe",""
"OA","Séries temporelles annuelles","728","Soudan du Sud","551","Population rurale","3010","Population-Estimations","2023","2023","1000 No","11562.285","X","Chiffre de source externe",""
"OA","Séries temporelles annuelles","728","Soudan du Sud","561","Population urbaine","3010","Population-Estimations","2023","2023","1000 No","3109.689","X","Chiffre de source externe",""
"OA","Séries temporelles annuelles","144","Sri Lanka","511","Population totale","3010","Population-Estimations","2023","2023","1000 No","22971.617","X","Chiffre de source externe",""
"OA","Séries temporelles annuelles","144","Sri Lanka","551","Population rurale","3010","Population-Estimations","2023","2023","1000 No","17174.747","X","Chiffre de source externe",""
"OA","Séries temporelles annuelles","144","Sri Lanka","561","Population urbaine","3010","Population-Estimations","2023","2023","1000 No","4083.985","X","Chiffre de source externe",""
"OA","Séries temporelles annuelles","752","Suède","511","Population totale","3010","Population-Estimations","2023","2023","1000 No","10551.494","X","Chiffre de source externe",""
"OA","Séries temporelles annuelles","752","Suède","551","Population rurale","3010","Population-Estimations","2023","2023","1000 No","1161.707","X","Chiffre de source externe",""
"OA","Séries temporelles annuelles","752","Suède","561","Population urbaine","3010","Population-Estimations","2023","2023","1000 No","9153.118","X","Chiffre de source externe",""
"OA","Séries temporelles annuelles","756","Suisse","511","Population totale","3010","Population-Estimations","2023","2023","1000 No","8870.561","X","Chiffre de source externe",""
"OA","Séries temporelles annuelles","756","Suisse","551","Population rurale","3010","Population-Estimations","2023","2023","1000 No","2282.091","X","Chiffre de source externe",""
"OA","Séries temporelles annuelles","756","Suisse","561","Population urbaine","3010","Population-Estimations","2023","2023","1000 No","6563.981","X","Chiffre de source externe",""
"OA","Séries temporelles annuelles","740","Suriname","511","Population totale","3010","Population-Estimations","2023","2023","1000 No","628.886","X","Chiffre de source externe",""
"OA","Séries temporelles annuelles","740","Suriname","551","Population rurale","3010","Population-Estimations","2023","2023","1000 No","198.501","X","Chiffre de source externe",""
"OA","Séries temporelles annuelles","740","Suriname","561","Population urbaine","3010","Population-Estimations","2023","2023","1000 No","392.476","X","Chiffre de source externe",""
"OA","Séries temporelles annuelles","762","Tadjikistan","511","Population totale","3010","Population-Estimations","2023","2023","1000 No","10389.799","X","Chiffre de source externe",""
"OA","Séries temporelles annuelles","762","Tadjikistan","551","Population rurale","3010","Population-Estimations","2023","2023","1000 No","7186.008","X","Chiffre de source externe",""
"OA","Séries temporelles annuelles","762","Tadjikistan","561","Population urbaine","3010","Population-Estimations","2023","2023","1000 No","2827.094","X","Chiffre de source externe",""
"OA","Séries temporelles annuelles","148","Tchad","511","Population totale","3010","Population-Estimations","2023","2023","1000 No","19319.064","X","Chiffre de source externe",""
"OA","Séries temporelles annuelles","148","Tchad","551","Population rurale","3010","Population-Estimations","2023","2023","1000 No","13428.194","X","Chiffre de source externe",""
"OA","Séries temporelles annuelles","148","Tchad","561","Population urbaine","3010","Population-Estimations","2023","2023","1000 No","4326.026","X","Chiffre de source externe",""
"OA","Séries temporelles annuelles","203","Tchéquie","511","Population totale","3010","Population-Estimations","2023","2023","1000 No","10809.716","X","Chiffre de source externe",""
"OA","Séries temporelles annuelles","203","Tchéquie","551","Population rurale","3010","Population-Estimations","2023","2023","1000 No","2704.725","X","Chiffre de source externe",""
"OA","Séries temporelles annuelles","203","Tchéquie","561","Population urbaine","3010","Population-Estimations","2023","2023","1000 No","7923.744","X","Chiffre de source externe",""
"OA","Séries temporelles annuelles","764","Thaïlande","511","Population totale","3010","Population-Estimations","2023","2023","1000 No","71702.435","X","Chiffre de source externe",""
"OA","Séries temporelles annuelles","764","Thaïlande","551","Population rurale","3010","Population-Estimations","2023","2023","1000 No","32298.676","X","Chiffre de source externe",""
"OA","Séries temporelles annuelles","764","Thaïlande","561","Population urbaine","3010","Population-Estimations","2023","2023","1000 No","37322.064","X","Chiffre de source externe",""
"OA","Séries temporelles annuelles","626","Timor-Leste","511","Population totale","3010","Population-Estimations","2023","2023","1000 No","1384.286","X","Chiffre de source externe",""
"OA","Séries temporelles annuelles","626","Timor-Leste","551","Population rurale","3010","Population-Estimations","2023","2023","1000 No","994.664","X","Chiffre de source externe",""
"OA","Séries temporelles annuelles","626","Timor-Leste","561","Population urbaine","3010","Population-Estimations","2023","2023","1000 No","477.963","X","Chiffre de source externe",""
"OA","Séries temporelles annuelles","768","Togo","511","Population totale","3010","Population-Estimations","2023","2023","1000 No","8223.85","X","Chiffre de source externe",""
"OA","Séries temporelles annuelles","768","Togo","551","Population rurale","3010","Population-Estimations","2023","2023","1000 No","4991.79","X","Chiffre de source externe",""
"OA","Séries temporelles annuelles","768","Togo","561","Population urbaine","3010","Population-Estimations","2023","2023","1000 No","4000.785","X","Chiffre de source externe",""
"OA","Séries temporelles annuelles","772","Tokélaou","511","Population totale","3010","Population-Estimations","2023","2023","1000 No","2.397","X","Chiffre de source externe",""
"OA","Séries temporelles annuelles","772","Tokélaou","551","Population rurale","3010","Population-Estimations","2023","2023","1000 No","1.384","X","Chiffre de source externe",""
"OA","Séries temporelles annuelles","772","Tokélaou","561","Population urbaine","3010","Population-Estimations","2023","2023","1000 No","0","X","Chiffre de source externe",""
"OA","Séries temporelles annuelles","776","Tonga","511","Population totale","3010","Population-Estimations","2023","2023","1000 No","104.597","X","Chiffre de source externe",""
"OA","Séries temporelles annuelles","776","Tonga","551","Population rurale","3010","Population-Estimations","2023","2023","1000 No","87.495","X","Chiffre de source externe",""
"OA","Séries temporelles annuelles","776","Tonga","561","Population urbaine","3010","Population-Estimations","2023","2023","1000 No","26.372","X","Chiffre de source externe",""
"OA","Séries temporelles annuelles","780","Trinité-et-Tobago","511","Population totale","3010","Population-Estimations","2023","2023","1000 No","1502.932","X","Chiffre de source externe",""
"OA","Séries temporelles annuelles","780","Trinité-et-Tobago","551","Population rurale","3010","Population-Estimations","2023","2023","1000 No","643.044","X","Chiffre de source externe",""
"OA","Séries temporelles annuelles","780","Trinité-et-Tobago","561","Population urbaine","3010","Population-Estimations","2023","2023","1000 No","738.037","X","Chiffre de source externe",""
"OA","Séries temporelles annuelles","788","Tunisie","511","Population totale","3010","Population-Estimations","2023","2023","1000 No","12200.431","X","Chiffre de source externe",""
"OA","Séries temporelles annuelles","788","Tunisie","551","Population rurale","3010","Population-Estimations","2023","2023","1000 No","3603.811","X","Chiffre de source externe",""
"OA","Séries temporelles annuelles","788","Tunisie","561","Population urbaine","3010","Population-Estimations","2023","2023","1000 No","8630.933","X","Chiffre de source externe",""
"OA","Séries temporelles annuelles","792","Türkiye","511","Population totale","3010","Population-Estimations","2023","2023","1000 No","87270.501","X","Chiffre de source externe",""
"OA","Séries temporelles annuelles","792","Türkiye","551","Population rurale","3010","Population-Estimations","2023","2023","1000 No","19247.459","X","Chiffre de source externe",""
"OA","Séries temporelles annuelles","792","Türkiye","561","Population urbaine","3010","Population-Estimations","2023","2023","1000 No","66156.581","X","Chiffre de source externe",""
"OA","Séries temporelles annuelles","795","Turkménistan","511","Population totale","3010","Population-Estimations","2023","2023","1000 No","7364.438","X","Chiffre de source externe",""
"OA","Séries temporelles annuelles","795","Turkménistan","551","Population rurale","3010","Population-Estimations","2023","2023","1000 No","2888.35","X","Chiffre de source externe",""
"OA","Séries temporelles annuelles","795","Turkménistan","561","Population urbaine","3010","Population-Estimations","2023","2023","1000 No","3391.065","X","Chiffre de source externe",""
"OA","Séries temporelles annuelles","798","Tuvalu","511","Population totale","3010","Population-Estimations","2023","2023","1000 No","9.816","X","Chiffre de source externe",""
"OA","Séries temporelles annuelles","798","Tuvalu","551","Population rurale","3010","Population-Estimations","2023","2023","1000 No","3.998","X","Chiffre de source externe",""
"OA","Séries temporelles annuelles","798","Tuvalu","561","Population urbaine","3010","Population-Estimations","2023","2023","1000 No","7.844","X","Chiffre de source externe",""
"OA","Séries temporelles annuelles","804","Ukraine","511","Population totale","3010","Population-Estimations","2023","2023","1000 No","37732.836","X","Chiffre de source externe",""
"OA","Séries temporelles annuelles","804","Ukraine","551","Population rurale","3010","Population-Estimations","2023","2023","1000 No","12834.111","X","Chiffre de source externe",""
"OA","Séries temporelles annuelles","804","Ukraine","561","Population urbaine","3010","Population-Estimations","2023","2023","1000 No","30082.22","X","Chiffre de source externe",""
"OA","Séries temporelles annuelles","858","Uruguay","511","Population totale","3010","Population-Estimations","2023","2023","1000 No","3388.081","X","Chiffre de source externe",""
"OA","Séries temporelles annuelles","858","Uruguay","551","Population rurale","3010","Population-Estimations","2023","2023","1000 No","149.219","X","Chiffre de source externe",""
"OA","Séries temporelles annuelles","858","Uruguay","561","Population urbaine","3010","Population-Estimations","2023","2023","1000 No","3379.055","X","Chiffre de source externe",""
"OA","Séries temporelles annuelles","548","Vanuatu","511","Population totale","3010","Population-Estimations","2023","2023","1000 No","320.409","X","Chiffre de source externe",""
"OA","Séries temporelles annuelles","548","Vanuatu","551","Population rurale","3010","Population-Estimations","2023","2023","1000 No","230.796","X","Chiffre de source externe",""
"OA","Séries temporelles annuelles","548","Vanuatu","561","Population urbaine","3010","Population-Estimations","2023","2023","1000 No","80.991","X","Chiffre de source externe",""
"OA","Séries temporelles annuelles","862","Venezuela (République bolivarienne du)","511","Population totale","3010","Population-Estimations","2023","2023","1000 No","28300.854","X","Chiffre de source externe",""
"OA","Séries temporelles annuelles","862","Venezuela (République bolivarienne du)","551","Population rurale","3010","Population-Estimations","2023","2023","1000 No","3967.04","X","Chiffre de source externe",""
"OA","Séries temporelles annuelles","862","Venezuela (République bolivarienne du)","561","Population urbaine","3010","Population-Estimations","2023","2023","1000 No","30344.427","X","Chiffre de source externe",""
"OA","Séries temporelles annuelles","704","Viet Nam","511","Population totale","3010","Population-Estimations","2023","2023","1000 No","100352.192","X","Chiffre de source externe",""
"OA","Séries temporelles annuelles","704","Viet Nam","551","Population rurale","3010","Population-Estimations","2023","2023","1000 No","61175.828","X","Chiffre de source externe",""
"OA","Séries temporelles annuelles","704","Viet Nam","561","Population urbaine","3010","Population-Estimations","2023","2023","1000 No","39908.501","X","Chiffre de source externe",""
"OA","Séries temporelles annuelles","887","Yémen","511","Population totale","3010","Population-Estimations","2023","2023","1000 No","39390.799","X","Chiffre de source externe",""
"OA","Séries temporelles annuelles","887","Yémen","551","Population rurale","3010","Population-Estimations","2023","2023","1000 No","19397.776","X","Chiffre de source externe",""
"OA","Séries temporelles annuelles","887","Yémen","561","Population urbaine","3010","Population-Estimations","2023","2023","1000 No","12841.267","X","Chiffre de source externe",""
"OA","Séries temporelles annuelles","894","Zambie","511","Population totale","3010","Population-Estimations","2023","2023","1000 No","20723.965","X","Chiffre de source externe",""
"OA","Séries temporelles annuelles","894","Zambie","551","Population rurale","3010","Population-Estimations","2023","2023","1000 No","10940.237","X","Chiffre de source externe",""
"OA","Séries temporelles annuelles","894","Zambie","561","Population urbaine","3010","Population-Estimations","2023","2023","1000 No","9445.888","X","Chiffre de source externe",""
"OA","Séries temporelles annuelles","716","Zimbabwe","511","Population totale","3010","Population-Estimations","2023","2023","1000 No","16340.822","X","Chiffre de source externe",""
"OA","Séries temporelles annuelles","716","Zimbabwe","551","Population rurale","3010","Population-Estimations","2023","2023","1000 No","12695.58","X","Chiffre de source externe",""
"OA","Séries temporelles annuelles","716","Zimbabwe","561","Population urbaine","3010","Population-Estimations","2023","2023","1000 No","6117.511","X","Chiffre de source externe",""
